ISO-10303-21;
HEADER;
/* Generated by software containing ST-Developer
 * from STEP Tools, Inc. (www.steptools.com) 
 */

FILE_DESCRIPTION(
/* description */ (''),
/* implementation_level */ '2;1');

FILE_NAME(
/* name */ 'MainBody_thin.stp',
/* time_stamp */ '2026-05-11T13:38:48+02:00',
/* author */ ('25adoh'),
/* organization */ (''),
/* preprocessor_version */ 'ST-DEVELOPER v20.1',
/* originating_system */ 'Autodesk Inventor 2026',
/* authorisation */ '');

FILE_SCHEMA (('AUTOMOTIVE_DESIGN { 1 0 10303 214 3 1 1 }'));
ENDSEC;

DATA;
#10=MECHANICAL_DESIGN_GEOMETRIC_PRESENTATION_REPRESENTATION('',(#173,#174,
#175,#176,#177,#178,#179,#180,#181,#182,#183,#184,#185,#186,#187,#188,#189,
#190,#191,#192,#193,#194,#195,#196,#197,#198,#199,#200,#201,#202,#203,#204,
#205,#206,#207,#208,#209,#210,#211,#212,#213,#214,#215,#216,#217,#218,#219,
#220,#221,#222,#223,#224,#225,#226,#227,#228,#229,#230,#231,#232,#233,#234,
#235,#236,#237,#238,#239,#240,#241,#242,#243,#244,#245,#246,#247,#248,#249,
#250,#251,#252,#253,#254,#255,#256,#257,#258),#5047);
#11=GEOMETRICALLY_BOUNDED_WIREFRAME_SHAPE_REPRESENTATION('',(#12),#5046);
#12=GEOMETRIC_CURVE_SET('Sketch1',(#16,#17,#18,#19,#20,#21,#22,#23,#24,
#25,#26,#27,#28,#29,#30,#31,#32,#33,#34,#35,#36,#37,#38,#39,#40,#41,#42,
#43,#44,#45,#46,#47,#48,#49,#50,#51,#52,#53,#54,#55,#56,#57,#58,#59,#60,
#61,#62,#63,#64,#65,#66,#67,#68,#69,#70,#71,#72,#73,#74,#75,#76,#77,#78,
#79,#80,#81,#82,#83,#84,#85,#86,#87,#88,#89,#90,#91,#92,#93,#94,#95,#96,
#97,#98,#99,#100,#101,#102,#103,#104,#105,#106,#107,#108,#109,#110,#111,
#112,#113,#114,#115,#116,#117,#118,#119,#120,#121,#122,#123,#124,#125,#126,
#127,#128,#129,#130,#131,#132,#133,#134,#135,#136,#137,#138,#139,#140,#141,
#142,#1364,#1365,#1366,#1367,#143,#144,#145,#146,#1368,#147,#1369,#148,
#149,#1370,#150,#151,#152,#153,#1371,#154,#155,#1372,#156,#157,#1373,#158,
#159,#1374,#160,#161,#1375,#162,#163,#164,#165,#166,#167,#168,#169,#170,
#171,#172,#5022,#5023,#5024,#5025,#5026,#5027,#5028,#5029,#5030,#5031,#5032,
#5033,#5034,#5035,#5036,#5037,#5038,#5039,#5040,#5041,#5042,#5043));
#13=SHAPE_REPRESENTATION_RELATIONSHIP('SRR','None',#5054,#15);
#14=SHAPE_REPRESENTATION_RELATIONSHIP('SRR','None',#5054,#11);
#15=ADVANCED_BREP_SHAPE_REPRESENTATION('',(#259),#5046);
#16=POLYLINE('',(#4696,#4697));
#17=POLYLINE('',(#4698,#4699));
#18=POLYLINE('',(#4700,#4701));
#19=POLYLINE('',(#4702,#4703));
#20=POLYLINE('',(#4704,#4705));
#21=POLYLINE('',(#4706,#4707));
#22=POLYLINE('',(#4708,#4709));
#23=POLYLINE('',(#4710,#4711));
#24=POLYLINE('',(#4712,#4713));
#25=POLYLINE('',(#4714,#4715));
#26=POLYLINE('',(#4716,#4717));
#27=POLYLINE('',(#4718,#4719));
#28=POLYLINE('',(#4720,#4721));
#29=POLYLINE('',(#4722,#4723));
#30=POLYLINE('',(#4724,#4725));
#31=POLYLINE('',(#4726,#4727));
#32=POLYLINE('',(#4728,#4729));
#33=POLYLINE('',(#4730,#4731));
#34=POLYLINE('',(#4732,#4733));
#35=POLYLINE('',(#4734,#4735));
#36=POLYLINE('',(#4736,#4737));
#37=POLYLINE('',(#4738,#4739));
#38=POLYLINE('',(#4740,#4741));
#39=POLYLINE('',(#4742,#4743));
#40=POLYLINE('',(#4744,#4745));
#41=POLYLINE('',(#4746,#4747));
#42=POLYLINE('',(#4748,#4749));
#43=POLYLINE('',(#4750,#4751));
#44=POLYLINE('',(#4752,#4753));
#45=POLYLINE('',(#4754,#4755));
#46=POLYLINE('',(#4756,#4757));
#47=POLYLINE('',(#4758,#4759));
#48=POLYLINE('',(#4760,#4761));
#49=POLYLINE('',(#4762,#4763));
#50=POLYLINE('',(#4764,#4765));
#51=POLYLINE('',(#4766,#4767));
#52=POLYLINE('',(#4768,#4769));
#53=POLYLINE('',(#4770,#4771));
#54=POLYLINE('',(#4772,#4773));
#55=POLYLINE('',(#4774,#4775));
#56=POLYLINE('',(#4776,#4777));
#57=POLYLINE('',(#4778,#4779));
#58=POLYLINE('',(#4780,#4781));
#59=POLYLINE('',(#4782,#4783));
#60=POLYLINE('',(#4784,#4785));
#61=POLYLINE('',(#4786,#4787));
#62=POLYLINE('',(#4788,#4789));
#63=POLYLINE('',(#4790,#4791));
#64=POLYLINE('',(#4792,#4793));
#65=POLYLINE('',(#4794,#4795));
#66=POLYLINE('',(#4796,#4797));
#67=POLYLINE('',(#4798,#4799));
#68=POLYLINE('',(#4800,#4801));
#69=POLYLINE('',(#4802,#4803));
#70=POLYLINE('',(#4804,#4805));
#71=POLYLINE('',(#4806,#4807));
#72=POLYLINE('',(#4808,#4809));
#73=POLYLINE('',(#4810,#4811));
#74=POLYLINE('',(#4812,#4813));
#75=POLYLINE('',(#4814,#4815));
#76=POLYLINE('',(#4816,#4817));
#77=POLYLINE('',(#4818,#4819));
#78=POLYLINE('',(#4820,#4821));
#79=POLYLINE('',(#4822,#4823));
#80=POLYLINE('',(#4824,#4825));
#81=POLYLINE('',(#4826,#4827));
#82=POLYLINE('',(#4828,#4829));
#83=POLYLINE('',(#4830,#4831));
#84=POLYLINE('',(#4832,#4833));
#85=POLYLINE('',(#4834,#4835));
#86=POLYLINE('',(#4836,#4837));
#87=POLYLINE('',(#4838,#4839));
#88=POLYLINE('',(#4840,#4841));
#89=POLYLINE('',(#4842,#4843));
#90=POLYLINE('',(#4844,#4845));
#91=POLYLINE('',(#4846,#4847));
#92=POLYLINE('',(#4848,#4849));
#93=POLYLINE('',(#4850,#4851));
#94=POLYLINE('',(#4852,#4853));
#95=POLYLINE('',(#4854,#4855));
#96=POLYLINE('',(#4856,#4857));
#97=POLYLINE('',(#4858,#4859));
#98=POLYLINE('',(#4860,#4861));
#99=POLYLINE('',(#4862,#4863));
#100=POLYLINE('',(#4864,#4865));
#101=POLYLINE('',(#4866,#4867));
#102=POLYLINE('',(#4868,#4869));
#103=POLYLINE('',(#4870,#4871));
#104=POLYLINE('',(#4872,#4873));
#105=POLYLINE('',(#4874,#4875));
#106=POLYLINE('',(#4876,#4877));
#107=POLYLINE('',(#4878,#4879));
#108=POLYLINE('',(#4880,#4881));
#109=POLYLINE('',(#4882,#4883));
#110=POLYLINE('',(#4884,#4885));
#111=POLYLINE('',(#4886,#4887));
#112=POLYLINE('',(#4888,#4889));
#113=POLYLINE('',(#4890,#4891));
#114=POLYLINE('',(#4892,#4893));
#115=POLYLINE('',(#4894,#4895));
#116=POLYLINE('',(#4896,#4897));
#117=POLYLINE('',(#4898,#4899));
#118=POLYLINE('',(#4900,#4901));
#119=POLYLINE('',(#4902,#4903));
#120=POLYLINE('',(#4904,#4905));
#121=POLYLINE('',(#4906,#4907));
#122=POLYLINE('',(#4908,#4909));
#123=POLYLINE('',(#4910,#4911));
#124=POLYLINE('',(#4912,#4913));
#125=POLYLINE('',(#4914,#4915));
#126=POLYLINE('',(#4916,#4917));
#127=POLYLINE('',(#4918,#4919));
#128=POLYLINE('',(#4920,#4921));
#129=POLYLINE('',(#4922,#4923));
#130=POLYLINE('',(#4924,#4925));
#131=POLYLINE('',(#4926,#4927));
#132=POLYLINE('',(#4928,#4929));
#133=POLYLINE('',(#4930,#4931));
#134=POLYLINE('',(#4932,#4933));
#135=POLYLINE('',(#4934,#4935));
#136=POLYLINE('',(#4936,#4937));
#137=POLYLINE('',(#4938,#4939));
#138=POLYLINE('',(#4940,#4941));
#139=POLYLINE('',(#4942,#4943));
#140=POLYLINE('',(#4944,#4945));
#141=POLYLINE('',(#4946,#4947));
#142=POLYLINE('',(#4948,#4949));
#143=POLYLINE('',(#4954,#4955));
#144=POLYLINE('',(#4956,#4957));
#145=POLYLINE('',(#4958,#4959));
#146=POLYLINE('',(#4960,#4961));
#147=POLYLINE('',(#4963,#4964));
#148=POLYLINE('',(#4966,#4967));
#149=POLYLINE('',(#4968,#4969));
#150=POLYLINE('',(#4971,#4972));
#151=POLYLINE('',(#4973,#4974));
#152=POLYLINE('',(#4975,#4976));
#153=POLYLINE('',(#4977,#4978));
#154=POLYLINE('',(#4980,#4981));
#155=POLYLINE('',(#4982,#4983));
#156=POLYLINE('',(#4985,#4986));
#157=POLYLINE('',(#4987,#4988));
#158=POLYLINE('',(#4990,#4991));
#159=POLYLINE('',(#4992,#4993));
#160=POLYLINE('',(#4995,#4996));
#161=POLYLINE('',(#4997,#4998));
#162=POLYLINE('',(#5000,#5001));
#163=POLYLINE('',(#5002,#5003));
#164=POLYLINE('',(#5004,#5005));
#165=POLYLINE('',(#5006,#5007));
#166=POLYLINE('',(#5008,#5009));
#167=POLYLINE('',(#5010,#5011));
#168=POLYLINE('',(#5012,#5013));
#169=POLYLINE('',(#5014,#5015));
#170=POLYLINE('',(#5016,#5017));
#171=POLYLINE('',(#5018,#5019));
#172=POLYLINE('',(#5020,#5021));
#173=STYLED_ITEM('',(#5063),#259);
#174=STYLED_ITEM('',(#5064),#16);
#175=STYLED_ITEM('',(#5064),#17);
#176=STYLED_ITEM('',(#5064),#18);
#177=STYLED_ITEM('',(#5064),#19);
#178=STYLED_ITEM('',(#5064),#20);
#179=STYLED_ITEM('',(#5064),#21);
#180=STYLED_ITEM('',(#5064),#22);
#181=STYLED_ITEM('',(#5064),#23);
#182=STYLED_ITEM('',(#5064),#24);
#183=STYLED_ITEM('',(#5064),#25);
#184=STYLED_ITEM('',(#5064),#26);
#185=STYLED_ITEM('',(#5064),#27);
#186=STYLED_ITEM('',(#5064),#28);
#187=STYLED_ITEM('',(#5064),#29);
#188=STYLED_ITEM('',(#5064),#30);
#189=STYLED_ITEM('',(#5064),#31);
#190=STYLED_ITEM('',(#5064),#32);
#191=STYLED_ITEM('',(#5064),#33);
#192=STYLED_ITEM('',(#5064),#34);
#193=STYLED_ITEM('',(#5064),#35);
#194=STYLED_ITEM('',(#5064),#38);
#195=STYLED_ITEM('',(#5064),#39);
#196=STYLED_ITEM('',(#5064),#40);
#197=STYLED_ITEM('',(#5064),#41);
#198=STYLED_ITEM('',(#5064),#42);
#199=STYLED_ITEM('',(#5064),#43);
#200=STYLED_ITEM('',(#5064),#47);
#201=STYLED_ITEM('',(#5064),#48);
#202=STYLED_ITEM('',(#5064),#51);
#203=STYLED_ITEM('',(#5064),#53);
#204=STYLED_ITEM('',(#5064),#54);
#205=STYLED_ITEM('',(#5064),#55);
#206=STYLED_ITEM('',(#5064),#57);
#207=STYLED_ITEM('',(#5064),#59);
#208=STYLED_ITEM('',(#5064),#61);
#209=STYLED_ITEM('',(#5064),#63);
#210=STYLED_ITEM('',(#5064),#64);
#211=STYLED_ITEM('',(#5064),#65);
#212=STYLED_ITEM('',(#5064),#66);
#213=STYLED_ITEM('',(#5064),#69);
#214=STYLED_ITEM('',(#5064),#71);
#215=STYLED_ITEM('',(#5064),#72);
#216=STYLED_ITEM('',(#5064),#73);
#217=STYLED_ITEM('',(#5064),#75);
#218=STYLED_ITEM('',(#5064),#78);
#219=STYLED_ITEM('',(#5064),#79);
#220=STYLED_ITEM('',(#5064),#85);
#221=STYLED_ITEM('',(#5064),#87);
#222=STYLED_ITEM('',(#5064),#88);
#223=STYLED_ITEM('',(#5064),#89);
#224=STYLED_ITEM('',(#5064),#90);
#225=STYLED_ITEM('',(#5064),#91);
#226=STYLED_ITEM('',(#5064),#92);
#227=STYLED_ITEM('',(#5064),#93);
#228=STYLED_ITEM('',(#5064),#94);
#229=STYLED_ITEM('',(#5064),#95);
#230=STYLED_ITEM('',(#5064),#96);
#231=STYLED_ITEM('',(#5064),#97);
#232=STYLED_ITEM('',(#5064),#98);
#233=STYLED_ITEM('',(#5064),#99);
#234=STYLED_ITEM('',(#5064),#100);
#235=STYLED_ITEM('',(#5064),#101);
#236=STYLED_ITEM('',(#5064),#102);
#237=STYLED_ITEM('',(#5064),#103);
#238=STYLED_ITEM('',(#5064),#104);
#239=STYLED_ITEM('',(#5064),#105);
#240=STYLED_ITEM('',(#5064),#106);
#241=STYLED_ITEM('',(#5064),#108);
#242=STYLED_ITEM('',(#5064),#109);
#243=STYLED_ITEM('',(#5064),#111);
#244=STYLED_ITEM('',(#5064),#112);
#245=STYLED_ITEM('',(#5064),#113);
#246=STYLED_ITEM('',(#5064),#114);
#247=STYLED_ITEM('',(#5064),#115);
#248=STYLED_ITEM('',(#5064),#118);
#249=STYLED_ITEM('',(#5064),#119);
#250=STYLED_ITEM('',(#5064),#121);
#251=STYLED_ITEM('',(#5064),#125);
#252=STYLED_ITEM('',(#5064),#126);
#253=STYLED_ITEM('',(#5064),#128);
#254=STYLED_ITEM('',(#5064),#130);
#255=STYLED_ITEM('',(#5064),#132);
#256=STYLED_ITEM('',(#5064),#135);
#257=STYLED_ITEM('',(#5064),#139);
#258=STYLED_ITEM('',(#5064),#140);
#259=MANIFOLD_SOLID_BREP('Solid1',#2928);
#260=TOROIDAL_SURFACE('',#3023,2.7,1.5);
#261=TOROIDAL_SURFACE('',#3028,2.7,1.5);
#262=TOROIDAL_SURFACE('',#3033,2.7,1.5);
#263=TOROIDAL_SURFACE('',#3038,2.7,1.5);
#264=ELLIPSE('',#3002,2.82842712474619,2.);
#265=ELLIPSE('',#3004,2.82842712474619,2.);
#266=ELLIPSE('',#3017,2.82842712474619,2.);
#267=ELLIPSE('',#3018,2.82842712474619,2.);
#268=FACE_BOUND('',#530,.T.);
#269=FACE_BOUND('',#531,.T.);
#270=FACE_BOUND('',#536,.T.);
#271=FACE_BOUND('',#537,.T.);
#272=FACE_BOUND('',#551,.T.);
#273=FACE_BOUND('',#552,.T.);
#274=FACE_BOUND('',#553,.T.);
#275=FACE_BOUND('',#554,.T.);
#276=FACE_BOUND('',#559,.T.);
#277=FACE_BOUND('',#560,.T.);
#278=FACE_BOUND('',#561,.T.);
#279=FACE_BOUND('',#562,.T.);
#280=FACE_BOUND('',#563,.T.);
#281=FACE_BOUND('',#564,.T.);
#282=FACE_BOUND('',#591,.T.);
#283=FACE_BOUND('',#592,.T.);
#284=FACE_BOUND('',#595,.T.);
#285=FACE_BOUND('',#596,.T.);
#286=FACE_BOUND('',#615,.T.);
#287=FACE_BOUND('',#621,.T.);
#288=FACE_BOUND('',#673,.T.);
#289=FACE_BOUND('',#674,.T.);
#290=FACE_BOUND('',#676,.T.);
#291=FACE_BOUND('',#677,.T.);
#292=FACE_BOUND('',#679,.T.);
#293=FACE_BOUND('',#680,.T.);
#294=FACE_BOUND('',#687,.T.);
#295=FACE_BOUND('',#688,.T.);
#296=PLANE('',#2954);
#297=PLANE('',#2962);
#298=PLANE('',#2966);
#299=PLANE('',#2974);
#300=PLANE('',#2985);
#301=PLANE('',#2986);
#302=PLANE('',#2987);
#303=PLANE('',#2988);
#304=PLANE('',#2989);
#305=PLANE('',#2990);
#306=PLANE('',#2991);
#307=PLANE('',#3007);
#308=PLANE('',#3043);
#309=PLANE('',#3044);
#310=PLANE('',#3045);
#311=PLANE('',#3046);
#312=PLANE('',#3047);
#313=PLANE('',#3048);
#314=PLANE('',#3049);
#315=PLANE('',#3050);
#316=PLANE('',#3051);
#317=PLANE('',#3052);
#318=PLANE('',#3053);
#319=PLANE('',#3054);
#320=PLANE('',#3055);
#321=PLANE('',#3056);
#322=PLANE('',#3057);
#323=PLANE('',#3061);
#324=PLANE('',#3062);
#325=PLANE('',#3066);
#326=PLANE('',#3068);
#327=PLANE('',#3070);
#328=PLANE('',#3072);
#329=PLANE('',#3074);
#330=PLANE('',#3078);
#331=PLANE('',#3082);
#332=PLANE('',#3083);
#333=PLANE('',#3084);
#334=PLANE('',#3085);
#335=PLANE('',#3086);
#336=PLANE('',#3087);
#337=PLANE('',#3088);
#338=PLANE('',#3089);
#339=PLANE('',#3090);
#340=PLANE('',#3091);
#341=PLANE('',#3092);
#342=PLANE('',#3093);
#343=PLANE('',#3094);
#344=PLANE('',#3095);
#345=PLANE('',#3096);
#346=PLANE('',#3097);
#347=PLANE('',#3098);
#348=PLANE('',#3099);
#349=PLANE('',#3100);
#350=PLANE('',#3101);
#351=PLANE('',#3102);
#352=PLANE('',#3103);
#353=PLANE('',#3104);
#354=PLANE('',#3105);
#355=PLANE('',#3106);
#356=PLANE('',#3107);
#357=PLANE('',#3108);
#358=PLANE('',#3109);
#359=PLANE('',#3110);
#360=PLANE('',#3111);
#361=PLANE('',#3112);
#362=PLANE('',#3113);
#363=PLANE('',#3114);
#364=PLANE('',#3115);
#365=PLANE('',#3116);
#366=PLANE('',#3117);
#367=PLANE('',#3118);
#368=PLANE('',#3119);
#369=PLANE('',#3120);
#370=PLANE('',#3121);
#371=PLANE('',#3122);
#372=PLANE('',#3123);
#373=PLANE('',#3124);
#374=PLANE('',#3125);
#375=PLANE('',#3126);
#376=PLANE('',#3151);
#377=PLANE('',#3152);
#378=PLANE('',#3153);
#379=PLANE('',#3154);
#380=PLANE('',#3155);
#381=PLANE('',#3156);
#382=PLANE('',#3157);
#383=PLANE('',#3158);
#384=PLANE('',#3159);
#385=PLANE('',#3160);
#386=PLANE('',#3161);
#387=PLANE('',#3162);
#388=PLANE('',#3163);
#389=PLANE('',#3164);
#390=PLANE('',#3165);
#391=PLANE('',#3166);
#392=FACE_OUTER_BOUND('',#528,.T.);
#393=FACE_OUTER_BOUND('',#529,.T.);
#394=FACE_OUTER_BOUND('',#532,.T.);
#395=FACE_OUTER_BOUND('',#533,.T.);
#396=FACE_OUTER_BOUND('',#534,.T.);
#397=FACE_OUTER_BOUND('',#535,.T.);
#398=FACE_OUTER_BOUND('',#538,.T.);
#399=FACE_OUTER_BOUND('',#539,.T.);
#400=FACE_OUTER_BOUND('',#540,.T.);
#401=FACE_OUTER_BOUND('',#541,.T.);
#402=FACE_OUTER_BOUND('',#542,.T.);
#403=FACE_OUTER_BOUND('',#543,.T.);
#404=FACE_OUTER_BOUND('',#544,.T.);
#405=FACE_OUTER_BOUND('',#545,.T.);
#406=FACE_OUTER_BOUND('',#546,.T.);
#407=FACE_OUTER_BOUND('',#547,.T.);
#408=FACE_OUTER_BOUND('',#548,.T.);
#409=FACE_OUTER_BOUND('',#549,.T.);
#410=FACE_OUTER_BOUND('',#550,.T.);
#411=FACE_OUTER_BOUND('',#555,.T.);
#412=FACE_OUTER_BOUND('',#556,.T.);
#413=FACE_OUTER_BOUND('',#557,.T.);
#414=FACE_OUTER_BOUND('',#558,.T.);
#415=FACE_OUTER_BOUND('',#565,.T.);
#416=FACE_OUTER_BOUND('',#566,.T.);
#417=FACE_OUTER_BOUND('',#567,.T.);
#418=FACE_OUTER_BOUND('',#568,.T.);
#419=FACE_OUTER_BOUND('',#569,.T.);
#420=FACE_OUTER_BOUND('',#570,.T.);
#421=FACE_OUTER_BOUND('',#571,.T.);
#422=FACE_OUTER_BOUND('',#572,.T.);
#423=FACE_OUTER_BOUND('',#573,.T.);
#424=FACE_OUTER_BOUND('',#574,.T.);
#425=FACE_OUTER_BOUND('',#575,.T.);
#426=FACE_OUTER_BOUND('',#576,.T.);
#427=FACE_OUTER_BOUND('',#577,.T.);
#428=FACE_OUTER_BOUND('',#578,.T.);
#429=FACE_OUTER_BOUND('',#579,.T.);
#430=FACE_OUTER_BOUND('',#580,.T.);
#431=FACE_OUTER_BOUND('',#581,.T.);
#432=FACE_OUTER_BOUND('',#582,.T.);
#433=FACE_OUTER_BOUND('',#583,.T.);
#434=FACE_OUTER_BOUND('',#584,.T.);
#435=FACE_OUTER_BOUND('',#585,.T.);
#436=FACE_OUTER_BOUND('',#586,.T.);
#437=FACE_OUTER_BOUND('',#587,.T.);
#438=FACE_OUTER_BOUND('',#588,.T.);
#439=FACE_OUTER_BOUND('',#589,.T.);
#440=FACE_OUTER_BOUND('',#590,.T.);
#441=FACE_OUTER_BOUND('',#593,.T.);
#442=FACE_OUTER_BOUND('',#594,.T.);
#443=FACE_OUTER_BOUND('',#597,.T.);
#444=FACE_OUTER_BOUND('',#598,.T.);
#445=FACE_OUTER_BOUND('',#599,.T.);
#446=FACE_OUTER_BOUND('',#600,.T.);
#447=FACE_OUTER_BOUND('',#601,.T.);
#448=FACE_OUTER_BOUND('',#602,.T.);
#449=FACE_OUTER_BOUND('',#603,.T.);
#450=FACE_OUTER_BOUND('',#604,.T.);
#451=FACE_OUTER_BOUND('',#605,.T.);
#452=FACE_OUTER_BOUND('',#606,.T.);
#453=FACE_OUTER_BOUND('',#607,.T.);
#454=FACE_OUTER_BOUND('',#608,.T.);
#455=FACE_OUTER_BOUND('',#609,.T.);
#456=FACE_OUTER_BOUND('',#610,.T.);
#457=FACE_OUTER_BOUND('',#611,.T.);
#458=FACE_OUTER_BOUND('',#612,.T.);
#459=FACE_OUTER_BOUND('',#613,.T.);
#460=FACE_OUTER_BOUND('',#614,.T.);
#461=FACE_OUTER_BOUND('',#616,.T.);
#462=FACE_OUTER_BOUND('',#617,.T.);
#463=FACE_OUTER_BOUND('',#618,.T.);
#464=FACE_OUTER_BOUND('',#619,.T.);
#465=FACE_OUTER_BOUND('',#620,.T.);
#466=FACE_OUTER_BOUND('',#622,.T.);
#467=FACE_OUTER_BOUND('',#623,.T.);
#468=FACE_OUTER_BOUND('',#624,.T.);
#469=FACE_OUTER_BOUND('',#625,.T.);
#470=FACE_OUTER_BOUND('',#626,.T.);
#471=FACE_OUTER_BOUND('',#627,.T.);
#472=FACE_OUTER_BOUND('',#628,.T.);
#473=FACE_OUTER_BOUND('',#629,.T.);
#474=FACE_OUTER_BOUND('',#630,.T.);
#475=FACE_OUTER_BOUND('',#631,.T.);
#476=FACE_OUTER_BOUND('',#632,.T.);
#477=FACE_OUTER_BOUND('',#633,.T.);
#478=FACE_OUTER_BOUND('',#634,.T.);
#479=FACE_OUTER_BOUND('',#635,.T.);
#480=FACE_OUTER_BOUND('',#636,.T.);
#481=FACE_OUTER_BOUND('',#637,.T.);
#482=FACE_OUTER_BOUND('',#638,.T.);
#483=FACE_OUTER_BOUND('',#639,.T.);
#484=FACE_OUTER_BOUND('',#640,.T.);
#485=FACE_OUTER_BOUND('',#641,.T.);
#486=FACE_OUTER_BOUND('',#642,.T.);
#487=FACE_OUTER_BOUND('',#643,.T.);
#488=FACE_OUTER_BOUND('',#644,.T.);
#489=FACE_OUTER_BOUND('',#645,.T.);
#490=FACE_OUTER_BOUND('',#646,.T.);
#491=FACE_OUTER_BOUND('',#647,.T.);
#492=FACE_OUTER_BOUND('',#648,.T.);
#493=FACE_OUTER_BOUND('',#649,.T.);
#494=FACE_OUTER_BOUND('',#650,.T.);
#495=FACE_OUTER_BOUND('',#651,.T.);
#496=FACE_OUTER_BOUND('',#652,.T.);
#497=FACE_OUTER_BOUND('',#653,.T.);
#498=FACE_OUTER_BOUND('',#654,.T.);
#499=FACE_OUTER_BOUND('',#655,.T.);
#500=FACE_OUTER_BOUND('',#656,.T.);
#501=FACE_OUTER_BOUND('',#657,.T.);
#502=FACE_OUTER_BOUND('',#658,.T.);
#503=FACE_OUTER_BOUND('',#659,.T.);
#504=FACE_OUTER_BOUND('',#660,.T.);
#505=FACE_OUTER_BOUND('',#661,.T.);
#506=FACE_OUTER_BOUND('',#662,.T.);
#507=FACE_OUTER_BOUND('',#663,.T.);
#508=FACE_OUTER_BOUND('',#664,.T.);
#509=FACE_OUTER_BOUND('',#665,.T.);
#510=FACE_OUTER_BOUND('',#666,.T.);
#511=FACE_OUTER_BOUND('',#667,.T.);
#512=FACE_OUTER_BOUND('',#668,.T.);
#513=FACE_OUTER_BOUND('',#669,.T.);
#514=FACE_OUTER_BOUND('',#670,.T.);
#515=FACE_OUTER_BOUND('',#671,.T.);
#516=FACE_OUTER_BOUND('',#672,.T.);
#517=FACE_OUTER_BOUND('',#675,.T.);
#518=FACE_OUTER_BOUND('',#678,.T.);
#519=FACE_OUTER_BOUND('',#681,.T.);
#520=FACE_OUTER_BOUND('',#682,.T.);
#521=FACE_OUTER_BOUND('',#683,.T.);
#522=FACE_OUTER_BOUND('',#684,.T.);
#523=FACE_OUTER_BOUND('',#685,.T.);
#524=FACE_OUTER_BOUND('',#686,.T.);
#525=FACE_OUTER_BOUND('',#689,.T.);
#526=FACE_OUTER_BOUND('',#690,.T.);
#527=FACE_OUTER_BOUND('',#691,.T.);
#528=EDGE_LOOP('',(#2000,#2001,#2002,#2003));
#529=EDGE_LOOP('',(#2004,#2005,#2006,#2007,#2008,#2009,#2010,#2011,#2012));
#530=EDGE_LOOP('',(#2013));
#531=EDGE_LOOP('',(#2014));
#532=EDGE_LOOP('',(#2015,#2016,#2017,#2018));
#533=EDGE_LOOP('',(#2019,#2020,#2021,#2022,#2023,#2024));
#534=EDGE_LOOP('',(#2025,#2026,#2027,#2028));
#535=EDGE_LOOP('',(#2029,#2030,#2031,#2032,#2033,#2034,#2035,#2036,#2037));
#536=EDGE_LOOP('',(#2038));
#537=EDGE_LOOP('',(#2039));
#538=EDGE_LOOP('',(#2040,#2041,#2042,#2043));
#539=EDGE_LOOP('',(#2044,#2045,#2046,#2047,#2048,#2049));
#540=EDGE_LOOP('',(#2050,#2051,#2052,#2053));
#541=EDGE_LOOP('',(#2054,#2055,#2056,#2057));
#542=EDGE_LOOP('',(#2058,#2059,#2060,#2061));
#543=EDGE_LOOP('',(#2062,#2063,#2064,#2065));
#544=EDGE_LOOP('',(#2066,#2067,#2068,#2069,#2070,#2071));
#545=EDGE_LOOP('',(#2072,#2073,#2074,#2075,#2076,#2077,#2078));
#546=EDGE_LOOP('',(#2079,#2080,#2081,#2082,#2083,#2084,#2085));
#547=EDGE_LOOP('',(#2086,#2087,#2088,#2089,#2090,#2091,#2092));
#548=EDGE_LOOP('',(#2093,#2094,#2095,#2096,#2097,#2098));
#549=EDGE_LOOP('',(#2099,#2100,#2101,#2102,#2103,#2104,#2105));
#550=EDGE_LOOP('',(#2106,#2107,#2108,#2109,#2110,#2111,#2112,#2113,#2114,
#2115,#2116,#2117,#2118,#2119,#2120,#2121,#2122,#2123,#2124,#2125));
#551=EDGE_LOOP('',(#2126));
#552=EDGE_LOOP('',(#2127));
#553=EDGE_LOOP('',(#2128));
#554=EDGE_LOOP('',(#2129));
#555=EDGE_LOOP('',(#2130,#2131,#2132,#2133));
#556=EDGE_LOOP('',(#2134,#2135,#2136,#2137));
#557=EDGE_LOOP('',(#2138,#2139,#2140,#2141));
#558=EDGE_LOOP('',(#2142,#2143,#2144,#2145,#2146,#2147,#2148,#2149,#2150,
#2151,#2152,#2153,#2154,#2155,#2156,#2157,#2158,#2159,#2160,#2161,#2162,
#2163,#2164,#2165,#2166,#2167,#2168,#2169,#2170,#2171,#2172,#2173,#2174,
#2175,#2176,#2177,#2178,#2179,#2180,#2181,#2182,#2183,#2184,#2185,#2186,
#2187,#2188,#2189));
#559=EDGE_LOOP('',(#2190));
#560=EDGE_LOOP('',(#2191));
#561=EDGE_LOOP('',(#2192));
#562=EDGE_LOOP('',(#2193));
#563=EDGE_LOOP('',(#2194,#2195,#2196,#2197));
#564=EDGE_LOOP('',(#2198,#2199,#2200,#2201));
#565=EDGE_LOOP('',(#2202,#2203,#2204,#2205));
#566=EDGE_LOOP('',(#2206,#2207,#2208,#2209));
#567=EDGE_LOOP('',(#2210,#2211,#2212,#2213));
#568=EDGE_LOOP('',(#2214,#2215,#2216,#2217,#2218));
#569=EDGE_LOOP('',(#2219,#2220,#2221,#2222,#2223));
#570=EDGE_LOOP('',(#2224,#2225,#2226,#2227,#2228));
#571=EDGE_LOOP('',(#2229,#2230,#2231,#2232,#2233));
#572=EDGE_LOOP('',(#2234,#2235,#2236,#2237,#2238));
#573=EDGE_LOOP('',(#2239,#2240,#2241,#2242,#2243));
#574=EDGE_LOOP('',(#2244,#2245,#2246,#2247,#2248));
#575=EDGE_LOOP('',(#2249,#2250,#2251,#2252,#2253));
#576=EDGE_LOOP('',(#2254,#2255,#2256,#2257));
#577=EDGE_LOOP('',(#2258,#2259,#2260,#2261));
#578=EDGE_LOOP('',(#2262,#2263,#2264,#2265));
#579=EDGE_LOOP('',(#2266,#2267,#2268,#2269));
#580=EDGE_LOOP('',(#2270,#2271,#2272,#2273));
#581=EDGE_LOOP('',(#2274,#2275,#2276,#2277));
#582=EDGE_LOOP('',(#2278,#2279,#2280,#2281));
#583=EDGE_LOOP('',(#2282,#2283,#2284,#2285));
#584=EDGE_LOOP('',(#2286,#2287,#2288,#2289));
#585=EDGE_LOOP('',(#2290,#2291,#2292,#2293));
#586=EDGE_LOOP('',(#2294,#2295,#2296,#2297,#2298,#2299,#2300,#2301,#2302,
#2303,#2304,#2305));
#587=EDGE_LOOP('',(#2306,#2307,#2308,#2309,#2310,#2311,#2312,#2313,#2314,
#2315,#2316,#2317));
#588=EDGE_LOOP('',(#2318,#2319,#2320,#2321));
#589=EDGE_LOOP('',(#2322,#2323,#2324,#2325));
#590=EDGE_LOOP('',(#2326,#2327,#2328,#2329,#2330,#2331,#2332,#2333,#2334,
#2335,#2336,#2337,#2338));
#591=EDGE_LOOP('',(#2339));
#592=EDGE_LOOP('',(#2340));
#593=EDGE_LOOP('',(#2341,#2342,#2343,#2344,#2345));
#594=EDGE_LOOP('',(#2346,#2347,#2348,#2349,#2350,#2351,#2352,#2353,#2354,
#2355,#2356,#2357,#2358));
#595=EDGE_LOOP('',(#2359));
#596=EDGE_LOOP('',(#2360));
#597=EDGE_LOOP('',(#2361,#2362,#2363,#2364,#2365));
#598=EDGE_LOOP('',(#2366,#2367,#2368,#2369));
#599=EDGE_LOOP('',(#2370,#2371,#2372,#2373));
#600=EDGE_LOOP('',(#2374,#2375,#2376,#2377));
#601=EDGE_LOOP('',(#2378,#2379,#2380,#2381,#2382,#2383,#2384,#2385));
#602=EDGE_LOOP('',(#2386,#2387,#2388,#2389));
#603=EDGE_LOOP('',(#2390,#2391,#2392,#2393));
#604=EDGE_LOOP('',(#2394,#2395,#2396,#2397));
#605=EDGE_LOOP('',(#2398,#2399,#2400,#2401,#2402,#2403,#2404,#2405));
#606=EDGE_LOOP('',(#2406,#2407,#2408,#2409));
#607=EDGE_LOOP('',(#2410));
#608=EDGE_LOOP('',(#2411,#2412,#2413,#2414));
#609=EDGE_LOOP('',(#2415));
#610=EDGE_LOOP('',(#2416,#2417,#2418,#2419));
#611=EDGE_LOOP('',(#2420,#2421,#2422,#2423,#2424,#2425));
#612=EDGE_LOOP('',(#2426,#2427,#2428,#2429));
#613=EDGE_LOOP('',(#2430,#2431,#2432,#2433));
#614=EDGE_LOOP('',(#2434,#2435,#2436,#2437));
#615=EDGE_LOOP('',(#2438));
#616=EDGE_LOOP('',(#2439,#2440,#2441,#2442));
#617=EDGE_LOOP('',(#2443,#2444,#2445,#2446));
#618=EDGE_LOOP('',(#2447,#2448,#2449,#2450,#2451,#2452));
#619=EDGE_LOOP('',(#2453,#2454,#2455,#2456));
#620=EDGE_LOOP('',(#2457,#2458,#2459,#2460));
#621=EDGE_LOOP('',(#2461));
#622=EDGE_LOOP('',(#2462,#2463,#2464,#2465,#2466));
#623=EDGE_LOOP('',(#2467,#2468,#2469,#2470));
#624=EDGE_LOOP('',(#2471,#2472,#2473,#2474));
#625=EDGE_LOOP('',(#2475,#2476,#2477,#2478,#2479,#2480));
#626=EDGE_LOOP('',(#2481,#2482,#2483,#2484));
#627=EDGE_LOOP('',(#2485,#2486,#2487,#2488));
#628=EDGE_LOOP('',(#2489,#2490,#2491,#2492));
#629=EDGE_LOOP('',(#2493,#2494,#2495,#2496));
#630=EDGE_LOOP('',(#2497,#2498,#2499,#2500));
#631=EDGE_LOOP('',(#2501,#2502,#2503,#2504));
#632=EDGE_LOOP('',(#2505,#2506,#2507,#2508,#2509));
#633=EDGE_LOOP('',(#2510,#2511,#2512,#2513,#2514));
#634=EDGE_LOOP('',(#2515,#2516,#2517,#2518));
#635=EDGE_LOOP('',(#2519,#2520,#2521,#2522));
#636=EDGE_LOOP('',(#2523,#2524,#2525,#2526));
#637=EDGE_LOOP('',(#2527,#2528,#2529,#2530));
#638=EDGE_LOOP('',(#2531,#2532,#2533,#2534,#2535));
#639=EDGE_LOOP('',(#2536,#2537,#2538,#2539,#2540));
#640=EDGE_LOOP('',(#2541,#2542,#2543,#2544));
#641=EDGE_LOOP('',(#2545,#2546,#2547,#2548));
#642=EDGE_LOOP('',(#2549,#2550,#2551,#2552));
#643=EDGE_LOOP('',(#2553,#2554,#2555,#2556));
#644=EDGE_LOOP('',(#2557,#2558,#2559,#2560));
#645=EDGE_LOOP('',(#2561,#2562,#2563,#2564));
#646=EDGE_LOOP('',(#2565,#2566,#2567,#2568,#2569));
#647=EDGE_LOOP('',(#2570,#2571,#2572,#2573));
#648=EDGE_LOOP('',(#2574,#2575,#2576,#2577));
#649=EDGE_LOOP('',(#2578,#2579,#2580,#2581,#2582,#2583));
#650=EDGE_LOOP('',(#2584,#2585,#2586,#2587,#2588,#2589,#2590,#2591));
#651=EDGE_LOOP('',(#2592,#2593,#2594,#2595,#2596,#2597,#2598,#2599));
#652=EDGE_LOOP('',(#2600,#2601,#2602,#2603));
#653=EDGE_LOOP('',(#2604,#2605,#2606,#2607));
#654=EDGE_LOOP('',(#2608,#2609,#2610,#2611));
#655=EDGE_LOOP('',(#2612,#2613,#2614,#2615));
#656=EDGE_LOOP('',(#2616,#2617,#2618,#2619));
#657=EDGE_LOOP('',(#2620,#2621,#2622,#2623));
#658=EDGE_LOOP('',(#2624,#2625,#2626,#2627));
#659=EDGE_LOOP('',(#2628,#2629,#2630,#2631));
#660=EDGE_LOOP('',(#2632,#2633,#2634,#2635));
#661=EDGE_LOOP('',(#2636,#2637,#2638,#2639));
#662=EDGE_LOOP('',(#2640,#2641,#2642,#2643));
#663=EDGE_LOOP('',(#2644,#2645,#2646,#2647));
#664=EDGE_LOOP('',(#2648,#2649,#2650,#2651));
#665=EDGE_LOOP('',(#2652,#2653,#2654,#2655));
#666=EDGE_LOOP('',(#2656,#2657,#2658,#2659));
#667=EDGE_LOOP('',(#2660,#2661,#2662,#2663));
#668=EDGE_LOOP('',(#2664,#2665,#2666,#2667));
#669=EDGE_LOOP('',(#2668,#2669,#2670,#2671));
#670=EDGE_LOOP('',(#2672,#2673,#2674,#2675));
#671=EDGE_LOOP('',(#2676,#2677,#2678,#2679));
#672=EDGE_LOOP('',(#2680,#2681,#2682,#2683,#2684,#2685,#2686,#2687));
#673=EDGE_LOOP('',(#2688));
#674=EDGE_LOOP('',(#2689));
#675=EDGE_LOOP('',(#2690,#2691,#2692,#2693,#2694,#2695,#2696,#2697));
#676=EDGE_LOOP('',(#2698));
#677=EDGE_LOOP('',(#2699));
#678=EDGE_LOOP('',(#2700,#2701,#2702,#2703,#2704,#2705,#2706,#2707));
#679=EDGE_LOOP('',(#2708));
#680=EDGE_LOOP('',(#2709));
#681=EDGE_LOOP('',(#2710,#2711,#2712,#2713));
#682=EDGE_LOOP('',(#2714,#2715,#2716,#2717));
#683=EDGE_LOOP('',(#2718,#2719,#2720,#2721));
#684=EDGE_LOOP('',(#2722,#2723,#2724,#2725));
#685=EDGE_LOOP('',(#2726,#2727,#2728,#2729));
#686=EDGE_LOOP('',(#2730,#2731,#2732,#2733,#2734,#2735,#2736,#2737));
#687=EDGE_LOOP('',(#2738));
#688=EDGE_LOOP('',(#2739));
#689=EDGE_LOOP('',(#2740,#2741,#2742,#2743));
#690=EDGE_LOOP('',(#2744,#2745,#2746,#2747,#2748,#2749));
#691=EDGE_LOOP('',(#2750,#2751,#2752,#2753,#2754,#2755));
#692=LINE('',#3941,#990);
#693=LINE('',#3944,#991);
#694=LINE('',#3947,#992);
#695=LINE('',#3949,#993);
#696=LINE('',#3951,#994);
#697=LINE('',#3953,#995);
#698=LINE('',#3957,#996);
#699=LINE('',#3960,#997);
#700=LINE('',#3970,#998);
#701=LINE('',#3973,#999);
#702=LINE('',#3976,#1000);
#703=LINE('',#3978,#1001);
#704=LINE('',#3980,#1002);
#705=LINE('',#3982,#1003);
#706=LINE('',#3983,#1004);
#707=LINE('',#3989,#1005);
#708=LINE('',#3992,#1006);
#709=LINE('',#3995,#1007);
#710=LINE('',#3997,#1008);
#711=LINE('',#3999,#1009);
#712=LINE('',#4001,#1010);
#713=LINE('',#4005,#1011);
#714=LINE('',#4008,#1012);
#715=LINE('',#4018,#1013);
#716=LINE('',#4021,#1014);
#717=LINE('',#4024,#1015);
#718=LINE('',#4026,#1016);
#719=LINE('',#4028,#1017);
#720=LINE('',#4030,#1018);
#721=LINE('',#4031,#1019);
#722=LINE('',#4036,#1020);
#723=LINE('',#4037,#1021);
#724=LINE('',#4043,#1022);
#725=LINE('',#4046,#1023);
#726=LINE('',#4052,#1024);
#727=LINE('',#4055,#1025);
#728=LINE('',#4060,#1026);
#729=LINE('',#4061,#1027);
#730=LINE('',#4064,#1028);
#731=LINE('',#4066,#1029);
#732=LINE('',#4068,#1030);
#733=LINE('',#4070,#1031);
#734=LINE('',#4071,#1032);
#735=LINE('',#4075,#1033);
#736=LINE('',#4076,#1034);
#737=LINE('',#4077,#1035);
#738=LINE('',#4080,#1036);
#739=LINE('',#4082,#1037);
#740=LINE('',#4083,#1038);
#741=LINE('',#4084,#1039);
#742=LINE('',#4087,#1040);
#743=LINE('',#4089,#1041);
#744=LINE('',#4090,#1042);
#745=LINE('',#4091,#1043);
#746=LINE('',#4094,#1044);
#747=LINE('',#4096,#1045);
#748=LINE('',#4098,#1046);
#749=LINE('',#4100,#1047);
#750=LINE('',#4101,#1048);
#751=LINE('',#4105,#1049);
#752=LINE('',#4106,#1050);
#753=LINE('',#4107,#1051);
#754=LINE('',#4110,#1052);
#755=LINE('',#4114,#1053);
#756=LINE('',#4117,#1054);
#757=LINE('',#4119,#1055);
#758=LINE('',#4121,#1056);
#759=LINE('',#4122,#1057);
#760=LINE('',#4124,#1058);
#761=LINE('',#4128,#1059);
#762=LINE('',#4131,#1060);
#763=LINE('',#4133,#1061);
#764=LINE('',#4135,#1062);
#765=LINE('',#4136,#1063);
#766=LINE('',#4148,#1064);
#767=LINE('',#4152,#1065);
#768=LINE('',#4156,#1066);
#769=LINE('',#4158,#1067);
#770=LINE('',#4162,#1068);
#771=LINE('',#4165,#1069);
#772=LINE('',#4169,#1070);
#773=LINE('',#4171,#1071);
#774=LINE('',#4173,#1072);
#775=LINE('',#4175,#1073);
#776=LINE('',#4177,#1074);
#777=LINE('',#4179,#1075);
#778=LINE('',#4181,#1076);
#779=LINE('',#4183,#1077);
#780=LINE('',#4185,#1078);
#781=LINE('',#4187,#1079);
#782=LINE('',#4191,#1080);
#783=LINE('',#4193,#1081);
#784=LINE('',#4195,#1082);
#785=LINE('',#4197,#1083);
#786=LINE('',#4199,#1084);
#787=LINE('',#4202,#1085);
#788=LINE('',#4204,#1086);
#789=LINE('',#4206,#1087);
#790=LINE('',#4208,#1088);
#791=LINE('',#4210,#1089);
#792=LINE('',#4212,#1090);
#793=LINE('',#4214,#1091);
#794=LINE('',#4216,#1092);
#795=LINE('',#4218,#1093);
#796=LINE('',#4220,#1094);
#797=LINE('',#4222,#1095);
#798=LINE('',#4224,#1096);
#799=LINE('',#4226,#1097);
#800=LINE('',#4228,#1098);
#801=LINE('',#4230,#1099);
#802=LINE('',#4232,#1100);
#803=LINE('',#4236,#1101);
#804=LINE('',#4238,#1102);
#805=LINE('',#4240,#1103);
#806=LINE('',#4242,#1104);
#807=LINE('',#4244,#1105);
#808=LINE('',#4247,#1106);
#809=LINE('',#4249,#1107);
#810=LINE('',#4251,#1108);
#811=LINE('',#4253,#1109);
#812=LINE('',#4255,#1110);
#813=LINE('',#4256,#1111);
#814=LINE('',#4265,#1112);
#815=LINE('',#4268,#1113);
#816=LINE('',#4270,#1114);
#817=LINE('',#4272,#1115);
#818=LINE('',#4273,#1116);
#819=LINE('',#4278,#1117);
#820=LINE('',#4283,#1118);
#821=LINE('',#4286,#1119);
#822=LINE('',#4295,#1120);
#823=LINE('',#4303,#1121);
#824=LINE('',#4311,#1122);
#825=LINE('',#4319,#1123);
#826=LINE('',#4323,#1124);
#827=LINE('',#4325,#1125);
#828=LINE('',#4327,#1126);
#829=LINE('',#4328,#1127);
#830=LINE('',#4331,#1128);
#831=LINE('',#4333,#1129);
#832=LINE('',#4334,#1130);
#833=LINE('',#4337,#1131);
#834=LINE('',#4339,#1132);
#835=LINE('',#4340,#1133);
#836=LINE('',#4343,#1134);
#837=LINE('',#4345,#1135);
#838=LINE('',#4346,#1136);
#839=LINE('',#4349,#1137);
#840=LINE('',#4351,#1138);
#841=LINE('',#4352,#1139);
#842=LINE('',#4355,#1140);
#843=LINE('',#4357,#1141);
#844=LINE('',#4358,#1142);
#845=LINE('',#4361,#1143);
#846=LINE('',#4363,#1144);
#847=LINE('',#4364,#1145);
#848=LINE('',#4367,#1146);
#849=LINE('',#4369,#1147);
#850=LINE('',#4370,#1148);
#851=LINE('',#4373,#1149);
#852=LINE('',#4375,#1150);
#853=LINE('',#4376,#1151);
#854=LINE('',#4378,#1152);
#855=LINE('',#4380,#1153);
#856=LINE('',#4381,#1154);
#857=LINE('',#4383,#1155);
#858=LINE('',#4384,#1156);
#859=LINE('',#4385,#1157);
#860=LINE('',#4389,#1158);
#861=LINE('',#4391,#1159);
#862=LINE('',#4393,#1160);
#863=LINE('',#4394,#1161);
#864=LINE('',#4398,#1162);
#865=LINE('',#4400,#1163);
#866=LINE('',#4402,#1164);
#867=LINE('',#4403,#1165);
#868=LINE('',#4406,#1166);
#869=LINE('',#4410,#1167);
#870=LINE('',#4411,#1168);
#871=LINE('',#4413,#1169);
#872=LINE('',#4415,#1170);
#873=LINE('',#4416,#1171);
#874=LINE('',#4417,#1172);
#875=LINE('',#4423,#1173);
#876=LINE('',#4426,#1174);
#877=LINE('',#4430,#1175);
#878=LINE('',#4431,#1176);
#879=LINE('',#4433,#1177);
#880=LINE('',#4435,#1178);
#881=LINE('',#4436,#1179);
#882=LINE('',#4437,#1180);
#883=LINE('',#4443,#1181);
#884=LINE('',#4445,#1182);
#885=LINE('',#4446,#1183);
#886=LINE('',#4449,#1184);
#887=LINE('',#4450,#1185);
#888=LINE('',#4452,#1186);
#889=LINE('',#4453,#1187);
#890=LINE('',#4456,#1188);
#891=LINE('',#4458,#1189);
#892=LINE('',#4459,#1190);
#893=LINE('',#4461,#1191);
#894=LINE('',#4462,#1192);
#895=LINE('',#4465,#1193);
#896=LINE('',#4466,#1194);
#897=LINE('',#4468,#1195);
#898=LINE('',#4469,#1196);
#899=LINE('',#4472,#1197);
#900=LINE('',#4474,#1198);
#901=LINE('',#4475,#1199);
#902=LINE('',#4480,#1200);
#903=LINE('',#4487,#1201);
#904=LINE('',#4492,#1202);
#905=LINE('',#4494,#1203);
#906=LINE('',#4495,#1204);
#907=LINE('',#4498,#1205);
#908=LINE('',#4499,#1206);
#909=LINE('',#4502,#1207);
#910=LINE('',#4503,#1208);
#911=LINE('',#4505,#1209);
#912=LINE('',#4509,#1210);
#913=LINE('',#4511,#1211);
#914=LINE('',#4512,#1212);
#915=LINE('',#4515,#1213);
#916=LINE('',#4516,#1214);
#917=LINE('',#4519,#1215);
#918=LINE('',#4520,#1216);
#919=LINE('',#4522,#1217);
#920=LINE('',#4525,#1218);
#921=LINE('',#4527,#1219);
#922=LINE('',#4529,#1220);
#923=LINE('',#4531,#1221);
#924=LINE('',#4534,#1222);
#925=LINE('',#4535,#1223);
#926=LINE('',#4538,#1224);
#927=LINE('',#4539,#1225);
#928=LINE('',#4541,#1226);
#929=LINE('',#4544,#1227);
#930=LINE('',#4546,#1228);
#931=LINE('',#4547,#1229);
#932=LINE('',#4549,#1230);
#933=LINE('',#4550,#1231);
#934=LINE('',#4553,#1232);
#935=LINE('',#4554,#1233);
#936=LINE('',#4556,#1234);
#937=LINE('',#4559,#1235);
#938=LINE('',#4561,#1236);
#939=LINE('',#4562,#1237);
#940=LINE('',#4564,#1238);
#941=LINE('',#4565,#1239);
#942=LINE('',#4568,#1240);
#943=LINE('',#4569,#1241);
#944=LINE('',#4571,#1242);
#945=LINE('',#4575,#1243);
#946=LINE('',#4576,#1244);
#947=LINE('',#4579,#1245);
#948=LINE('',#4580,#1246);
#949=LINE('',#4582,#1247);
#950=LINE('',#4585,#1248);
#951=LINE('',#4587,#1249);
#952=LINE('',#4589,#1250);
#953=LINE('',#4592,#1251);
#954=LINE('',#4594,#1252);
#955=LINE('',#4596,#1253);
#956=LINE('',#4597,#1254);
#957=LINE('',#4601,#1255);
#958=LINE('',#4602,#1256);
#959=LINE('',#4605,#1257);
#960=LINE('',#4606,#1258);
#961=LINE('',#4608,#1259);
#962=LINE('',#4612,#1260);
#963=LINE('',#4615,#1261);
#964=LINE('',#4618,#1262);
#965=LINE('',#4620,#1263);
#966=LINE('',#4625,#1264);
#967=LINE('',#4628,#1265);
#968=LINE('',#4633,#1266);
#969=LINE('',#4636,#1267);
#970=LINE('',#4640,#1268);
#971=LINE('',#4642,#1269);
#972=LINE('',#4646,#1270);
#973=LINE('',#4648,#1271);
#974=LINE('',#4653,#1272);
#975=LINE('',#4656,#1273);
#976=LINE('',#4661,#1274);
#977=LINE('',#4664,#1275);
#978=LINE('',#4668,#1276);
#979=LINE('',#4669,#1277);
#980=LINE('',#4671,#1278);
#981=LINE('',#4673,#1279);
#982=LINE('',#4676,#1280);
#983=LINE('',#4677,#1281);
#984=LINE('',#4679,#1282);
#985=LINE('',#4680,#1283);
#986=LINE('',#4682,#1284);
#987=LINE('',#4684,#1285);
#988=LINE('',#4685,#1286);
#989=LINE('',#4692,#1287);
#990=VECTOR('',#3185,10.);
#991=VECTOR('',#3188,10.);
#992=VECTOR('',#3191,10.);
#993=VECTOR('',#3192,10.);
#994=VECTOR('',#3193,10.);
#995=VECTOR('',#3194,10.);
#996=VECTOR('',#3197,10.);
#997=VECTOR('',#3200,10.);
#998=VECTOR('',#3209,10.);
#999=VECTOR('',#3212,10.);
#1000=VECTOR('',#3215,10.);
#1001=VECTOR('',#3216,10.);
#1002=VECTOR('',#3217,10.);
#1003=VECTOR('',#3218,10.);
#1004=VECTOR('',#3219,10.);
#1005=VECTOR('',#3224,10.);
#1006=VECTOR('',#3227,10.);
#1007=VECTOR('',#3230,10.);
#1008=VECTOR('',#3231,10.);
#1009=VECTOR('',#3232,10.);
#1010=VECTOR('',#3233,10.);
#1011=VECTOR('',#3236,10.);
#1012=VECTOR('',#3239,10.);
#1013=VECTOR('',#3248,10.);
#1014=VECTOR('',#3251,10.);
#1015=VECTOR('',#3254,10.);
#1016=VECTOR('',#3255,10.);
#1017=VECTOR('',#3256,10.);
#1018=VECTOR('',#3257,10.);
#1019=VECTOR('',#3258,10.);
#1020=VECTOR('',#3263,10.);
#1021=VECTOR('',#3264,10.);
#1022=VECTOR('',#3269,10.);
#1023=VECTOR('',#3272,10.);
#1024=VECTOR('',#3277,10.);
#1025=VECTOR('',#3280,10.);
#1026=VECTOR('',#3285,10.);
#1027=VECTOR('',#3286,10.);
#1028=VECTOR('',#3289,10.);
#1029=VECTOR('',#3290,10.);
#1030=VECTOR('',#3291,10.);
#1031=VECTOR('',#3292,10.);
#1032=VECTOR('',#3293,10.);
#1033=VECTOR('',#3296,10.);
#1034=VECTOR('',#3297,10.);
#1035=VECTOR('',#3298,10.);
#1036=VECTOR('',#3301,10.);
#1037=VECTOR('',#3302,10.);
#1038=VECTOR('',#3303,10.);
#1039=VECTOR('',#3304,10.);
#1040=VECTOR('',#3307,10.);
#1041=VECTOR('',#3308,10.);
#1042=VECTOR('',#3309,10.);
#1043=VECTOR('',#3310,10.);
#1044=VECTOR('',#3313,10.);
#1045=VECTOR('',#3314,10.);
#1046=VECTOR('',#3315,10.);
#1047=VECTOR('',#3316,10.);
#1048=VECTOR('',#3317,10.);
#1049=VECTOR('',#3320,10.);
#1050=VECTOR('',#3321,10.);
#1051=VECTOR('',#3322,10.);
#1052=VECTOR('',#3325,10.);
#1053=VECTOR('',#3328,10.);
#1054=VECTOR('',#3331,10.);
#1055=VECTOR('',#3332,10.);
#1056=VECTOR('',#3333,10.);
#1057=VECTOR('',#3334,10.);
#1058=VECTOR('',#3335,10.);
#1059=VECTOR('',#3338,10.);
#1060=VECTOR('',#3341,10.);
#1061=VECTOR('',#3342,10.);
#1062=VECTOR('',#3343,10.);
#1063=VECTOR('',#3344,10.);
#1064=VECTOR('',#3355,10.);
#1065=VECTOR('',#3358,10.);
#1066=VECTOR('',#3363,10.);
#1067=VECTOR('',#3364,10.);
#1068=VECTOR('',#3369,10.);
#1069=VECTOR('',#3372,10.);
#1070=VECTOR('',#3375,10.);
#1071=VECTOR('',#3376,10.);
#1072=VECTOR('',#3377,10.);
#1073=VECTOR('',#3378,10.);
#1074=VECTOR('',#3379,10.);
#1075=VECTOR('',#3380,10.);
#1076=VECTOR('',#3381,10.);
#1077=VECTOR('',#3382,10.);
#1078=VECTOR('',#3383,10.);
#1079=VECTOR('',#3384,10.);
#1080=VECTOR('',#3387,10.);
#1081=VECTOR('',#3388,10.);
#1082=VECTOR('',#3389,10.);
#1083=VECTOR('',#3390,10.);
#1084=VECTOR('',#3391,10.);
#1085=VECTOR('',#3394,10.);
#1086=VECTOR('',#3395,10.);
#1087=VECTOR('',#3396,10.);
#1088=VECTOR('',#3397,10.);
#1089=VECTOR('',#3398,10.);
#1090=VECTOR('',#3399,10.);
#1091=VECTOR('',#3400,10.);
#1092=VECTOR('',#3401,10.);
#1093=VECTOR('',#3402,10.);
#1094=VECTOR('',#3403,10.);
#1095=VECTOR('',#3404,10.);
#1096=VECTOR('',#3405,10.);
#1097=VECTOR('',#3406,10.);
#1098=VECTOR('',#3407,10.);
#1099=VECTOR('',#3408,10.);
#1100=VECTOR('',#3409,10.);
#1101=VECTOR('',#3412,10.);
#1102=VECTOR('',#3413,10.);
#1103=VECTOR('',#3414,10.);
#1104=VECTOR('',#3415,10.);
#1105=VECTOR('',#3416,10.);
#1106=VECTOR('',#3419,10.);
#1107=VECTOR('',#3420,10.);
#1108=VECTOR('',#3421,10.);
#1109=VECTOR('',#3422,10.);
#1110=VECTOR('',#3423,10.);
#1111=VECTOR('',#3424,10.);
#1112=VECTOR('',#3433,10.);
#1113=VECTOR('',#3434,10.);
#1114=VECTOR('',#3435,10.);
#1115=VECTOR('',#3436,10.);
#1116=VECTOR('',#3437,10.);
#1117=VECTOR('',#3442,10.);
#1118=VECTOR('',#3449,10.);
#1119=VECTOR('',#3452,10.);
#1120=VECTOR('',#3465,1.2);
#1121=VECTOR('',#3476,1.2);
#1122=VECTOR('',#3487,1.2);
#1123=VECTOR('',#3498,1.2);
#1124=VECTOR('',#3501,10.);
#1125=VECTOR('',#3502,10.);
#1126=VECTOR('',#3503,10.);
#1127=VECTOR('',#3504,10.);
#1128=VECTOR('',#3507,10.);
#1129=VECTOR('',#3508,10.);
#1130=VECTOR('',#3509,10.);
#1131=VECTOR('',#3512,10.);
#1132=VECTOR('',#3513,10.);
#1133=VECTOR('',#3514,10.);
#1134=VECTOR('',#3517,10.);
#1135=VECTOR('',#3518,10.);
#1136=VECTOR('',#3519,10.);
#1137=VECTOR('',#3522,10.);
#1138=VECTOR('',#3523,10.);
#1139=VECTOR('',#3524,10.);
#1140=VECTOR('',#3527,10.);
#1141=VECTOR('',#3528,10.);
#1142=VECTOR('',#3529,10.);
#1143=VECTOR('',#3532,10.);
#1144=VECTOR('',#3533,10.);
#1145=VECTOR('',#3534,10.);
#1146=VECTOR('',#3537,10.);
#1147=VECTOR('',#3538,10.);
#1148=VECTOR('',#3539,10.);
#1149=VECTOR('',#3542,10.);
#1150=VECTOR('',#3543,10.);
#1151=VECTOR('',#3544,10.);
#1152=VECTOR('',#3547,10.);
#1153=VECTOR('',#3550,10.);
#1154=VECTOR('',#3551,10.);
#1155=VECTOR('',#3554,10.);
#1156=VECTOR('',#3555,10.);
#1157=VECTOR('',#3556,10.);
#1158=VECTOR('',#3559,10.);
#1159=VECTOR('',#3560,10.);
#1160=VECTOR('',#3561,10.);
#1161=VECTOR('',#3562,10.);
#1162=VECTOR('',#3565,10.);
#1163=VECTOR('',#3566,10.);
#1164=VECTOR('',#3567,10.);
#1165=VECTOR('',#3568,10.);
#1166=VECTOR('',#3571,10.);
#1167=VECTOR('',#3574,10.);
#1168=VECTOR('',#3575,10.);
#1169=VECTOR('',#3576,10.);
#1170=VECTOR('',#3577,10.);
#1171=VECTOR('',#3578,10.);
#1172=VECTOR('',#3579,10.);
#1173=VECTOR('',#3586,10.);
#1174=VECTOR('',#3589,10.);
#1175=VECTOR('',#3592,10.);
#1176=VECTOR('',#3593,10.);
#1177=VECTOR('',#3594,10.);
#1178=VECTOR('',#3595,10.);
#1179=VECTOR('',#3596,10.);
#1180=VECTOR('',#3597,10.);
#1181=VECTOR('',#3604,10.);
#1182=VECTOR('',#3607,10.);
#1183=VECTOR('',#3608,10.);
#1184=VECTOR('',#3611,10.);
#1185=VECTOR('',#3612,10.);
#1186=VECTOR('',#3615,10.);
#1187=VECTOR('',#3616,10.);
#1188=VECTOR('',#3619,10.);
#1189=VECTOR('',#3620,10.);
#1190=VECTOR('',#3621,10.);
#1191=VECTOR('',#3624,10.);
#1192=VECTOR('',#3625,10.);
#1193=VECTOR('',#3628,10.);
#1194=VECTOR('',#3629,10.);
#1195=VECTOR('',#3632,10.);
#1196=VECTOR('',#3633,10.);
#1197=VECTOR('',#3636,10.);
#1198=VECTOR('',#3637,10.);
#1199=VECTOR('',#3638,10.);
#1200=VECTOR('',#3643,1.5);
#1201=VECTOR('',#3652,1.5);
#1202=VECTOR('',#3659,10.);
#1203=VECTOR('',#3660,10.);
#1204=VECTOR('',#3661,10.);
#1205=VECTOR('',#3664,10.);
#1206=VECTOR('',#3665,10.);
#1207=VECTOR('',#3668,10.);
#1208=VECTOR('',#3669,10.);
#1209=VECTOR('',#3672,10.);
#1210=VECTOR('',#3677,10.);
#1211=VECTOR('',#3678,10.);
#1212=VECTOR('',#3679,10.);
#1213=VECTOR('',#3682,10.);
#1214=VECTOR('',#3683,10.);
#1215=VECTOR('',#3686,10.);
#1216=VECTOR('',#3687,10.);
#1217=VECTOR('',#3690,10.);
#1218=VECTOR('',#3695,10.);
#1219=VECTOR('',#3698,10.);
#1220=VECTOR('',#3701,10.);
#1221=VECTOR('',#3704,10.);
#1222=VECTOR('',#3707,10.);
#1223=VECTOR('',#3708,10.);
#1224=VECTOR('',#3711,10.);
#1225=VECTOR('',#3712,10.);
#1226=VECTOR('',#3715,10.);
#1227=VECTOR('',#3720,10.);
#1228=VECTOR('',#3723,10.);
#1229=VECTOR('',#3724,10.);
#1230=VECTOR('',#3727,10.);
#1231=VECTOR('',#3728,10.);
#1232=VECTOR('',#3731,10.);
#1233=VECTOR('',#3732,10.);
#1234=VECTOR('',#3735,10.);
#1235=VECTOR('',#3740,10.);
#1236=VECTOR('',#3743,10.);
#1237=VECTOR('',#3744,10.);
#1238=VECTOR('',#3747,10.);
#1239=VECTOR('',#3748,10.);
#1240=VECTOR('',#3751,10.);
#1241=VECTOR('',#3752,10.);
#1242=VECTOR('',#3755,10.);
#1243=VECTOR('',#3760,10.);
#1244=VECTOR('',#3761,10.);
#1245=VECTOR('',#3764,10.);
#1246=VECTOR('',#3765,10.);
#1247=VECTOR('',#3768,10.);
#1248=VECTOR('',#3773,10.);
#1249=VECTOR('',#3776,10.);
#1250=VECTOR('',#3779,10.);
#1251=VECTOR('',#3784,10.);
#1252=VECTOR('',#3785,10.);
#1253=VECTOR('',#3786,10.);
#1254=VECTOR('',#3787,10.);
#1255=VECTOR('',#3792,10.);
#1256=VECTOR('',#3793,10.);
#1257=VECTOR('',#3796,10.);
#1258=VECTOR('',#3797,10.);
#1259=VECTOR('',#3800,10.);
#1260=VECTOR('',#3805,10.);
#1261=VECTOR('',#3808,10.);
#1262=VECTOR('',#3811,10.);
#1263=VECTOR('',#3812,10.);
#1264=VECTOR('',#3819,2.75);
#1265=VECTOR('',#3822,2.75);
#1266=VECTOR('',#3829,5.);
#1267=VECTOR('',#3832,5.);
#1268=VECTOR('',#3837,10.);
#1269=VECTOR('',#3838,10.);
#1270=VECTOR('',#3843,10.);
#1271=VECTOR('',#3844,10.);
#1272=VECTOR('',#3851,2.75);
#1273=VECTOR('',#3854,2.75);
#1274=VECTOR('',#3861,5.);
#1275=VECTOR('',#3864,5.);
#1276=VECTOR('',#3869,10.);
#1277=VECTOR('',#3870,10.);
#1278=VECTOR('',#3873,10.);
#1279=VECTOR('',#3876,10.);
#1280=VECTOR('',#3879,10.);
#1281=VECTOR('',#3880,10.);
#1282=VECTOR('',#3883,10.);
#1283=VECTOR('',#3884,10.);
#1284=VECTOR('',#3887,10.);
#1285=VECTOR('',#3890,10.);
#1286=VECTOR('',#3891,10.);
#1287=VECTOR('',#3904,10.);
#1288=CIRCLE('',#2952,14.);
#1289=CIRCLE('',#2953,14.);
#1290=CIRCLE('',#2955,2.25000000000001);
#1291=CIRCLE('',#2956,2.6);
#1292=CIRCLE('',#2957,5.);
#1293=CIRCLE('',#2958,2.75);
#1294=CIRCLE('',#2960,14.);
#1295=CIRCLE('',#2961,14.);
#1296=CIRCLE('',#2964,14.);
#1297=CIRCLE('',#2965,14.);
#1298=CIRCLE('',#2967,2.25);
#1299=CIRCLE('',#2968,2.6);
#1300=CIRCLE('',#2969,2.75);
#1301=CIRCLE('',#2970,5.);
#1302=CIRCLE('',#2972,14.);
#1303=CIRCLE('',#2973,14.);
#1304=CIRCLE('',#2976,2.6);
#1305=CIRCLE('',#2978,2.6);
#1306=CIRCLE('',#2979,2.6);
#1307=CIRCLE('',#2981,2.6);
#1308=CIRCLE('',#2982,2.6);
#1309=CIRCLE('',#2984,2.6);
#1310=CIRCLE('',#2992,4.5);
#1311=CIRCLE('',#2993,4.5);
#1312=CIRCLE('',#2994,4.5);
#1313=CIRCLE('',#2995,4.5);
#1314=CIRCLE('',#2996,2.7);
#1315=CIRCLE('',#2997,2.7);
#1316=CIRCLE('',#2998,2.7);
#1317=CIRCLE('',#2999,2.7);
#1318=CIRCLE('',#3001,2.);
#1319=CIRCLE('',#3006,2.);
#1320=CIRCLE('',#3008,4.5);
#1321=CIRCLE('',#3009,4.5);
#1322=CIRCLE('',#3010,4.5);
#1323=CIRCLE('',#3011,4.5);
#1324=CIRCLE('',#3012,1.2);
#1325=CIRCLE('',#3013,1.2);
#1326=CIRCLE('',#3014,1.2);
#1327=CIRCLE('',#3015,1.2);
#1328=CIRCLE('',#3020,2.);
#1329=CIRCLE('',#3022,2.);
#1330=CIRCLE('',#3024,1.5);
#1331=CIRCLE('',#3025,1.2);
#1332=CIRCLE('',#3026,1.2);
#1333=CIRCLE('',#3029,1.5);
#1334=CIRCLE('',#3030,1.2);
#1335=CIRCLE('',#3031,1.2);
#1336=CIRCLE('',#3034,1.5);
#1337=CIRCLE('',#3035,1.2);
#1338=CIRCLE('',#3036,1.2);
#1339=CIRCLE('',#3039,1.5);
#1340=CIRCLE('',#3040,1.2);
#1341=CIRCLE('',#3041,1.2);
#1342=CIRCLE('',#3058,2.25000000000001);
#1343=CIRCLE('',#3059,5.);
#1344=CIRCLE('',#3060,2.75);
#1345=CIRCLE('',#3063,2.25);
#1346=CIRCLE('',#3064,5.);
#1347=CIRCLE('',#3065,2.75);
#1348=CIRCLE('',#3076,1.5);
#1349=CIRCLE('',#3077,1.5);
#1350=CIRCLE('',#3080,1.5);
#1351=CIRCLE('',#3081,1.5);
#1352=CIRCLE('',#3128,2.25);
#1353=CIRCLE('',#3130,2.25);
#1354=CIRCLE('',#3132,2.75);
#1355=CIRCLE('',#3134,2.75);
#1356=CIRCLE('',#3136,5.);
#1357=CIRCLE('',#3138,5.);
#1358=CIRCLE('',#3140,2.25000000000001);
#1359=CIRCLE('',#3142,2.25000000000001);
#1360=CIRCLE('',#3144,2.75);
#1361=CIRCLE('',#3146,2.75);
#1362=CIRCLE('',#3148,5.);
#1363=CIRCLE('',#3150,5.);
#1364=CIRCLE('',#3167,1.2);
#1365=CIRCLE('',#3168,1.2);
#1366=CIRCLE('',#3169,1.2);
#1367=CIRCLE('',#3170,1.2);
#1368=CIRCLE('',#3171,1.5);
#1369=CIRCLE('',#3172,1.5);
#1370=CIRCLE('',#3173,2.25);
#1371=CIRCLE('',#3174,2.25);
#1372=CIRCLE('',#3175,1.5);
#1373=CIRCLE('',#3176,2.24999401106103);
#1374=CIRCLE('',#3177,1.5);
#1375=CIRCLE('',#3178,2.25);
#1376=VERTEX_POINT('',#3937);
#1377=VERTEX_POINT('',#3938);
#1378=VERTEX_POINT('',#3940);
#1379=VERTEX_POINT('',#3942);
#1380=VERTEX_POINT('',#3946);
#1381=VERTEX_POINT('',#3948);
#1382=VERTEX_POINT('',#3950);
#1383=VERTEX_POINT('',#3952);
#1384=VERTEX_POINT('',#3954);
#1385=VERTEX_POINT('',#3956);
#1386=VERTEX_POINT('',#3958);
#1387=VERTEX_POINT('',#3961);
#1388=VERTEX_POINT('',#3963);
#1389=VERTEX_POINT('',#3966);
#1390=VERTEX_POINT('',#3967);
#1391=VERTEX_POINT('',#3969);
#1392=VERTEX_POINT('',#3971);
#1393=VERTEX_POINT('',#3975);
#1394=VERTEX_POINT('',#3977);
#1395=VERTEX_POINT('',#3979);
#1396=VERTEX_POINT('',#3981);
#1397=VERTEX_POINT('',#3985);
#1398=VERTEX_POINT('',#3986);
#1399=VERTEX_POINT('',#3988);
#1400=VERTEX_POINT('',#3990);
#1401=VERTEX_POINT('',#3994);
#1402=VERTEX_POINT('',#3996);
#1403=VERTEX_POINT('',#3998);
#1404=VERTEX_POINT('',#4000);
#1405=VERTEX_POINT('',#4002);
#1406=VERTEX_POINT('',#4004);
#1407=VERTEX_POINT('',#4006);
#1408=VERTEX_POINT('',#4009);
#1409=VERTEX_POINT('',#4011);
#1410=VERTEX_POINT('',#4014);
#1411=VERTEX_POINT('',#4015);
#1412=VERTEX_POINT('',#4017);
#1413=VERTEX_POINT('',#4019);
#1414=VERTEX_POINT('',#4023);
#1415=VERTEX_POINT('',#4025);
#1416=VERTEX_POINT('',#4027);
#1417=VERTEX_POINT('',#4029);
#1418=VERTEX_POINT('',#4033);
#1419=VERTEX_POINT('',#4034);
#1420=VERTEX_POINT('',#4039);
#1421=VERTEX_POINT('',#4040);
#1422=VERTEX_POINT('',#4042);
#1423=VERTEX_POINT('',#4044);
#1424=VERTEX_POINT('',#4048);
#1425=VERTEX_POINT('',#4049);
#1426=VERTEX_POINT('',#4051);
#1427=VERTEX_POINT('',#4053);
#1428=VERTEX_POINT('',#4057);
#1429=VERTEX_POINT('',#4058);
#1430=VERTEX_POINT('',#4063);
#1431=VERTEX_POINT('',#4065);
#1432=VERTEX_POINT('',#4067);
#1433=VERTEX_POINT('',#4069);
#1434=VERTEX_POINT('',#4073);
#1435=VERTEX_POINT('',#4074);
#1436=VERTEX_POINT('',#4079);
#1437=VERTEX_POINT('',#4081);
#1438=VERTEX_POINT('',#4086);
#1439=VERTEX_POINT('',#4088);
#1440=VERTEX_POINT('',#4093);
#1441=VERTEX_POINT('',#4095);
#1442=VERTEX_POINT('',#4097);
#1443=VERTEX_POINT('',#4099);
#1444=VERTEX_POINT('',#4103);
#1445=VERTEX_POINT('',#4104);
#1446=VERTEX_POINT('',#4109);
#1447=VERTEX_POINT('',#4111);
#1448=VERTEX_POINT('',#4113);
#1449=VERTEX_POINT('',#4115);
#1450=VERTEX_POINT('',#4118);
#1451=VERTEX_POINT('',#4120);
#1452=VERTEX_POINT('',#4123);
#1453=VERTEX_POINT('',#4125);
#1454=VERTEX_POINT('',#4127);
#1455=VERTEX_POINT('',#4129);
#1456=VERTEX_POINT('',#4132);
#1457=VERTEX_POINT('',#4134);
#1458=VERTEX_POINT('',#4137);
#1459=VERTEX_POINT('',#4139);
#1460=VERTEX_POINT('',#4141);
#1461=VERTEX_POINT('',#4143);
#1462=VERTEX_POINT('',#4146);
#1463=VERTEX_POINT('',#4147);
#1464=VERTEX_POINT('',#4149);
#1465=VERTEX_POINT('',#4151);
#1466=VERTEX_POINT('',#4155);
#1467=VERTEX_POINT('',#4157);
#1468=VERTEX_POINT('',#4161);
#1469=VERTEX_POINT('',#4163);
#1470=VERTEX_POINT('',#4167);
#1471=VERTEX_POINT('',#4168);
#1472=VERTEX_POINT('',#4170);
#1473=VERTEX_POINT('',#4172);
#1474=VERTEX_POINT('',#4174);
#1475=VERTEX_POINT('',#4176);
#1476=VERTEX_POINT('',#4178);
#1477=VERTEX_POINT('',#4180);
#1478=VERTEX_POINT('',#4182);
#1479=VERTEX_POINT('',#4184);
#1480=VERTEX_POINT('',#4186);
#1481=VERTEX_POINT('',#4188);
#1482=VERTEX_POINT('',#4190);
#1483=VERTEX_POINT('',#4192);
#1484=VERTEX_POINT('',#4194);
#1485=VERTEX_POINT('',#4196);
#1486=VERTEX_POINT('',#4198);
#1487=VERTEX_POINT('',#4200);
#1488=VERTEX_POINT('',#4203);
#1489=VERTEX_POINT('',#4205);
#1490=VERTEX_POINT('',#4207);
#1491=VERTEX_POINT('',#4209);
#1492=VERTEX_POINT('',#4211);
#1493=VERTEX_POINT('',#4213);
#1494=VERTEX_POINT('',#4215);
#1495=VERTEX_POINT('',#4217);
#1496=VERTEX_POINT('',#4219);
#1497=VERTEX_POINT('',#4221);
#1498=VERTEX_POINT('',#4223);
#1499=VERTEX_POINT('',#4225);
#1500=VERTEX_POINT('',#4227);
#1501=VERTEX_POINT('',#4229);
#1502=VERTEX_POINT('',#4231);
#1503=VERTEX_POINT('',#4233);
#1504=VERTEX_POINT('',#4235);
#1505=VERTEX_POINT('',#4237);
#1506=VERTEX_POINT('',#4239);
#1507=VERTEX_POINT('',#4241);
#1508=VERTEX_POINT('',#4243);
#1509=VERTEX_POINT('',#4245);
#1510=VERTEX_POINT('',#4248);
#1511=VERTEX_POINT('',#4250);
#1512=VERTEX_POINT('',#4252);
#1513=VERTEX_POINT('',#4254);
#1514=VERTEX_POINT('',#4257);
#1515=VERTEX_POINT('',#4259);
#1516=VERTEX_POINT('',#4261);
#1517=VERTEX_POINT('',#4263);
#1518=VERTEX_POINT('',#4266);
#1519=VERTEX_POINT('',#4267);
#1520=VERTEX_POINT('',#4269);
#1521=VERTEX_POINT('',#4271);
#1522=VERTEX_POINT('',#4275);
#1523=VERTEX_POINT('',#4277);
#1524=VERTEX_POINT('',#4281);
#1525=VERTEX_POINT('',#4285);
#1526=VERTEX_POINT('',#4289);
#1527=VERTEX_POINT('',#4291);
#1528=VERTEX_POINT('',#4297);
#1529=VERTEX_POINT('',#4299);
#1530=VERTEX_POINT('',#4305);
#1531=VERTEX_POINT('',#4307);
#1532=VERTEX_POINT('',#4313);
#1533=VERTEX_POINT('',#4315);
#1534=VERTEX_POINT('',#4321);
#1535=VERTEX_POINT('',#4322);
#1536=VERTEX_POINT('',#4324);
#1537=VERTEX_POINT('',#4326);
#1538=VERTEX_POINT('',#4330);
#1539=VERTEX_POINT('',#4332);
#1540=VERTEX_POINT('',#4336);
#1541=VERTEX_POINT('',#4338);
#1542=VERTEX_POINT('',#4342);
#1543=VERTEX_POINT('',#4344);
#1544=VERTEX_POINT('',#4348);
#1545=VERTEX_POINT('',#4350);
#1546=VERTEX_POINT('',#4354);
#1547=VERTEX_POINT('',#4356);
#1548=VERTEX_POINT('',#4360);
#1549=VERTEX_POINT('',#4362);
#1550=VERTEX_POINT('',#4366);
#1551=VERTEX_POINT('',#4368);
#1552=VERTEX_POINT('',#4372);
#1553=VERTEX_POINT('',#4374);
#1554=VERTEX_POINT('',#4387);
#1555=VERTEX_POINT('',#4388);
#1556=VERTEX_POINT('',#4390);
#1557=VERTEX_POINT('',#4392);
#1558=VERTEX_POINT('',#4396);
#1559=VERTEX_POINT('',#4397);
#1560=VERTEX_POINT('',#4399);
#1561=VERTEX_POINT('',#4401);
#1562=VERTEX_POINT('',#4405);
#1563=VERTEX_POINT('',#4407);
#1564=VERTEX_POINT('',#4409);
#1565=VERTEX_POINT('',#4412);
#1566=VERTEX_POINT('',#4414);
#1567=VERTEX_POINT('',#4418);
#1568=VERTEX_POINT('',#4420);
#1569=VERTEX_POINT('',#4425);
#1570=VERTEX_POINT('',#4427);
#1571=VERTEX_POINT('',#4429);
#1572=VERTEX_POINT('',#4432);
#1573=VERTEX_POINT('',#4434);
#1574=VERTEX_POINT('',#4438);
#1575=VERTEX_POINT('',#4440);
#1576=VERTEX_POINT('',#4448);
#1577=VERTEX_POINT('',#4455);
#1578=VERTEX_POINT('',#4457);
#1579=VERTEX_POINT('',#4464);
#1580=VERTEX_POINT('',#4471);
#1581=VERTEX_POINT('',#4473);
#1582=VERTEX_POINT('',#4477);
#1583=VERTEX_POINT('',#4479);
#1584=VERTEX_POINT('',#4484);
#1585=VERTEX_POINT('',#4486);
#1586=VERTEX_POINT('',#4491);
#1587=VERTEX_POINT('',#4493);
#1588=VERTEX_POINT('',#4497);
#1589=VERTEX_POINT('',#4501);
#1590=VERTEX_POINT('',#4508);
#1591=VERTEX_POINT('',#4510);
#1592=VERTEX_POINT('',#4514);
#1593=VERTEX_POINT('',#4518);
#1594=VERTEX_POINT('',#4533);
#1595=VERTEX_POINT('',#4537);
#1596=VERTEX_POINT('',#4552);
#1597=VERTEX_POINT('',#4567);
#1598=VERTEX_POINT('',#4574);
#1599=VERTEX_POINT('',#4578);
#1600=VERTEX_POINT('',#4593);
#1601=VERTEX_POINT('',#4595);
#1602=VERTEX_POINT('',#4600);
#1603=VERTEX_POINT('',#4604);
#1604=VERTEX_POINT('',#4611);
#1605=VERTEX_POINT('',#4613);
#1606=VERTEX_POINT('',#4617);
#1607=VERTEX_POINT('',#4619);
#1608=VERTEX_POINT('',#4623);
#1609=VERTEX_POINT('',#4627);
#1610=VERTEX_POINT('',#4631);
#1611=VERTEX_POINT('',#4635);
#1612=VERTEX_POINT('',#4639);
#1613=VERTEX_POINT('',#4641);
#1614=VERTEX_POINT('',#4645);
#1615=VERTEX_POINT('',#4647);
#1616=VERTEX_POINT('',#4651);
#1617=VERTEX_POINT('',#4655);
#1618=VERTEX_POINT('',#4659);
#1619=VERTEX_POINT('',#4663);
#1620=VERTEX_POINT('',#4667);
#1621=VERTEX_POINT('',#4675);
#1622=EDGE_CURVE('',#1376,#1377,#1288,.T.);
#1623=EDGE_CURVE('',#1377,#1378,#692,.T.);
#1624=EDGE_CURVE('',#1378,#1379,#1289,.T.);
#1625=EDGE_CURVE('',#1379,#1376,#693,.T.);
#1626=EDGE_CURVE('',#1380,#1377,#694,.T.);
#1627=EDGE_CURVE('',#1381,#1380,#695,.T.);
#1628=EDGE_CURVE('',#1381,#1382,#696,.T.);
#1629=EDGE_CURVE('',#1383,#1382,#697,.T.);
#1630=EDGE_CURVE('',#1383,#1384,#1290,.T.);
#1631=EDGE_CURVE('',#1385,#1384,#698,.T.);
#1632=EDGE_CURVE('',#1386,#1385,#1291,.T.);
#1633=EDGE_CURVE('',#1378,#1386,#699,.T.);
#1634=EDGE_CURVE('',#1387,#1387,#1292,.T.);
#1635=EDGE_CURVE('',#1388,#1388,#1293,.T.);
#1636=EDGE_CURVE('',#1389,#1390,#1294,.T.);
#1637=EDGE_CURVE('',#1390,#1391,#700,.T.);
#1638=EDGE_CURVE('',#1391,#1392,#1295,.T.);
#1639=EDGE_CURVE('',#1392,#1389,#701,.T.);
#1640=EDGE_CURVE('',#1390,#1393,#702,.T.);
#1641=EDGE_CURVE('',#1393,#1394,#703,.T.);
#1642=EDGE_CURVE('',#1394,#1395,#704,.T.);
#1643=EDGE_CURVE('',#1395,#1396,#705,.T.);
#1644=EDGE_CURVE('',#1396,#1391,#706,.T.);
#1645=EDGE_CURVE('',#1397,#1398,#1296,.T.);
#1646=EDGE_CURVE('',#1398,#1399,#707,.T.);
#1647=EDGE_CURVE('',#1399,#1400,#1297,.T.);
#1648=EDGE_CURVE('',#1400,#1397,#708,.T.);
#1649=EDGE_CURVE('',#1401,#1398,#709,.T.);
#1650=EDGE_CURVE('',#1402,#1401,#710,.T.);
#1651=EDGE_CURVE('',#1402,#1403,#711,.T.);
#1652=EDGE_CURVE('',#1404,#1403,#712,.T.);
#1653=EDGE_CURVE('',#1404,#1405,#1298,.T.);
#1654=EDGE_CURVE('',#1406,#1405,#713,.T.);
#1655=EDGE_CURVE('',#1407,#1406,#1299,.T.);
#1656=EDGE_CURVE('',#1399,#1407,#714,.T.);
#1657=EDGE_CURVE('',#1408,#1408,#1300,.T.);
#1658=EDGE_CURVE('',#1409,#1409,#1301,.T.);
#1659=EDGE_CURVE('',#1410,#1411,#1302,.T.);
#1660=EDGE_CURVE('',#1411,#1412,#715,.T.);
#1661=EDGE_CURVE('',#1412,#1413,#1303,.T.);
#1662=EDGE_CURVE('',#1413,#1410,#716,.T.);
#1663=EDGE_CURVE('',#1411,#1414,#717,.T.);
#1664=EDGE_CURVE('',#1414,#1415,#718,.T.);
#1665=EDGE_CURVE('',#1415,#1416,#719,.T.);
#1666=EDGE_CURVE('',#1416,#1417,#720,.T.);
#1667=EDGE_CURVE('',#1417,#1412,#721,.T.);
#1668=EDGE_CURVE('',#1418,#1419,#1304,.T.);
#1669=EDGE_CURVE('',#1419,#1386,#722,.T.);
#1670=EDGE_CURVE('',#1418,#1385,#723,.T.);
#1671=EDGE_CURVE('',#1420,#1421,#1305,.T.);
#1672=EDGE_CURVE('',#1421,#1422,#724,.T.);
#1673=EDGE_CURVE('',#1422,#1423,#1306,.T.);
#1674=EDGE_CURVE('',#1420,#1423,#725,.T.);
#1675=EDGE_CURVE('',#1424,#1425,#1307,.T.);
#1676=EDGE_CURVE('',#1425,#1426,#726,.T.);
#1677=EDGE_CURVE('',#1426,#1427,#1308,.T.);
#1678=EDGE_CURVE('',#1424,#1427,#727,.T.);
#1679=EDGE_CURVE('',#1428,#1429,#1309,.T.);
#1680=EDGE_CURVE('',#1429,#1407,#728,.T.);
#1681=EDGE_CURVE('',#1428,#1406,#729,.T.);
#1682=EDGE_CURVE('',#1379,#1430,#730,.T.);
#1683=EDGE_CURVE('',#1430,#1431,#731,.T.);
#1684=EDGE_CURVE('',#1431,#1432,#732,.T.);
#1685=EDGE_CURVE('',#1432,#1433,#733,.T.);
#1686=EDGE_CURVE('',#1433,#1376,#734,.T.);
#1687=EDGE_CURVE('',#1434,#1435,#735,.T.);
#1688=EDGE_CURVE('',#1435,#1430,#736,.T.);
#1689=EDGE_CURVE('',#1434,#1419,#737,.T.);
#1690=EDGE_CURVE('',#1436,#1417,#738,.T.);
#1691=EDGE_CURVE('',#1436,#1437,#739,.T.);
#1692=EDGE_CURVE('',#1437,#1426,#740,.T.);
#1693=EDGE_CURVE('',#1413,#1425,#741,.T.);
#1694=EDGE_CURVE('',#1438,#1396,#742,.T.);
#1695=EDGE_CURVE('',#1438,#1439,#743,.T.);
#1696=EDGE_CURVE('',#1439,#1422,#744,.T.);
#1697=EDGE_CURVE('',#1392,#1421,#745,.T.);
#1698=EDGE_CURVE('',#1400,#1440,#746,.T.);
#1699=EDGE_CURVE('',#1440,#1441,#747,.T.);
#1700=EDGE_CURVE('',#1441,#1442,#748,.T.);
#1701=EDGE_CURVE('',#1442,#1443,#749,.T.);
#1702=EDGE_CURVE('',#1443,#1397,#750,.T.);
#1703=EDGE_CURVE('',#1444,#1445,#751,.T.);
#1704=EDGE_CURVE('',#1445,#1440,#752,.T.);
#1705=EDGE_CURVE('',#1444,#1429,#753,.T.);
#1706=EDGE_CURVE('',#1446,#1434,#754,.T.);
#1707=EDGE_CURVE('',#1447,#1446,#1310,.T.);
#1708=EDGE_CURVE('',#1448,#1447,#755,.T.);
#1709=EDGE_CURVE('',#1449,#1448,#1311,.T.);
#1710=EDGE_CURVE('',#1437,#1449,#756,.T.);
#1711=EDGE_CURVE('',#1450,#1436,#757,.T.);
#1712=EDGE_CURVE('',#1451,#1450,#758,.T.);
#1713=EDGE_CURVE('',#1445,#1451,#759,.T.);
#1714=EDGE_CURVE('',#1452,#1444,#760,.T.);
#1715=EDGE_CURVE('',#1453,#1452,#1312,.T.);
#1716=EDGE_CURVE('',#1454,#1453,#761,.T.);
#1717=EDGE_CURVE('',#1455,#1454,#1313,.T.);
#1718=EDGE_CURVE('',#1439,#1455,#762,.T.);
#1719=EDGE_CURVE('',#1456,#1438,#763,.T.);
#1720=EDGE_CURVE('',#1457,#1456,#764,.T.);
#1721=EDGE_CURVE('',#1435,#1457,#765,.T.);
#1722=EDGE_CURVE('',#1458,#1458,#1314,.T.);
#1723=EDGE_CURVE('',#1459,#1459,#1315,.T.);
#1724=EDGE_CURVE('',#1460,#1460,#1316,.T.);
#1725=EDGE_CURVE('',#1461,#1461,#1317,.T.);
#1726=EDGE_CURVE('',#1462,#1463,#766,.T.);
#1727=EDGE_CURVE('',#1463,#1464,#1318,.T.);
#1728=EDGE_CURVE('',#1464,#1465,#767,.T.);
#1729=EDGE_CURVE('',#1465,#1462,#264,.T.);
#1730=EDGE_CURVE('',#1466,#1462,#768,.T.);
#1731=EDGE_CURVE('',#1465,#1467,#769,.T.);
#1732=EDGE_CURVE('',#1467,#1466,#265,.T.);
#1733=EDGE_CURVE('',#1467,#1468,#770,.T.);
#1734=EDGE_CURVE('',#1468,#1469,#1319,.T.);
#1735=EDGE_CURVE('',#1469,#1466,#771,.T.);
#1736=EDGE_CURVE('',#1470,#1471,#772,.T.);
#1737=EDGE_CURVE('',#1471,#1472,#773,.T.);
#1738=EDGE_CURVE('',#1472,#1473,#774,.T.);
#1739=EDGE_CURVE('',#1473,#1474,#775,.T.);
#1740=EDGE_CURVE('',#1474,#1475,#776,.T.);
#1741=EDGE_CURVE('',#1475,#1476,#777,.T.);
#1742=EDGE_CURVE('',#1476,#1477,#778,.T.);
#1743=EDGE_CURVE('',#1477,#1478,#779,.T.);
#1744=EDGE_CURVE('',#1478,#1479,#780,.T.);
#1745=EDGE_CURVE('',#1480,#1479,#781,.T.);
#1746=EDGE_CURVE('',#1480,#1481,#1320,.F.);
#1747=EDGE_CURVE('',#1481,#1482,#782,.T.);
#1748=EDGE_CURVE('',#1482,#1483,#783,.T.);
#1749=EDGE_CURVE('',#1483,#1484,#784,.T.);
#1750=EDGE_CURVE('',#1484,#1485,#785,.T.);
#1751=EDGE_CURVE('',#1485,#1486,#786,.T.);
#1752=EDGE_CURVE('',#1487,#1486,#1321,.T.);
#1753=EDGE_CURVE('',#1381,#1487,#787,.T.);
#1754=EDGE_CURVE('',#1380,#1488,#788,.T.);
#1755=EDGE_CURVE('',#1488,#1489,#789,.T.);
#1756=EDGE_CURVE('',#1489,#1490,#790,.T.);
#1757=EDGE_CURVE('',#1490,#1491,#791,.T.);
#1758=EDGE_CURVE('',#1491,#1492,#792,.T.);
#1759=EDGE_CURVE('',#1492,#1493,#793,.T.);
#1760=EDGE_CURVE('',#1493,#1494,#794,.T.);
#1761=EDGE_CURVE('',#1494,#1495,#795,.T.);
#1762=EDGE_CURVE('',#1495,#1496,#796,.T.);
#1763=EDGE_CURVE('',#1496,#1497,#797,.T.);
#1764=EDGE_CURVE('',#1497,#1498,#798,.T.);
#1765=EDGE_CURVE('',#1498,#1499,#799,.T.);
#1766=EDGE_CURVE('',#1499,#1500,#800,.T.);
#1767=EDGE_CURVE('',#1500,#1501,#801,.T.);
#1768=EDGE_CURVE('',#1502,#1501,#802,.T.);
#1769=EDGE_CURVE('',#1502,#1503,#1322,.F.);
#1770=EDGE_CURVE('',#1503,#1504,#803,.T.);
#1771=EDGE_CURVE('',#1504,#1505,#804,.T.);
#1772=EDGE_CURVE('',#1505,#1506,#805,.T.);
#1773=EDGE_CURVE('',#1506,#1507,#806,.T.);
#1774=EDGE_CURVE('',#1507,#1508,#807,.T.);
#1775=EDGE_CURVE('',#1509,#1508,#1323,.T.);
#1776=EDGE_CURVE('',#1402,#1509,#808,.T.);
#1777=EDGE_CURVE('',#1401,#1510,#809,.T.);
#1778=EDGE_CURVE('',#1510,#1511,#810,.T.);
#1779=EDGE_CURVE('',#1511,#1512,#811,.T.);
#1780=EDGE_CURVE('',#1512,#1513,#812,.T.);
#1781=EDGE_CURVE('',#1513,#1470,#813,.T.);
#1782=EDGE_CURVE('',#1514,#1514,#1324,.T.);
#1783=EDGE_CURVE('',#1515,#1515,#1325,.T.);
#1784=EDGE_CURVE('',#1516,#1516,#1326,.T.);
#1785=EDGE_CURVE('',#1517,#1517,#1327,.T.);
#1786=EDGE_CURVE('',#1469,#1463,#814,.T.);
#1787=EDGE_CURVE('',#1518,#1519,#815,.T.);
#1788=EDGE_CURVE('',#1520,#1519,#816,.T.);
#1789=EDGE_CURVE('',#1521,#1520,#817,.T.);
#1790=EDGE_CURVE('',#1518,#1521,#818,.T.);
#1791=EDGE_CURVE('',#1520,#1522,#266,.T.);
#1792=EDGE_CURVE('',#1522,#1523,#819,.T.);
#1793=EDGE_CURVE('',#1523,#1521,#267,.T.);
#1794=EDGE_CURVE('',#1519,#1524,#1328,.T.);
#1795=EDGE_CURVE('',#1524,#1522,#820,.T.);
#1796=EDGE_CURVE('',#1523,#1525,#821,.T.);
#1797=EDGE_CURVE('',#1525,#1518,#1329,.T.);
#1798=EDGE_CURVE('',#1458,#1526,#1330,.T.);
#1799=EDGE_CURVE('',#1526,#1527,#1331,.T.);
#1800=EDGE_CURVE('',#1527,#1526,#1332,.T.);
#1801=EDGE_CURVE('',#1527,#1515,#822,.T.);
#1802=EDGE_CURVE('',#1461,#1528,#1333,.T.);
#1803=EDGE_CURVE('',#1528,#1529,#1334,.T.);
#1804=EDGE_CURVE('',#1529,#1528,#1335,.T.);
#1805=EDGE_CURVE('',#1529,#1517,#823,.T.);
#1806=EDGE_CURVE('',#1459,#1530,#1336,.T.);
#1807=EDGE_CURVE('',#1530,#1531,#1337,.T.);
#1808=EDGE_CURVE('',#1531,#1530,#1338,.T.);
#1809=EDGE_CURVE('',#1531,#1514,#824,.T.);
#1810=EDGE_CURVE('',#1460,#1532,#1339,.T.);
#1811=EDGE_CURVE('',#1532,#1533,#1340,.T.);
#1812=EDGE_CURVE('',#1533,#1532,#1341,.T.);
#1813=EDGE_CURVE('',#1533,#1516,#825,.T.);
#1814=EDGE_CURVE('',#1534,#1535,#826,.T.);
#1815=EDGE_CURVE('',#1534,#1536,#827,.T.);
#1816=EDGE_CURVE('',#1537,#1536,#828,.T.);
#1817=EDGE_CURVE('',#1535,#1537,#829,.T.);
#1818=EDGE_CURVE('',#1538,#1534,#830,.T.);
#1819=EDGE_CURVE('',#1538,#1539,#831,.T.);
#1820=EDGE_CURVE('',#1536,#1539,#832,.T.);
#1821=EDGE_CURVE('',#1540,#1538,#833,.T.);
#1822=EDGE_CURVE('',#1540,#1541,#834,.T.);
#1823=EDGE_CURVE('',#1539,#1541,#835,.T.);
#1824=EDGE_CURVE('',#1542,#1540,#836,.T.);
#1825=EDGE_CURVE('',#1542,#1543,#837,.T.);
#1826=EDGE_CURVE('',#1541,#1543,#838,.T.);
#1827=EDGE_CURVE('',#1544,#1542,#839,.T.);
#1828=EDGE_CURVE('',#1544,#1545,#840,.T.);
#1829=EDGE_CURVE('',#1543,#1545,#841,.T.);
#1830=EDGE_CURVE('',#1472,#1546,#842,.T.);
#1831=EDGE_CURVE('',#1547,#1546,#843,.T.);
#1832=EDGE_CURVE('',#1473,#1547,#844,.T.);
#1833=EDGE_CURVE('',#1535,#1548,#845,.T.);
#1834=EDGE_CURVE('',#1549,#1537,#846,.T.);
#1835=EDGE_CURVE('',#1548,#1549,#847,.T.);
#1836=EDGE_CURVE('',#1548,#1550,#848,.T.);
#1837=EDGE_CURVE('',#1551,#1549,#849,.T.);
#1838=EDGE_CURVE('',#1550,#1551,#850,.T.);
#1839=EDGE_CURVE('',#1470,#1552,#851,.T.);
#1840=EDGE_CURVE('',#1553,#1552,#852,.T.);
#1841=EDGE_CURVE('',#1471,#1553,#853,.T.);
#1842=EDGE_CURVE('',#1546,#1553,#854,.T.);
#1843=EDGE_CURVE('',#1552,#1551,#855,.T.);
#1844=EDGE_CURVE('',#1545,#1547,#856,.T.);
#1845=EDGE_CURVE('',#1450,#1474,#857,.T.);
#1846=EDGE_CURVE('',#1550,#1544,#858,.T.);
#1847=EDGE_CURVE('',#1513,#1451,#859,.T.);
#1848=EDGE_CURVE('',#1554,#1555,#860,.T.);
#1849=EDGE_CURVE('',#1556,#1554,#861,.T.);
#1850=EDGE_CURVE('',#1557,#1556,#862,.T.);
#1851=EDGE_CURVE('',#1555,#1557,#863,.T.);
#1852=EDGE_CURVE('',#1558,#1559,#864,.T.);
#1853=EDGE_CURVE('',#1560,#1558,#865,.T.);
#1854=EDGE_CURVE('',#1561,#1560,#866,.T.);
#1855=EDGE_CURVE('',#1559,#1561,#867,.T.);
#1856=EDGE_CURVE('',#1562,#1420,#868,.T.);
#1857=EDGE_CURVE('',#1562,#1563,#1342,.T.);
#1858=EDGE_CURVE('',#1564,#1563,#869,.T.);
#1859=EDGE_CURVE('',#1501,#1564,#870,.T.);
#1860=EDGE_CURVE('',#1500,#1565,#871,.T.);
#1861=EDGE_CURVE('',#1565,#1566,#872,.T.);
#1862=EDGE_CURVE('',#1566,#1556,#873,.T.);
#1863=EDGE_CURVE('',#1554,#1389,#874,.T.);
#1864=EDGE_CURVE('',#1567,#1567,#1343,.T.);
#1865=EDGE_CURVE('',#1568,#1568,#1344,.T.);
#1866=EDGE_CURVE('',#1555,#1393,#875,.T.);
#1867=EDGE_CURVE('',#1569,#1424,#876,.T.);
#1868=EDGE_CURVE('',#1569,#1570,#1345,.T.);
#1869=EDGE_CURVE('',#1571,#1570,#877,.T.);
#1870=EDGE_CURVE('',#1479,#1571,#878,.T.);
#1871=EDGE_CURVE('',#1478,#1572,#879,.T.);
#1872=EDGE_CURVE('',#1572,#1573,#880,.T.);
#1873=EDGE_CURVE('',#1573,#1561,#881,.T.);
#1874=EDGE_CURVE('',#1560,#1410,#882,.T.);
#1875=EDGE_CURVE('',#1574,#1574,#1346,.T.);
#1876=EDGE_CURVE('',#1575,#1575,#1347,.T.);
#1877=EDGE_CURVE('',#1558,#1414,#883,.T.);
#1878=EDGE_CURVE('',#1449,#1480,#884,.T.);
#1879=EDGE_CURVE('',#1448,#1481,#885,.T.);
#1880=EDGE_CURVE('',#1576,#1571,#886,.T.);
#1881=EDGE_CURVE('',#1480,#1576,#887,.T.);
#1882=EDGE_CURVE('',#1486,#1447,#888,.T.);
#1883=EDGE_CURVE('',#1446,#1487,#889,.T.);
#1884=EDGE_CURVE('',#1485,#1577,#890,.T.);
#1885=EDGE_CURVE('',#1578,#1577,#891,.T.);
#1886=EDGE_CURVE('',#1482,#1578,#892,.T.);
#1887=EDGE_CURVE('',#1455,#1502,#893,.T.);
#1888=EDGE_CURVE('',#1454,#1503,#894,.T.);
#1889=EDGE_CURVE('',#1579,#1564,#895,.T.);
#1890=EDGE_CURVE('',#1502,#1579,#896,.T.);
#1891=EDGE_CURVE('',#1508,#1453,#897,.T.);
#1892=EDGE_CURVE('',#1452,#1509,#898,.T.);
#1893=EDGE_CURVE('',#1507,#1580,#899,.T.);
#1894=EDGE_CURVE('',#1581,#1580,#900,.T.);
#1895=EDGE_CURVE('',#1504,#1581,#901,.T.);
#1896=EDGE_CURVE('',#1582,#1582,#1348,.T.);
#1897=EDGE_CURVE('',#1582,#1583,#902,.T.);
#1898=EDGE_CURVE('',#1583,#1583,#1349,.T.);
#1899=EDGE_CURVE('',#1584,#1584,#1350,.T.);
#1900=EDGE_CURVE('',#1584,#1585,#903,.T.);
#1901=EDGE_CURVE('',#1585,#1585,#1351,.T.);
#1902=EDGE_CURVE('',#1464,#1586,#904,.T.);
#1903=EDGE_CURVE('',#1587,#1586,#905,.T.);
#1904=EDGE_CURVE('',#1465,#1587,#906,.T.);
#1905=EDGE_CURVE('',#1468,#1588,#907,.T.);
#1906=EDGE_CURVE('',#1586,#1588,#908,.T.);
#1907=EDGE_CURVE('',#1589,#1587,#909,.T.);
#1908=EDGE_CURVE('',#1467,#1589,#910,.T.);
#1909=EDGE_CURVE('',#1588,#1589,#911,.T.);
#1910=EDGE_CURVE('',#1523,#1590,#912,.T.);
#1911=EDGE_CURVE('',#1591,#1590,#913,.T.);
#1912=EDGE_CURVE('',#1525,#1591,#914,.T.);
#1913=EDGE_CURVE('',#1522,#1592,#915,.T.);
#1914=EDGE_CURVE('',#1590,#1592,#916,.T.);
#1915=EDGE_CURVE('',#1593,#1591,#917,.T.);
#1916=EDGE_CURVE('',#1524,#1593,#918,.T.);
#1917=EDGE_CURVE('',#1592,#1593,#919,.T.);
#1918=EDGE_CURVE('',#1488,#1433,#920,.T.);
#1919=EDGE_CURVE('',#1489,#1432,#921,.T.);
#1920=EDGE_CURVE('',#1490,#1431,#922,.T.);
#1921=EDGE_CURVE('',#1491,#1457,#923,.T.);
#1922=EDGE_CURVE('',#1594,#1578,#924,.T.);
#1923=EDGE_CURVE('',#1483,#1594,#925,.T.);
#1924=EDGE_CURVE('',#1595,#1594,#926,.T.);
#1925=EDGE_CURVE('',#1484,#1595,#927,.T.);
#1926=EDGE_CURVE('',#1577,#1595,#928,.T.);
#1927=EDGE_CURVE('',#1559,#1415,#929,.T.);
#1928=EDGE_CURVE('',#1415,#1573,#930,.T.);
#1929=EDGE_CURVE('',#1559,#1415,#931,.T.);
#1930=EDGE_CURVE('',#1475,#1416,#932,.T.);
#1931=EDGE_CURVE('',#1476,#1559,#933,.T.);
#1932=EDGE_CURVE('',#1596,#1415,#934,.T.);
#1933=EDGE_CURVE('',#1477,#1596,#935,.T.);
#1934=EDGE_CURVE('',#1572,#1596,#936,.T.);
#1935=EDGE_CURVE('',#1557,#1394,#937,.T.);
#1936=EDGE_CURVE('',#1394,#1566,#938,.T.);
#1937=EDGE_CURVE('',#1557,#1394,#939,.T.);
#1938=EDGE_CURVE('',#1497,#1395,#940,.T.);
#1939=EDGE_CURVE('',#1498,#1557,#941,.T.);
#1940=EDGE_CURVE('',#1597,#1394,#942,.T.);
#1941=EDGE_CURVE('',#1499,#1597,#943,.T.);
#1942=EDGE_CURVE('',#1565,#1597,#944,.T.);
#1943=EDGE_CURVE('',#1598,#1581,#945,.T.);
#1944=EDGE_CURVE('',#1505,#1598,#946,.T.);
#1945=EDGE_CURVE('',#1599,#1598,#947,.T.);
#1946=EDGE_CURVE('',#1506,#1599,#948,.T.);
#1947=EDGE_CURVE('',#1580,#1599,#949,.T.);
#1948=EDGE_CURVE('',#1510,#1443,#950,.T.);
#1949=EDGE_CURVE('',#1511,#1442,#951,.T.);
#1950=EDGE_CURVE('',#1512,#1441,#952,.T.);
#1951=EDGE_CURVE('',#1456,#1496,#953,.T.);
#1952=EDGE_CURVE('',#1495,#1600,#954,.T.);
#1953=EDGE_CURVE('',#1601,#1600,#955,.T.);
#1954=EDGE_CURVE('',#1492,#1601,#956,.T.);
#1955=EDGE_CURVE('',#1602,#1601,#957,.T.);
#1956=EDGE_CURVE('',#1493,#1602,#958,.T.);
#1957=EDGE_CURVE('',#1603,#1602,#959,.T.);
#1958=EDGE_CURVE('',#1494,#1603,#960,.T.);
#1959=EDGE_CURVE('',#1600,#1603,#961,.T.);
#1960=EDGE_CURVE('',#1604,#1569,#962,.T.);
#1961=EDGE_CURVE('',#1605,#1604,#1352,.T.);
#1962=EDGE_CURVE('',#1570,#1605,#963,.T.);
#1963=EDGE_CURVE('',#1405,#1606,#964,.T.);
#1964=EDGE_CURVE('',#1607,#1404,#965,.T.);
#1965=EDGE_CURVE('',#1606,#1607,#1353,.T.);
#1966=EDGE_CURVE('',#1608,#1608,#1354,.T.);
#1967=EDGE_CURVE('',#1608,#1388,#966,.T.);
#1968=EDGE_CURVE('',#1568,#1609,#967,.T.);
#1969=EDGE_CURVE('',#1609,#1609,#1355,.T.);
#1970=EDGE_CURVE('',#1610,#1610,#1356,.T.);
#1971=EDGE_CURVE('',#1610,#1574,#968,.T.);
#1972=EDGE_CURVE('',#1409,#1611,#969,.T.);
#1973=EDGE_CURVE('',#1611,#1611,#1357,.T.);
#1974=EDGE_CURVE('',#1384,#1612,#970,.T.);
#1975=EDGE_CURVE('',#1613,#1383,#971,.T.);
#1976=EDGE_CURVE('',#1612,#1613,#1358,.T.);
#1977=EDGE_CURVE('',#1563,#1614,#972,.T.);
#1978=EDGE_CURVE('',#1615,#1562,#973,.T.);
#1979=EDGE_CURVE('',#1614,#1615,#1359,.T.);
#1980=EDGE_CURVE('',#1616,#1616,#1360,.T.);
#1981=EDGE_CURVE('',#1616,#1575,#974,.T.);
#1982=EDGE_CURVE('',#1408,#1617,#975,.T.);
#1983=EDGE_CURVE('',#1617,#1617,#1361,.T.);
#1984=EDGE_CURVE('',#1618,#1618,#1362,.T.);
#1985=EDGE_CURVE('',#1618,#1387,#976,.T.);
#1986=EDGE_CURVE('',#1567,#1619,#977,.T.);
#1987=EDGE_CURVE('',#1619,#1619,#1363,.T.);
#1988=EDGE_CURVE('',#1403,#1620,#978,.T.);
#1989=EDGE_CURVE('',#1620,#1607,#979,.T.);
#1990=EDGE_CURVE('',#1605,#1576,#980,.T.);
#1991=EDGE_CURVE('',#1423,#1615,#981,.T.);
#1992=EDGE_CURVE('',#1382,#1621,#982,.T.);
#1993=EDGE_CURVE('',#1621,#1613,#983,.T.);
#1994=EDGE_CURVE('',#1606,#1428,#984,.T.);
#1995=EDGE_CURVE('',#1509,#1620,#985,.T.);
#1996=EDGE_CURVE('',#1614,#1579,#986,.T.);
#1997=EDGE_CURVE('',#1612,#1418,#987,.T.);
#1998=EDGE_CURVE('',#1487,#1621,#988,.T.);
#1999=EDGE_CURVE('',#1427,#1604,#989,.T.);
#2000=ORIENTED_EDGE('',*,*,#1622,.T.);
#2001=ORIENTED_EDGE('',*,*,#1623,.T.);
#2002=ORIENTED_EDGE('',*,*,#1624,.T.);
#2003=ORIENTED_EDGE('',*,*,#1625,.T.);
#2004=ORIENTED_EDGE('',*,*,#1623,.F.);
#2005=ORIENTED_EDGE('',*,*,#1626,.F.);
#2006=ORIENTED_EDGE('',*,*,#1627,.F.);
#2007=ORIENTED_EDGE('',*,*,#1628,.T.);
#2008=ORIENTED_EDGE('',*,*,#1629,.F.);
#2009=ORIENTED_EDGE('',*,*,#1630,.T.);
#2010=ORIENTED_EDGE('',*,*,#1631,.F.);
#2011=ORIENTED_EDGE('',*,*,#1632,.F.);
#2012=ORIENTED_EDGE('',*,*,#1633,.F.);
#2013=ORIENTED_EDGE('',*,*,#1634,.T.);
#2014=ORIENTED_EDGE('',*,*,#1635,.T.);
#2015=ORIENTED_EDGE('',*,*,#1636,.T.);
#2016=ORIENTED_EDGE('',*,*,#1637,.T.);
#2017=ORIENTED_EDGE('',*,*,#1638,.T.);
#2018=ORIENTED_EDGE('',*,*,#1639,.T.);
#2019=ORIENTED_EDGE('',*,*,#1637,.F.);
#2020=ORIENTED_EDGE('',*,*,#1640,.T.);
#2021=ORIENTED_EDGE('',*,*,#1641,.T.);
#2022=ORIENTED_EDGE('',*,*,#1642,.T.);
#2023=ORIENTED_EDGE('',*,*,#1643,.T.);
#2024=ORIENTED_EDGE('',*,*,#1644,.T.);
#2025=ORIENTED_EDGE('',*,*,#1645,.T.);
#2026=ORIENTED_EDGE('',*,*,#1646,.T.);
#2027=ORIENTED_EDGE('',*,*,#1647,.T.);
#2028=ORIENTED_EDGE('',*,*,#1648,.T.);
#2029=ORIENTED_EDGE('',*,*,#1646,.F.);
#2030=ORIENTED_EDGE('',*,*,#1649,.F.);
#2031=ORIENTED_EDGE('',*,*,#1650,.F.);
#2032=ORIENTED_EDGE('',*,*,#1651,.T.);
#2033=ORIENTED_EDGE('',*,*,#1652,.F.);
#2034=ORIENTED_EDGE('',*,*,#1653,.T.);
#2035=ORIENTED_EDGE('',*,*,#1654,.F.);
#2036=ORIENTED_EDGE('',*,*,#1655,.F.);
#2037=ORIENTED_EDGE('',*,*,#1656,.F.);
#2038=ORIENTED_EDGE('',*,*,#1657,.T.);
#2039=ORIENTED_EDGE('',*,*,#1658,.T.);
#2040=ORIENTED_EDGE('',*,*,#1659,.T.);
#2041=ORIENTED_EDGE('',*,*,#1660,.T.);
#2042=ORIENTED_EDGE('',*,*,#1661,.T.);
#2043=ORIENTED_EDGE('',*,*,#1662,.T.);
#2044=ORIENTED_EDGE('',*,*,#1660,.F.);
#2045=ORIENTED_EDGE('',*,*,#1663,.T.);
#2046=ORIENTED_EDGE('',*,*,#1664,.T.);
#2047=ORIENTED_EDGE('',*,*,#1665,.T.);
#2048=ORIENTED_EDGE('',*,*,#1666,.T.);
#2049=ORIENTED_EDGE('',*,*,#1667,.T.);
#2050=ORIENTED_EDGE('',*,*,#1668,.T.);
#2051=ORIENTED_EDGE('',*,*,#1669,.T.);
#2052=ORIENTED_EDGE('',*,*,#1632,.T.);
#2053=ORIENTED_EDGE('',*,*,#1670,.F.);
#2054=ORIENTED_EDGE('',*,*,#1671,.T.);
#2055=ORIENTED_EDGE('',*,*,#1672,.T.);
#2056=ORIENTED_EDGE('',*,*,#1673,.T.);
#2057=ORIENTED_EDGE('',*,*,#1674,.F.);
#2058=ORIENTED_EDGE('',*,*,#1675,.T.);
#2059=ORIENTED_EDGE('',*,*,#1676,.T.);
#2060=ORIENTED_EDGE('',*,*,#1677,.T.);
#2061=ORIENTED_EDGE('',*,*,#1678,.F.);
#2062=ORIENTED_EDGE('',*,*,#1679,.T.);
#2063=ORIENTED_EDGE('',*,*,#1680,.T.);
#2064=ORIENTED_EDGE('',*,*,#1655,.T.);
#2065=ORIENTED_EDGE('',*,*,#1681,.F.);
#2066=ORIENTED_EDGE('',*,*,#1625,.F.);
#2067=ORIENTED_EDGE('',*,*,#1682,.T.);
#2068=ORIENTED_EDGE('',*,*,#1683,.T.);
#2069=ORIENTED_EDGE('',*,*,#1684,.T.);
#2070=ORIENTED_EDGE('',*,*,#1685,.T.);
#2071=ORIENTED_EDGE('',*,*,#1686,.T.);
#2072=ORIENTED_EDGE('',*,*,#1687,.T.);
#2073=ORIENTED_EDGE('',*,*,#1688,.T.);
#2074=ORIENTED_EDGE('',*,*,#1682,.F.);
#2075=ORIENTED_EDGE('',*,*,#1624,.F.);
#2076=ORIENTED_EDGE('',*,*,#1633,.T.);
#2077=ORIENTED_EDGE('',*,*,#1669,.F.);
#2078=ORIENTED_EDGE('',*,*,#1689,.F.);
#2079=ORIENTED_EDGE('',*,*,#1667,.F.);
#2080=ORIENTED_EDGE('',*,*,#1690,.F.);
#2081=ORIENTED_EDGE('',*,*,#1691,.T.);
#2082=ORIENTED_EDGE('',*,*,#1692,.T.);
#2083=ORIENTED_EDGE('',*,*,#1676,.F.);
#2084=ORIENTED_EDGE('',*,*,#1693,.F.);
#2085=ORIENTED_EDGE('',*,*,#1661,.F.);
#2086=ORIENTED_EDGE('',*,*,#1644,.F.);
#2087=ORIENTED_EDGE('',*,*,#1694,.F.);
#2088=ORIENTED_EDGE('',*,*,#1695,.T.);
#2089=ORIENTED_EDGE('',*,*,#1696,.T.);
#2090=ORIENTED_EDGE('',*,*,#1672,.F.);
#2091=ORIENTED_EDGE('',*,*,#1697,.F.);
#2092=ORIENTED_EDGE('',*,*,#1638,.F.);
#2093=ORIENTED_EDGE('',*,*,#1648,.F.);
#2094=ORIENTED_EDGE('',*,*,#1698,.T.);
#2095=ORIENTED_EDGE('',*,*,#1699,.T.);
#2096=ORIENTED_EDGE('',*,*,#1700,.T.);
#2097=ORIENTED_EDGE('',*,*,#1701,.T.);
#2098=ORIENTED_EDGE('',*,*,#1702,.T.);
#2099=ORIENTED_EDGE('',*,*,#1703,.T.);
#2100=ORIENTED_EDGE('',*,*,#1704,.T.);
#2101=ORIENTED_EDGE('',*,*,#1698,.F.);
#2102=ORIENTED_EDGE('',*,*,#1647,.F.);
#2103=ORIENTED_EDGE('',*,*,#1656,.T.);
#2104=ORIENTED_EDGE('',*,*,#1680,.F.);
#2105=ORIENTED_EDGE('',*,*,#1705,.F.);
#2106=ORIENTED_EDGE('',*,*,#1687,.F.);
#2107=ORIENTED_EDGE('',*,*,#1706,.F.);
#2108=ORIENTED_EDGE('',*,*,#1707,.F.);
#2109=ORIENTED_EDGE('',*,*,#1708,.F.);
#2110=ORIENTED_EDGE('',*,*,#1709,.F.);
#2111=ORIENTED_EDGE('',*,*,#1710,.F.);
#2112=ORIENTED_EDGE('',*,*,#1691,.F.);
#2113=ORIENTED_EDGE('',*,*,#1711,.F.);
#2114=ORIENTED_EDGE('',*,*,#1712,.F.);
#2115=ORIENTED_EDGE('',*,*,#1713,.F.);
#2116=ORIENTED_EDGE('',*,*,#1703,.F.);
#2117=ORIENTED_EDGE('',*,*,#1714,.F.);
#2118=ORIENTED_EDGE('',*,*,#1715,.F.);
#2119=ORIENTED_EDGE('',*,*,#1716,.F.);
#2120=ORIENTED_EDGE('',*,*,#1717,.F.);
#2121=ORIENTED_EDGE('',*,*,#1718,.F.);
#2122=ORIENTED_EDGE('',*,*,#1695,.F.);
#2123=ORIENTED_EDGE('',*,*,#1719,.F.);
#2124=ORIENTED_EDGE('',*,*,#1720,.F.);
#2125=ORIENTED_EDGE('',*,*,#1721,.F.);
#2126=ORIENTED_EDGE('',*,*,#1722,.F.);
#2127=ORIENTED_EDGE('',*,*,#1723,.F.);
#2128=ORIENTED_EDGE('',*,*,#1724,.F.);
#2129=ORIENTED_EDGE('',*,*,#1725,.F.);
#2130=ORIENTED_EDGE('',*,*,#1726,.T.);
#2131=ORIENTED_EDGE('',*,*,#1727,.T.);
#2132=ORIENTED_EDGE('',*,*,#1728,.T.);
#2133=ORIENTED_EDGE('',*,*,#1729,.T.);
#2134=ORIENTED_EDGE('',*,*,#1730,.T.);
#2135=ORIENTED_EDGE('',*,*,#1729,.F.);
#2136=ORIENTED_EDGE('',*,*,#1731,.T.);
#2137=ORIENTED_EDGE('',*,*,#1732,.T.);
#2138=ORIENTED_EDGE('',*,*,#1733,.T.);
#2139=ORIENTED_EDGE('',*,*,#1734,.T.);
#2140=ORIENTED_EDGE('',*,*,#1735,.T.);
#2141=ORIENTED_EDGE('',*,*,#1732,.F.);
#2142=ORIENTED_EDGE('',*,*,#1736,.T.);
#2143=ORIENTED_EDGE('',*,*,#1737,.T.);
#2144=ORIENTED_EDGE('',*,*,#1738,.T.);
#2145=ORIENTED_EDGE('',*,*,#1739,.T.);
#2146=ORIENTED_EDGE('',*,*,#1740,.T.);
#2147=ORIENTED_EDGE('',*,*,#1741,.T.);
#2148=ORIENTED_EDGE('',*,*,#1742,.T.);
#2149=ORIENTED_EDGE('',*,*,#1743,.T.);
#2150=ORIENTED_EDGE('',*,*,#1744,.T.);
#2151=ORIENTED_EDGE('',*,*,#1745,.F.);
#2152=ORIENTED_EDGE('',*,*,#1746,.T.);
#2153=ORIENTED_EDGE('',*,*,#1747,.T.);
#2154=ORIENTED_EDGE('',*,*,#1748,.T.);
#2155=ORIENTED_EDGE('',*,*,#1749,.T.);
#2156=ORIENTED_EDGE('',*,*,#1750,.T.);
#2157=ORIENTED_EDGE('',*,*,#1751,.T.);
#2158=ORIENTED_EDGE('',*,*,#1752,.F.);
#2159=ORIENTED_EDGE('',*,*,#1753,.F.);
#2160=ORIENTED_EDGE('',*,*,#1627,.T.);
#2161=ORIENTED_EDGE('',*,*,#1754,.T.);
#2162=ORIENTED_EDGE('',*,*,#1755,.T.);
#2163=ORIENTED_EDGE('',*,*,#1756,.T.);
#2164=ORIENTED_EDGE('',*,*,#1757,.T.);
#2165=ORIENTED_EDGE('',*,*,#1758,.T.);
#2166=ORIENTED_EDGE('',*,*,#1759,.T.);
#2167=ORIENTED_EDGE('',*,*,#1760,.T.);
#2168=ORIENTED_EDGE('',*,*,#1761,.T.);
#2169=ORIENTED_EDGE('',*,*,#1762,.T.);
#2170=ORIENTED_EDGE('',*,*,#1763,.T.);
#2171=ORIENTED_EDGE('',*,*,#1764,.T.);
#2172=ORIENTED_EDGE('',*,*,#1765,.T.);
#2173=ORIENTED_EDGE('',*,*,#1766,.T.);
#2174=ORIENTED_EDGE('',*,*,#1767,.T.);
#2175=ORIENTED_EDGE('',*,*,#1768,.F.);
#2176=ORIENTED_EDGE('',*,*,#1769,.T.);
#2177=ORIENTED_EDGE('',*,*,#1770,.T.);
#2178=ORIENTED_EDGE('',*,*,#1771,.T.);
#2179=ORIENTED_EDGE('',*,*,#1772,.T.);
#2180=ORIENTED_EDGE('',*,*,#1773,.T.);
#2181=ORIENTED_EDGE('',*,*,#1774,.T.);
#2182=ORIENTED_EDGE('',*,*,#1775,.F.);
#2183=ORIENTED_EDGE('',*,*,#1776,.F.);
#2184=ORIENTED_EDGE('',*,*,#1650,.T.);
#2185=ORIENTED_EDGE('',*,*,#1777,.T.);
#2186=ORIENTED_EDGE('',*,*,#1778,.T.);
#2187=ORIENTED_EDGE('',*,*,#1779,.T.);
#2188=ORIENTED_EDGE('',*,*,#1780,.T.);
#2189=ORIENTED_EDGE('',*,*,#1781,.T.);
#2190=ORIENTED_EDGE('',*,*,#1782,.T.);
#2191=ORIENTED_EDGE('',*,*,#1783,.T.);
#2192=ORIENTED_EDGE('',*,*,#1784,.T.);
#2193=ORIENTED_EDGE('',*,*,#1785,.T.);
#2194=ORIENTED_EDGE('',*,*,#1786,.T.);
#2195=ORIENTED_EDGE('',*,*,#1726,.F.);
#2196=ORIENTED_EDGE('',*,*,#1730,.F.);
#2197=ORIENTED_EDGE('',*,*,#1735,.F.);
#2198=ORIENTED_EDGE('',*,*,#1787,.T.);
#2199=ORIENTED_EDGE('',*,*,#1788,.F.);
#2200=ORIENTED_EDGE('',*,*,#1789,.F.);
#2201=ORIENTED_EDGE('',*,*,#1790,.F.);
#2202=ORIENTED_EDGE('',*,*,#1789,.T.);
#2203=ORIENTED_EDGE('',*,*,#1791,.T.);
#2204=ORIENTED_EDGE('',*,*,#1792,.T.);
#2205=ORIENTED_EDGE('',*,*,#1793,.T.);
#2206=ORIENTED_EDGE('',*,*,#1788,.T.);
#2207=ORIENTED_EDGE('',*,*,#1794,.T.);
#2208=ORIENTED_EDGE('',*,*,#1795,.T.);
#2209=ORIENTED_EDGE('',*,*,#1791,.F.);
#2210=ORIENTED_EDGE('',*,*,#1796,.T.);
#2211=ORIENTED_EDGE('',*,*,#1797,.T.);
#2212=ORIENTED_EDGE('',*,*,#1790,.T.);
#2213=ORIENTED_EDGE('',*,*,#1793,.F.);
#2214=ORIENTED_EDGE('',*,*,#1722,.T.);
#2215=ORIENTED_EDGE('',*,*,#1798,.T.);
#2216=ORIENTED_EDGE('',*,*,#1799,.T.);
#2217=ORIENTED_EDGE('',*,*,#1800,.T.);
#2218=ORIENTED_EDGE('',*,*,#1798,.F.);
#2219=ORIENTED_EDGE('',*,*,#1799,.F.);
#2220=ORIENTED_EDGE('',*,*,#1800,.F.);
#2221=ORIENTED_EDGE('',*,*,#1801,.T.);
#2222=ORIENTED_EDGE('',*,*,#1783,.F.);
#2223=ORIENTED_EDGE('',*,*,#1801,.F.);
#2224=ORIENTED_EDGE('',*,*,#1725,.T.);
#2225=ORIENTED_EDGE('',*,*,#1802,.T.);
#2226=ORIENTED_EDGE('',*,*,#1803,.T.);
#2227=ORIENTED_EDGE('',*,*,#1804,.T.);
#2228=ORIENTED_EDGE('',*,*,#1802,.F.);
#2229=ORIENTED_EDGE('',*,*,#1803,.F.);
#2230=ORIENTED_EDGE('',*,*,#1804,.F.);
#2231=ORIENTED_EDGE('',*,*,#1805,.T.);
#2232=ORIENTED_EDGE('',*,*,#1785,.F.);
#2233=ORIENTED_EDGE('',*,*,#1805,.F.);
#2234=ORIENTED_EDGE('',*,*,#1723,.T.);
#2235=ORIENTED_EDGE('',*,*,#1806,.T.);
#2236=ORIENTED_EDGE('',*,*,#1807,.T.);
#2237=ORIENTED_EDGE('',*,*,#1808,.T.);
#2238=ORIENTED_EDGE('',*,*,#1806,.F.);
#2239=ORIENTED_EDGE('',*,*,#1807,.F.);
#2240=ORIENTED_EDGE('',*,*,#1808,.F.);
#2241=ORIENTED_EDGE('',*,*,#1809,.T.);
#2242=ORIENTED_EDGE('',*,*,#1782,.F.);
#2243=ORIENTED_EDGE('',*,*,#1809,.F.);
#2244=ORIENTED_EDGE('',*,*,#1724,.T.);
#2245=ORIENTED_EDGE('',*,*,#1810,.T.);
#2246=ORIENTED_EDGE('',*,*,#1811,.T.);
#2247=ORIENTED_EDGE('',*,*,#1812,.T.);
#2248=ORIENTED_EDGE('',*,*,#1810,.F.);
#2249=ORIENTED_EDGE('',*,*,#1811,.F.);
#2250=ORIENTED_EDGE('',*,*,#1812,.F.);
#2251=ORIENTED_EDGE('',*,*,#1813,.T.);
#2252=ORIENTED_EDGE('',*,*,#1784,.F.);
#2253=ORIENTED_EDGE('',*,*,#1813,.F.);
#2254=ORIENTED_EDGE('',*,*,#1814,.F.);
#2255=ORIENTED_EDGE('',*,*,#1815,.T.);
#2256=ORIENTED_EDGE('',*,*,#1816,.F.);
#2257=ORIENTED_EDGE('',*,*,#1817,.F.);
#2258=ORIENTED_EDGE('',*,*,#1818,.F.);
#2259=ORIENTED_EDGE('',*,*,#1819,.T.);
#2260=ORIENTED_EDGE('',*,*,#1820,.F.);
#2261=ORIENTED_EDGE('',*,*,#1815,.F.);
#2262=ORIENTED_EDGE('',*,*,#1821,.F.);
#2263=ORIENTED_EDGE('',*,*,#1822,.T.);
#2264=ORIENTED_EDGE('',*,*,#1823,.F.);
#2265=ORIENTED_EDGE('',*,*,#1819,.F.);
#2266=ORIENTED_EDGE('',*,*,#1824,.F.);
#2267=ORIENTED_EDGE('',*,*,#1825,.T.);
#2268=ORIENTED_EDGE('',*,*,#1826,.F.);
#2269=ORIENTED_EDGE('',*,*,#1822,.F.);
#2270=ORIENTED_EDGE('',*,*,#1827,.F.);
#2271=ORIENTED_EDGE('',*,*,#1828,.T.);
#2272=ORIENTED_EDGE('',*,*,#1829,.F.);
#2273=ORIENTED_EDGE('',*,*,#1825,.F.);
#2274=ORIENTED_EDGE('',*,*,#1738,.F.);
#2275=ORIENTED_EDGE('',*,*,#1830,.T.);
#2276=ORIENTED_EDGE('',*,*,#1831,.F.);
#2277=ORIENTED_EDGE('',*,*,#1832,.F.);
#2278=ORIENTED_EDGE('',*,*,#1833,.F.);
#2279=ORIENTED_EDGE('',*,*,#1817,.T.);
#2280=ORIENTED_EDGE('',*,*,#1834,.F.);
#2281=ORIENTED_EDGE('',*,*,#1835,.F.);
#2282=ORIENTED_EDGE('',*,*,#1836,.F.);
#2283=ORIENTED_EDGE('',*,*,#1835,.T.);
#2284=ORIENTED_EDGE('',*,*,#1837,.F.);
#2285=ORIENTED_EDGE('',*,*,#1838,.F.);
#2286=ORIENTED_EDGE('',*,*,#1736,.F.);
#2287=ORIENTED_EDGE('',*,*,#1839,.T.);
#2288=ORIENTED_EDGE('',*,*,#1840,.F.);
#2289=ORIENTED_EDGE('',*,*,#1841,.F.);
#2290=ORIENTED_EDGE('',*,*,#1737,.F.);
#2291=ORIENTED_EDGE('',*,*,#1841,.T.);
#2292=ORIENTED_EDGE('',*,*,#1842,.F.);
#2293=ORIENTED_EDGE('',*,*,#1830,.F.);
#2294=ORIENTED_EDGE('',*,*,#1842,.T.);
#2295=ORIENTED_EDGE('',*,*,#1840,.T.);
#2296=ORIENTED_EDGE('',*,*,#1843,.T.);
#2297=ORIENTED_EDGE('',*,*,#1837,.T.);
#2298=ORIENTED_EDGE('',*,*,#1834,.T.);
#2299=ORIENTED_EDGE('',*,*,#1816,.T.);
#2300=ORIENTED_EDGE('',*,*,#1820,.T.);
#2301=ORIENTED_EDGE('',*,*,#1823,.T.);
#2302=ORIENTED_EDGE('',*,*,#1826,.T.);
#2303=ORIENTED_EDGE('',*,*,#1829,.T.);
#2304=ORIENTED_EDGE('',*,*,#1844,.T.);
#2305=ORIENTED_EDGE('',*,*,#1831,.T.);
#2306=ORIENTED_EDGE('',*,*,#1712,.T.);
#2307=ORIENTED_EDGE('',*,*,#1845,.T.);
#2308=ORIENTED_EDGE('',*,*,#1739,.F.);
#2309=ORIENTED_EDGE('',*,*,#1832,.T.);
#2310=ORIENTED_EDGE('',*,*,#1844,.F.);
#2311=ORIENTED_EDGE('',*,*,#1828,.F.);
#2312=ORIENTED_EDGE('',*,*,#1846,.F.);
#2313=ORIENTED_EDGE('',*,*,#1838,.T.);
#2314=ORIENTED_EDGE('',*,*,#1843,.F.);
#2315=ORIENTED_EDGE('',*,*,#1839,.F.);
#2316=ORIENTED_EDGE('',*,*,#1781,.F.);
#2317=ORIENTED_EDGE('',*,*,#1847,.T.);
#2318=ORIENTED_EDGE('',*,*,#1848,.F.);
#2319=ORIENTED_EDGE('',*,*,#1849,.F.);
#2320=ORIENTED_EDGE('',*,*,#1850,.F.);
#2321=ORIENTED_EDGE('',*,*,#1851,.F.);
#2322=ORIENTED_EDGE('',*,*,#1852,.F.);
#2323=ORIENTED_EDGE('',*,*,#1853,.F.);
#2324=ORIENTED_EDGE('',*,*,#1854,.F.);
#2325=ORIENTED_EDGE('',*,*,#1855,.F.);
#2326=ORIENTED_EDGE('',*,*,#1639,.F.);
#2327=ORIENTED_EDGE('',*,*,#1697,.T.);
#2328=ORIENTED_EDGE('',*,*,#1671,.F.);
#2329=ORIENTED_EDGE('',*,*,#1856,.F.);
#2330=ORIENTED_EDGE('',*,*,#1857,.T.);
#2331=ORIENTED_EDGE('',*,*,#1858,.F.);
#2332=ORIENTED_EDGE('',*,*,#1859,.F.);
#2333=ORIENTED_EDGE('',*,*,#1767,.F.);
#2334=ORIENTED_EDGE('',*,*,#1860,.T.);
#2335=ORIENTED_EDGE('',*,*,#1861,.T.);
#2336=ORIENTED_EDGE('',*,*,#1862,.T.);
#2337=ORIENTED_EDGE('',*,*,#1849,.T.);
#2338=ORIENTED_EDGE('',*,*,#1863,.T.);
#2339=ORIENTED_EDGE('',*,*,#1864,.T.);
#2340=ORIENTED_EDGE('',*,*,#1865,.T.);
#2341=ORIENTED_EDGE('',*,*,#1848,.T.);
#2342=ORIENTED_EDGE('',*,*,#1866,.T.);
#2343=ORIENTED_EDGE('',*,*,#1640,.F.);
#2344=ORIENTED_EDGE('',*,*,#1636,.F.);
#2345=ORIENTED_EDGE('',*,*,#1863,.F.);
#2346=ORIENTED_EDGE('',*,*,#1662,.F.);
#2347=ORIENTED_EDGE('',*,*,#1693,.T.);
#2348=ORIENTED_EDGE('',*,*,#1675,.F.);
#2349=ORIENTED_EDGE('',*,*,#1867,.F.);
#2350=ORIENTED_EDGE('',*,*,#1868,.T.);
#2351=ORIENTED_EDGE('',*,*,#1869,.F.);
#2352=ORIENTED_EDGE('',*,*,#1870,.F.);
#2353=ORIENTED_EDGE('',*,*,#1744,.F.);
#2354=ORIENTED_EDGE('',*,*,#1871,.T.);
#2355=ORIENTED_EDGE('',*,*,#1872,.T.);
#2356=ORIENTED_EDGE('',*,*,#1873,.T.);
#2357=ORIENTED_EDGE('',*,*,#1854,.T.);
#2358=ORIENTED_EDGE('',*,*,#1874,.T.);
#2359=ORIENTED_EDGE('',*,*,#1875,.T.);
#2360=ORIENTED_EDGE('',*,*,#1876,.T.);
#2361=ORIENTED_EDGE('',*,*,#1853,.T.);
#2362=ORIENTED_EDGE('',*,*,#1877,.T.);
#2363=ORIENTED_EDGE('',*,*,#1663,.F.);
#2364=ORIENTED_EDGE('',*,*,#1659,.F.);
#2365=ORIENTED_EDGE('',*,*,#1874,.F.);
#2366=ORIENTED_EDGE('',*,*,#1746,.F.);
#2367=ORIENTED_EDGE('',*,*,#1878,.F.);
#2368=ORIENTED_EDGE('',*,*,#1709,.T.);
#2369=ORIENTED_EDGE('',*,*,#1879,.T.);
#2370=ORIENTED_EDGE('',*,*,#1745,.T.);
#2371=ORIENTED_EDGE('',*,*,#1870,.T.);
#2372=ORIENTED_EDGE('',*,*,#1880,.F.);
#2373=ORIENTED_EDGE('',*,*,#1881,.F.);
#2374=ORIENTED_EDGE('',*,*,#1752,.T.);
#2375=ORIENTED_EDGE('',*,*,#1882,.T.);
#2376=ORIENTED_EDGE('',*,*,#1707,.T.);
#2377=ORIENTED_EDGE('',*,*,#1883,.T.);
#2378=ORIENTED_EDGE('',*,*,#1879,.F.);
#2379=ORIENTED_EDGE('',*,*,#1708,.T.);
#2380=ORIENTED_EDGE('',*,*,#1882,.F.);
#2381=ORIENTED_EDGE('',*,*,#1751,.F.);
#2382=ORIENTED_EDGE('',*,*,#1884,.T.);
#2383=ORIENTED_EDGE('',*,*,#1885,.F.);
#2384=ORIENTED_EDGE('',*,*,#1886,.F.);
#2385=ORIENTED_EDGE('',*,*,#1747,.F.);
#2386=ORIENTED_EDGE('',*,*,#1769,.F.);
#2387=ORIENTED_EDGE('',*,*,#1887,.F.);
#2388=ORIENTED_EDGE('',*,*,#1717,.T.);
#2389=ORIENTED_EDGE('',*,*,#1888,.T.);
#2390=ORIENTED_EDGE('',*,*,#1768,.T.);
#2391=ORIENTED_EDGE('',*,*,#1859,.T.);
#2392=ORIENTED_EDGE('',*,*,#1889,.F.);
#2393=ORIENTED_EDGE('',*,*,#1890,.F.);
#2394=ORIENTED_EDGE('',*,*,#1775,.T.);
#2395=ORIENTED_EDGE('',*,*,#1891,.T.);
#2396=ORIENTED_EDGE('',*,*,#1715,.T.);
#2397=ORIENTED_EDGE('',*,*,#1892,.T.);
#2398=ORIENTED_EDGE('',*,*,#1888,.F.);
#2399=ORIENTED_EDGE('',*,*,#1716,.T.);
#2400=ORIENTED_EDGE('',*,*,#1891,.F.);
#2401=ORIENTED_EDGE('',*,*,#1774,.F.);
#2402=ORIENTED_EDGE('',*,*,#1893,.T.);
#2403=ORIENTED_EDGE('',*,*,#1894,.F.);
#2404=ORIENTED_EDGE('',*,*,#1895,.F.);
#2405=ORIENTED_EDGE('',*,*,#1770,.F.);
#2406=ORIENTED_EDGE('',*,*,#1896,.F.);
#2407=ORIENTED_EDGE('',*,*,#1897,.T.);
#2408=ORIENTED_EDGE('',*,*,#1898,.F.);
#2409=ORIENTED_EDGE('',*,*,#1897,.F.);
#2410=ORIENTED_EDGE('',*,*,#1896,.T.);
#2411=ORIENTED_EDGE('',*,*,#1899,.F.);
#2412=ORIENTED_EDGE('',*,*,#1900,.T.);
#2413=ORIENTED_EDGE('',*,*,#1901,.F.);
#2414=ORIENTED_EDGE('',*,*,#1900,.F.);
#2415=ORIENTED_EDGE('',*,*,#1899,.T.);
#2416=ORIENTED_EDGE('',*,*,#1728,.F.);
#2417=ORIENTED_EDGE('',*,*,#1902,.T.);
#2418=ORIENTED_EDGE('',*,*,#1903,.F.);
#2419=ORIENTED_EDGE('',*,*,#1904,.F.);
#2420=ORIENTED_EDGE('',*,*,#1786,.F.);
#2421=ORIENTED_EDGE('',*,*,#1734,.F.);
#2422=ORIENTED_EDGE('',*,*,#1905,.T.);
#2423=ORIENTED_EDGE('',*,*,#1906,.F.);
#2424=ORIENTED_EDGE('',*,*,#1902,.F.);
#2425=ORIENTED_EDGE('',*,*,#1727,.F.);
#2426=ORIENTED_EDGE('',*,*,#1731,.F.);
#2427=ORIENTED_EDGE('',*,*,#1904,.T.);
#2428=ORIENTED_EDGE('',*,*,#1907,.F.);
#2429=ORIENTED_EDGE('',*,*,#1908,.F.);
#2430=ORIENTED_EDGE('',*,*,#1733,.F.);
#2431=ORIENTED_EDGE('',*,*,#1908,.T.);
#2432=ORIENTED_EDGE('',*,*,#1909,.F.);
#2433=ORIENTED_EDGE('',*,*,#1905,.F.);
#2434=ORIENTED_EDGE('',*,*,#1909,.T.);
#2435=ORIENTED_EDGE('',*,*,#1907,.T.);
#2436=ORIENTED_EDGE('',*,*,#1903,.T.);
#2437=ORIENTED_EDGE('',*,*,#1906,.T.);
#2438=ORIENTED_EDGE('',*,*,#1898,.T.);
#2439=ORIENTED_EDGE('',*,*,#1796,.F.);
#2440=ORIENTED_EDGE('',*,*,#1910,.T.);
#2441=ORIENTED_EDGE('',*,*,#1911,.F.);
#2442=ORIENTED_EDGE('',*,*,#1912,.F.);
#2443=ORIENTED_EDGE('',*,*,#1792,.F.);
#2444=ORIENTED_EDGE('',*,*,#1913,.T.);
#2445=ORIENTED_EDGE('',*,*,#1914,.F.);
#2446=ORIENTED_EDGE('',*,*,#1910,.F.);
#2447=ORIENTED_EDGE('',*,*,#1787,.F.);
#2448=ORIENTED_EDGE('',*,*,#1797,.F.);
#2449=ORIENTED_EDGE('',*,*,#1912,.T.);
#2450=ORIENTED_EDGE('',*,*,#1915,.F.);
#2451=ORIENTED_EDGE('',*,*,#1916,.F.);
#2452=ORIENTED_EDGE('',*,*,#1794,.F.);
#2453=ORIENTED_EDGE('',*,*,#1795,.F.);
#2454=ORIENTED_EDGE('',*,*,#1916,.T.);
#2455=ORIENTED_EDGE('',*,*,#1917,.F.);
#2456=ORIENTED_EDGE('',*,*,#1913,.F.);
#2457=ORIENTED_EDGE('',*,*,#1917,.T.);
#2458=ORIENTED_EDGE('',*,*,#1915,.T.);
#2459=ORIENTED_EDGE('',*,*,#1911,.T.);
#2460=ORIENTED_EDGE('',*,*,#1914,.T.);
#2461=ORIENTED_EDGE('',*,*,#1901,.T.);
#2462=ORIENTED_EDGE('',*,*,#1626,.T.);
#2463=ORIENTED_EDGE('',*,*,#1622,.F.);
#2464=ORIENTED_EDGE('',*,*,#1686,.F.);
#2465=ORIENTED_EDGE('',*,*,#1918,.F.);
#2466=ORIENTED_EDGE('',*,*,#1754,.F.);
#2467=ORIENTED_EDGE('',*,*,#1755,.F.);
#2468=ORIENTED_EDGE('',*,*,#1918,.T.);
#2469=ORIENTED_EDGE('',*,*,#1685,.F.);
#2470=ORIENTED_EDGE('',*,*,#1919,.F.);
#2471=ORIENTED_EDGE('',*,*,#1756,.F.);
#2472=ORIENTED_EDGE('',*,*,#1919,.T.);
#2473=ORIENTED_EDGE('',*,*,#1684,.F.);
#2474=ORIENTED_EDGE('',*,*,#1920,.F.);
#2475=ORIENTED_EDGE('',*,*,#1757,.F.);
#2476=ORIENTED_EDGE('',*,*,#1920,.T.);
#2477=ORIENTED_EDGE('',*,*,#1683,.F.);
#2478=ORIENTED_EDGE('',*,*,#1688,.F.);
#2479=ORIENTED_EDGE('',*,*,#1721,.T.);
#2480=ORIENTED_EDGE('',*,*,#1921,.F.);
#2481=ORIENTED_EDGE('',*,*,#1748,.F.);
#2482=ORIENTED_EDGE('',*,*,#1886,.T.);
#2483=ORIENTED_EDGE('',*,*,#1922,.F.);
#2484=ORIENTED_EDGE('',*,*,#1923,.F.);
#2485=ORIENTED_EDGE('',*,*,#1749,.F.);
#2486=ORIENTED_EDGE('',*,*,#1923,.T.);
#2487=ORIENTED_EDGE('',*,*,#1924,.F.);
#2488=ORIENTED_EDGE('',*,*,#1925,.F.);
#2489=ORIENTED_EDGE('',*,*,#1750,.F.);
#2490=ORIENTED_EDGE('',*,*,#1925,.T.);
#2491=ORIENTED_EDGE('',*,*,#1926,.F.);
#2492=ORIENTED_EDGE('',*,*,#1884,.F.);
#2493=ORIENTED_EDGE('',*,*,#1922,.T.);
#2494=ORIENTED_EDGE('',*,*,#1885,.T.);
#2495=ORIENTED_EDGE('',*,*,#1926,.T.);
#2496=ORIENTED_EDGE('',*,*,#1924,.T.);
#2497=ORIENTED_EDGE('',*,*,#1852,.T.);
#2498=ORIENTED_EDGE('',*,*,#1927,.T.);
#2499=ORIENTED_EDGE('',*,*,#1664,.F.);
#2500=ORIENTED_EDGE('',*,*,#1877,.F.);
#2501=ORIENTED_EDGE('',*,*,#1855,.T.);
#2502=ORIENTED_EDGE('',*,*,#1873,.F.);
#2503=ORIENTED_EDGE('',*,*,#1928,.F.);
#2504=ORIENTED_EDGE('',*,*,#1929,.F.);
#2505=ORIENTED_EDGE('',*,*,#1741,.F.);
#2506=ORIENTED_EDGE('',*,*,#1930,.T.);
#2507=ORIENTED_EDGE('',*,*,#1665,.F.);
#2508=ORIENTED_EDGE('',*,*,#1927,.F.);
#2509=ORIENTED_EDGE('',*,*,#1931,.F.);
#2510=ORIENTED_EDGE('',*,*,#1742,.F.);
#2511=ORIENTED_EDGE('',*,*,#1931,.T.);
#2512=ORIENTED_EDGE('',*,*,#1929,.T.);
#2513=ORIENTED_EDGE('',*,*,#1932,.F.);
#2514=ORIENTED_EDGE('',*,*,#1933,.F.);
#2515=ORIENTED_EDGE('',*,*,#1743,.F.);
#2516=ORIENTED_EDGE('',*,*,#1933,.T.);
#2517=ORIENTED_EDGE('',*,*,#1934,.F.);
#2518=ORIENTED_EDGE('',*,*,#1871,.F.);
#2519=ORIENTED_EDGE('',*,*,#1928,.T.);
#2520=ORIENTED_EDGE('',*,*,#1872,.F.);
#2521=ORIENTED_EDGE('',*,*,#1934,.T.);
#2522=ORIENTED_EDGE('',*,*,#1932,.T.);
#2523=ORIENTED_EDGE('',*,*,#1851,.T.);
#2524=ORIENTED_EDGE('',*,*,#1935,.T.);
#2525=ORIENTED_EDGE('',*,*,#1641,.F.);
#2526=ORIENTED_EDGE('',*,*,#1866,.F.);
#2527=ORIENTED_EDGE('',*,*,#1850,.T.);
#2528=ORIENTED_EDGE('',*,*,#1862,.F.);
#2529=ORIENTED_EDGE('',*,*,#1936,.F.);
#2530=ORIENTED_EDGE('',*,*,#1937,.F.);
#2531=ORIENTED_EDGE('',*,*,#1764,.F.);
#2532=ORIENTED_EDGE('',*,*,#1938,.T.);
#2533=ORIENTED_EDGE('',*,*,#1642,.F.);
#2534=ORIENTED_EDGE('',*,*,#1935,.F.);
#2535=ORIENTED_EDGE('',*,*,#1939,.F.);
#2536=ORIENTED_EDGE('',*,*,#1765,.F.);
#2537=ORIENTED_EDGE('',*,*,#1939,.T.);
#2538=ORIENTED_EDGE('',*,*,#1937,.T.);
#2539=ORIENTED_EDGE('',*,*,#1940,.F.);
#2540=ORIENTED_EDGE('',*,*,#1941,.F.);
#2541=ORIENTED_EDGE('',*,*,#1766,.F.);
#2542=ORIENTED_EDGE('',*,*,#1941,.T.);
#2543=ORIENTED_EDGE('',*,*,#1942,.F.);
#2544=ORIENTED_EDGE('',*,*,#1860,.F.);
#2545=ORIENTED_EDGE('',*,*,#1936,.T.);
#2546=ORIENTED_EDGE('',*,*,#1861,.F.);
#2547=ORIENTED_EDGE('',*,*,#1942,.T.);
#2548=ORIENTED_EDGE('',*,*,#1940,.T.);
#2549=ORIENTED_EDGE('',*,*,#1771,.F.);
#2550=ORIENTED_EDGE('',*,*,#1895,.T.);
#2551=ORIENTED_EDGE('',*,*,#1943,.F.);
#2552=ORIENTED_EDGE('',*,*,#1944,.F.);
#2553=ORIENTED_EDGE('',*,*,#1772,.F.);
#2554=ORIENTED_EDGE('',*,*,#1944,.T.);
#2555=ORIENTED_EDGE('',*,*,#1945,.F.);
#2556=ORIENTED_EDGE('',*,*,#1946,.F.);
#2557=ORIENTED_EDGE('',*,*,#1773,.F.);
#2558=ORIENTED_EDGE('',*,*,#1946,.T.);
#2559=ORIENTED_EDGE('',*,*,#1947,.F.);
#2560=ORIENTED_EDGE('',*,*,#1893,.F.);
#2561=ORIENTED_EDGE('',*,*,#1943,.T.);
#2562=ORIENTED_EDGE('',*,*,#1894,.T.);
#2563=ORIENTED_EDGE('',*,*,#1947,.T.);
#2564=ORIENTED_EDGE('',*,*,#1945,.T.);
#2565=ORIENTED_EDGE('',*,*,#1649,.T.);
#2566=ORIENTED_EDGE('',*,*,#1645,.F.);
#2567=ORIENTED_EDGE('',*,*,#1702,.F.);
#2568=ORIENTED_EDGE('',*,*,#1948,.F.);
#2569=ORIENTED_EDGE('',*,*,#1777,.F.);
#2570=ORIENTED_EDGE('',*,*,#1778,.F.);
#2571=ORIENTED_EDGE('',*,*,#1948,.T.);
#2572=ORIENTED_EDGE('',*,*,#1701,.F.);
#2573=ORIENTED_EDGE('',*,*,#1949,.F.);
#2574=ORIENTED_EDGE('',*,*,#1779,.F.);
#2575=ORIENTED_EDGE('',*,*,#1949,.T.);
#2576=ORIENTED_EDGE('',*,*,#1700,.F.);
#2577=ORIENTED_EDGE('',*,*,#1950,.F.);
#2578=ORIENTED_EDGE('',*,*,#1780,.F.);
#2579=ORIENTED_EDGE('',*,*,#1950,.T.);
#2580=ORIENTED_EDGE('',*,*,#1699,.F.);
#2581=ORIENTED_EDGE('',*,*,#1704,.F.);
#2582=ORIENTED_EDGE('',*,*,#1713,.T.);
#2583=ORIENTED_EDGE('',*,*,#1847,.F.);
#2584=ORIENTED_EDGE('',*,*,#1921,.T.);
#2585=ORIENTED_EDGE('',*,*,#1720,.T.);
#2586=ORIENTED_EDGE('',*,*,#1951,.T.);
#2587=ORIENTED_EDGE('',*,*,#1762,.F.);
#2588=ORIENTED_EDGE('',*,*,#1952,.T.);
#2589=ORIENTED_EDGE('',*,*,#1953,.F.);
#2590=ORIENTED_EDGE('',*,*,#1954,.F.);
#2591=ORIENTED_EDGE('',*,*,#1758,.F.);
#2592=ORIENTED_EDGE('',*,*,#1836,.T.);
#2593=ORIENTED_EDGE('',*,*,#1846,.T.);
#2594=ORIENTED_EDGE('',*,*,#1827,.T.);
#2595=ORIENTED_EDGE('',*,*,#1824,.T.);
#2596=ORIENTED_EDGE('',*,*,#1821,.T.);
#2597=ORIENTED_EDGE('',*,*,#1818,.T.);
#2598=ORIENTED_EDGE('',*,*,#1814,.T.);
#2599=ORIENTED_EDGE('',*,*,#1833,.T.);
#2600=ORIENTED_EDGE('',*,*,#1759,.F.);
#2601=ORIENTED_EDGE('',*,*,#1954,.T.);
#2602=ORIENTED_EDGE('',*,*,#1955,.F.);
#2603=ORIENTED_EDGE('',*,*,#1956,.F.);
#2604=ORIENTED_EDGE('',*,*,#1760,.F.);
#2605=ORIENTED_EDGE('',*,*,#1956,.T.);
#2606=ORIENTED_EDGE('',*,*,#1957,.F.);
#2607=ORIENTED_EDGE('',*,*,#1958,.F.);
#2608=ORIENTED_EDGE('',*,*,#1761,.F.);
#2609=ORIENTED_EDGE('',*,*,#1958,.T.);
#2610=ORIENTED_EDGE('',*,*,#1959,.F.);
#2611=ORIENTED_EDGE('',*,*,#1952,.F.);
#2612=ORIENTED_EDGE('',*,*,#1953,.T.);
#2613=ORIENTED_EDGE('',*,*,#1959,.T.);
#2614=ORIENTED_EDGE('',*,*,#1957,.T.);
#2615=ORIENTED_EDGE('',*,*,#1955,.T.);
#2616=ORIENTED_EDGE('',*,*,#1960,.F.);
#2617=ORIENTED_EDGE('',*,*,#1961,.F.);
#2618=ORIENTED_EDGE('',*,*,#1962,.F.);
#2619=ORIENTED_EDGE('',*,*,#1868,.F.);
#2620=ORIENTED_EDGE('',*,*,#1963,.F.);
#2621=ORIENTED_EDGE('',*,*,#1653,.F.);
#2622=ORIENTED_EDGE('',*,*,#1964,.F.);
#2623=ORIENTED_EDGE('',*,*,#1965,.F.);
#2624=ORIENTED_EDGE('',*,*,#1966,.F.);
#2625=ORIENTED_EDGE('',*,*,#1967,.T.);
#2626=ORIENTED_EDGE('',*,*,#1635,.F.);
#2627=ORIENTED_EDGE('',*,*,#1967,.F.);
#2628=ORIENTED_EDGE('',*,*,#1865,.F.);
#2629=ORIENTED_EDGE('',*,*,#1968,.T.);
#2630=ORIENTED_EDGE('',*,*,#1969,.F.);
#2631=ORIENTED_EDGE('',*,*,#1968,.F.);
#2632=ORIENTED_EDGE('',*,*,#1970,.F.);
#2633=ORIENTED_EDGE('',*,*,#1971,.T.);
#2634=ORIENTED_EDGE('',*,*,#1875,.F.);
#2635=ORIENTED_EDGE('',*,*,#1971,.F.);
#2636=ORIENTED_EDGE('',*,*,#1658,.F.);
#2637=ORIENTED_EDGE('',*,*,#1972,.T.);
#2638=ORIENTED_EDGE('',*,*,#1973,.F.);
#2639=ORIENTED_EDGE('',*,*,#1972,.F.);
#2640=ORIENTED_EDGE('',*,*,#1974,.F.);
#2641=ORIENTED_EDGE('',*,*,#1630,.F.);
#2642=ORIENTED_EDGE('',*,*,#1975,.F.);
#2643=ORIENTED_EDGE('',*,*,#1976,.F.);
#2644=ORIENTED_EDGE('',*,*,#1977,.F.);
#2645=ORIENTED_EDGE('',*,*,#1857,.F.);
#2646=ORIENTED_EDGE('',*,*,#1978,.F.);
#2647=ORIENTED_EDGE('',*,*,#1979,.F.);
#2648=ORIENTED_EDGE('',*,*,#1980,.F.);
#2649=ORIENTED_EDGE('',*,*,#1981,.T.);
#2650=ORIENTED_EDGE('',*,*,#1876,.F.);
#2651=ORIENTED_EDGE('',*,*,#1981,.F.);
#2652=ORIENTED_EDGE('',*,*,#1657,.F.);
#2653=ORIENTED_EDGE('',*,*,#1982,.T.);
#2654=ORIENTED_EDGE('',*,*,#1983,.F.);
#2655=ORIENTED_EDGE('',*,*,#1982,.F.);
#2656=ORIENTED_EDGE('',*,*,#1984,.F.);
#2657=ORIENTED_EDGE('',*,*,#1985,.T.);
#2658=ORIENTED_EDGE('',*,*,#1634,.F.);
#2659=ORIENTED_EDGE('',*,*,#1985,.F.);
#2660=ORIENTED_EDGE('',*,*,#1864,.F.);
#2661=ORIENTED_EDGE('',*,*,#1986,.T.);
#2662=ORIENTED_EDGE('',*,*,#1987,.F.);
#2663=ORIENTED_EDGE('',*,*,#1986,.F.);
#2664=ORIENTED_EDGE('',*,*,#1964,.T.);
#2665=ORIENTED_EDGE('',*,*,#1652,.T.);
#2666=ORIENTED_EDGE('',*,*,#1988,.T.);
#2667=ORIENTED_EDGE('',*,*,#1989,.T.);
#2668=ORIENTED_EDGE('',*,*,#1962,.T.);
#2669=ORIENTED_EDGE('',*,*,#1990,.T.);
#2670=ORIENTED_EDGE('',*,*,#1880,.T.);
#2671=ORIENTED_EDGE('',*,*,#1869,.T.);
#2672=ORIENTED_EDGE('',*,*,#1978,.T.);
#2673=ORIENTED_EDGE('',*,*,#1856,.T.);
#2674=ORIENTED_EDGE('',*,*,#1674,.T.);
#2675=ORIENTED_EDGE('',*,*,#1991,.T.);
#2676=ORIENTED_EDGE('',*,*,#1975,.T.);
#2677=ORIENTED_EDGE('',*,*,#1629,.T.);
#2678=ORIENTED_EDGE('',*,*,#1992,.T.);
#2679=ORIENTED_EDGE('',*,*,#1993,.T.);
#2680=ORIENTED_EDGE('',*,*,#1994,.F.);
#2681=ORIENTED_EDGE('',*,*,#1965,.T.);
#2682=ORIENTED_EDGE('',*,*,#1989,.F.);
#2683=ORIENTED_EDGE('',*,*,#1995,.F.);
#2684=ORIENTED_EDGE('',*,*,#1892,.F.);
#2685=ORIENTED_EDGE('',*,*,#1714,.T.);
#2686=ORIENTED_EDGE('',*,*,#1705,.T.);
#2687=ORIENTED_EDGE('',*,*,#1679,.F.);
#2688=ORIENTED_EDGE('',*,*,#1983,.T.);
#2689=ORIENTED_EDGE('',*,*,#1973,.T.);
#2690=ORIENTED_EDGE('',*,*,#1718,.T.);
#2691=ORIENTED_EDGE('',*,*,#1887,.T.);
#2692=ORIENTED_EDGE('',*,*,#1890,.T.);
#2693=ORIENTED_EDGE('',*,*,#1996,.F.);
#2694=ORIENTED_EDGE('',*,*,#1979,.T.);
#2695=ORIENTED_EDGE('',*,*,#1991,.F.);
#2696=ORIENTED_EDGE('',*,*,#1673,.F.);
#2697=ORIENTED_EDGE('',*,*,#1696,.F.);
#2698=ORIENTED_EDGE('',*,*,#1987,.T.);
#2699=ORIENTED_EDGE('',*,*,#1969,.T.);
#2700=ORIENTED_EDGE('',*,*,#1997,.F.);
#2701=ORIENTED_EDGE('',*,*,#1976,.T.);
#2702=ORIENTED_EDGE('',*,*,#1993,.F.);
#2703=ORIENTED_EDGE('',*,*,#1998,.F.);
#2704=ORIENTED_EDGE('',*,*,#1883,.F.);
#2705=ORIENTED_EDGE('',*,*,#1706,.T.);
#2706=ORIENTED_EDGE('',*,*,#1689,.T.);
#2707=ORIENTED_EDGE('',*,*,#1668,.F.);
#2708=ORIENTED_EDGE('',*,*,#1984,.T.);
#2709=ORIENTED_EDGE('',*,*,#1966,.T.);
#2710=ORIENTED_EDGE('',*,*,#1977,.T.);
#2711=ORIENTED_EDGE('',*,*,#1996,.T.);
#2712=ORIENTED_EDGE('',*,*,#1889,.T.);
#2713=ORIENTED_EDGE('',*,*,#1858,.T.);
#2714=ORIENTED_EDGE('',*,*,#1776,.T.);
#2715=ORIENTED_EDGE('',*,*,#1995,.T.);
#2716=ORIENTED_EDGE('',*,*,#1988,.F.);
#2717=ORIENTED_EDGE('',*,*,#1651,.F.);
#2718=ORIENTED_EDGE('',*,*,#1963,.T.);
#2719=ORIENTED_EDGE('',*,*,#1994,.T.);
#2720=ORIENTED_EDGE('',*,*,#1681,.T.);
#2721=ORIENTED_EDGE('',*,*,#1654,.T.);
#2722=ORIENTED_EDGE('',*,*,#1753,.T.);
#2723=ORIENTED_EDGE('',*,*,#1998,.T.);
#2724=ORIENTED_EDGE('',*,*,#1992,.F.);
#2725=ORIENTED_EDGE('',*,*,#1628,.F.);
#2726=ORIENTED_EDGE('',*,*,#1974,.T.);
#2727=ORIENTED_EDGE('',*,*,#1997,.T.);
#2728=ORIENTED_EDGE('',*,*,#1670,.T.);
#2729=ORIENTED_EDGE('',*,*,#1631,.T.);
#2730=ORIENTED_EDGE('',*,*,#1710,.T.);
#2731=ORIENTED_EDGE('',*,*,#1878,.T.);
#2732=ORIENTED_EDGE('',*,*,#1881,.T.);
#2733=ORIENTED_EDGE('',*,*,#1990,.F.);
#2734=ORIENTED_EDGE('',*,*,#1961,.T.);
#2735=ORIENTED_EDGE('',*,*,#1999,.F.);
#2736=ORIENTED_EDGE('',*,*,#1677,.F.);
#2737=ORIENTED_EDGE('',*,*,#1692,.F.);
#2738=ORIENTED_EDGE('',*,*,#1970,.T.);
#2739=ORIENTED_EDGE('',*,*,#1980,.T.);
#2740=ORIENTED_EDGE('',*,*,#1960,.T.);
#2741=ORIENTED_EDGE('',*,*,#1867,.T.);
#2742=ORIENTED_EDGE('',*,*,#1678,.T.);
#2743=ORIENTED_EDGE('',*,*,#1999,.T.);
#2744=ORIENTED_EDGE('',*,*,#1711,.T.);
#2745=ORIENTED_EDGE('',*,*,#1690,.T.);
#2746=ORIENTED_EDGE('',*,*,#1666,.F.);
#2747=ORIENTED_EDGE('',*,*,#1930,.F.);
#2748=ORIENTED_EDGE('',*,*,#1740,.F.);
#2749=ORIENTED_EDGE('',*,*,#1845,.F.);
#2750=ORIENTED_EDGE('',*,*,#1694,.T.);
#2751=ORIENTED_EDGE('',*,*,#1643,.F.);
#2752=ORIENTED_EDGE('',*,*,#1938,.F.);
#2753=ORIENTED_EDGE('',*,*,#1763,.F.);
#2754=ORIENTED_EDGE('',*,*,#1951,.F.);
#2755=ORIENTED_EDGE('',*,*,#1719,.T.);
#2756=CYLINDRICAL_SURFACE('',#2951,14.);
#2757=CYLINDRICAL_SURFACE('',#2959,14.);
#2758=CYLINDRICAL_SURFACE('',#2963,14.);
#2759=CYLINDRICAL_SURFACE('',#2971,14.);
#2760=CYLINDRICAL_SURFACE('',#2975,2.6);
#2761=CYLINDRICAL_SURFACE('',#2977,2.6);
#2762=CYLINDRICAL_SURFACE('',#2980,2.6);
#2763=CYLINDRICAL_SURFACE('',#2983,2.6);
#2764=CYLINDRICAL_SURFACE('',#3000,2.);
#2765=CYLINDRICAL_SURFACE('',#3003,2.);
#2766=CYLINDRICAL_SURFACE('',#3005,2.);
#2767=CYLINDRICAL_SURFACE('',#3016,2.);
#2768=CYLINDRICAL_SURFACE('',#3019,2.);
#2769=CYLINDRICAL_SURFACE('',#3021,2.);
#2770=CYLINDRICAL_SURFACE('',#3027,1.2);
#2771=CYLINDRICAL_SURFACE('',#3032,1.2);
#2772=CYLINDRICAL_SURFACE('',#3037,1.2);
#2773=CYLINDRICAL_SURFACE('',#3042,1.2);
#2774=CYLINDRICAL_SURFACE('',#3067,4.5);
#2775=CYLINDRICAL_SURFACE('',#3069,4.5);
#2776=CYLINDRICAL_SURFACE('',#3071,4.5);
#2777=CYLINDRICAL_SURFACE('',#3073,4.5);
#2778=CYLINDRICAL_SURFACE('',#3075,1.5);
#2779=CYLINDRICAL_SURFACE('',#3079,1.5);
#2780=CYLINDRICAL_SURFACE('',#3127,2.25);
#2781=CYLINDRICAL_SURFACE('',#3129,2.25);
#2782=CYLINDRICAL_SURFACE('',#3131,2.75);
#2783=CYLINDRICAL_SURFACE('',#3133,2.75);
#2784=CYLINDRICAL_SURFACE('',#3135,5.);
#2785=CYLINDRICAL_SURFACE('',#3137,5.);
#2786=CYLINDRICAL_SURFACE('',#3139,2.25000000000001);
#2787=CYLINDRICAL_SURFACE('',#3141,2.25000000000001);
#2788=CYLINDRICAL_SURFACE('',#3143,2.75);
#2789=CYLINDRICAL_SURFACE('',#3145,2.75);
#2790=CYLINDRICAL_SURFACE('',#3147,5.);
#2791=CYLINDRICAL_SURFACE('',#3149,5.);
#2792=ADVANCED_FACE('',(#392),#2756,.F.);
#2793=ADVANCED_FACE('',(#393,#268,#269),#296,.T.);
#2794=ADVANCED_FACE('',(#394),#2757,.F.);
#2795=ADVANCED_FACE('',(#395),#297,.T.);
#2796=ADVANCED_FACE('',(#396),#2758,.F.);
#2797=ADVANCED_FACE('',(#397,#270,#271),#298,.T.);
#2798=ADVANCED_FACE('',(#398),#2759,.F.);
#2799=ADVANCED_FACE('',(#399),#299,.T.);
#2800=ADVANCED_FACE('',(#400),#2760,.F.);
#2801=ADVANCED_FACE('',(#401),#2761,.F.);
#2802=ADVANCED_FACE('',(#402),#2762,.F.);
#2803=ADVANCED_FACE('',(#403),#2763,.F.);
#2804=ADVANCED_FACE('',(#404),#300,.T.);
#2805=ADVANCED_FACE('',(#405),#301,.T.);
#2806=ADVANCED_FACE('',(#406),#302,.T.);
#2807=ADVANCED_FACE('',(#407),#303,.T.);
#2808=ADVANCED_FACE('',(#408),#304,.T.);
#2809=ADVANCED_FACE('',(#409),#305,.T.);
#2810=ADVANCED_FACE('',(#410,#272,#273,#274,#275),#306,.F.);
#2811=ADVANCED_FACE('',(#411),#2764,.F.);
#2812=ADVANCED_FACE('',(#412),#2765,.F.);
#2813=ADVANCED_FACE('',(#413),#2766,.F.);
#2814=ADVANCED_FACE('',(#414,#276,#277,#278,#279,#280,#281),#307,.T.);
#2815=ADVANCED_FACE('',(#415),#2767,.F.);
#2816=ADVANCED_FACE('',(#416),#2768,.F.);
#2817=ADVANCED_FACE('',(#417),#2769,.F.);
#2818=ADVANCED_FACE('',(#418),#260,.T.);
#2819=ADVANCED_FACE('',(#419),#2770,.F.);
#2820=ADVANCED_FACE('',(#420),#261,.T.);
#2821=ADVANCED_FACE('',(#421),#2771,.F.);
#2822=ADVANCED_FACE('',(#422),#262,.T.);
#2823=ADVANCED_FACE('',(#423),#2772,.F.);
#2824=ADVANCED_FACE('',(#424),#263,.T.);
#2825=ADVANCED_FACE('',(#425),#2773,.F.);
#2826=ADVANCED_FACE('',(#426),#308,.T.);
#2827=ADVANCED_FACE('',(#427),#309,.T.);
#2828=ADVANCED_FACE('',(#428),#310,.T.);
#2829=ADVANCED_FACE('',(#429),#311,.T.);
#2830=ADVANCED_FACE('',(#430),#312,.T.);
#2831=ADVANCED_FACE('',(#431),#313,.T.);
#2832=ADVANCED_FACE('',(#432),#314,.T.);
#2833=ADVANCED_FACE('',(#433),#315,.T.);
#2834=ADVANCED_FACE('',(#434),#316,.T.);
#2835=ADVANCED_FACE('',(#435),#317,.T.);
#2836=ADVANCED_FACE('',(#436),#318,.T.);
#2837=ADVANCED_FACE('',(#437),#319,.T.);
#2838=ADVANCED_FACE('',(#438),#320,.T.);
#2839=ADVANCED_FACE('',(#439),#321,.T.);
#2840=ADVANCED_FACE('',(#440,#282,#283),#322,.T.);
#2841=ADVANCED_FACE('',(#441),#323,.T.);
#2842=ADVANCED_FACE('',(#442,#284,#285),#324,.T.);
#2843=ADVANCED_FACE('',(#443),#325,.T.);
#2844=ADVANCED_FACE('',(#444),#2774,.F.);
#2845=ADVANCED_FACE('',(#445),#326,.T.);
#2846=ADVANCED_FACE('',(#446),#2775,.F.);
#2847=ADVANCED_FACE('',(#447),#327,.T.);
#2848=ADVANCED_FACE('',(#448),#2776,.F.);
#2849=ADVANCED_FACE('',(#449),#328,.T.);
#2850=ADVANCED_FACE('',(#450),#2777,.F.);
#2851=ADVANCED_FACE('',(#451),#329,.T.);
#2852=ADVANCED_FACE('',(#452),#2778,.T.);
#2853=ADVANCED_FACE('',(#453),#330,.T.);
#2854=ADVANCED_FACE('',(#454),#2779,.T.);
#2855=ADVANCED_FACE('',(#455),#331,.T.);
#2856=ADVANCED_FACE('',(#456),#332,.T.);
#2857=ADVANCED_FACE('',(#457),#333,.T.);
#2858=ADVANCED_FACE('',(#458),#334,.T.);
#2859=ADVANCED_FACE('',(#459),#335,.T.);
#2860=ADVANCED_FACE('',(#460,#286),#336,.T.);
#2861=ADVANCED_FACE('',(#461),#337,.T.);
#2862=ADVANCED_FACE('',(#462),#338,.T.);
#2863=ADVANCED_FACE('',(#463),#339,.T.);
#2864=ADVANCED_FACE('',(#464),#340,.T.);
#2865=ADVANCED_FACE('',(#465,#287),#341,.T.);
#2866=ADVANCED_FACE('',(#466),#342,.T.);
#2867=ADVANCED_FACE('',(#467),#343,.T.);
#2868=ADVANCED_FACE('',(#468),#344,.T.);
#2869=ADVANCED_FACE('',(#469),#345,.T.);
#2870=ADVANCED_FACE('',(#470),#346,.T.);
#2871=ADVANCED_FACE('',(#471),#347,.T.);
#2872=ADVANCED_FACE('',(#472),#348,.T.);
#2873=ADVANCED_FACE('',(#473),#349,.T.);
#2874=ADVANCED_FACE('',(#474),#350,.T.);
#2875=ADVANCED_FACE('',(#475),#351,.T.);
#2876=ADVANCED_FACE('',(#476),#352,.T.);
#2877=ADVANCED_FACE('',(#477),#353,.T.);
#2878=ADVANCED_FACE('',(#478),#354,.T.);
#2879=ADVANCED_FACE('',(#479),#355,.T.);
#2880=ADVANCED_FACE('',(#480),#356,.T.);
#2881=ADVANCED_FACE('',(#481),#357,.T.);
#2882=ADVANCED_FACE('',(#482),#358,.T.);
#2883=ADVANCED_FACE('',(#483),#359,.T.);
#2884=ADVANCED_FACE('',(#484),#360,.T.);
#2885=ADVANCED_FACE('',(#485),#361,.T.);
#2886=ADVANCED_FACE('',(#486),#362,.T.);
#2887=ADVANCED_FACE('',(#487),#363,.T.);
#2888=ADVANCED_FACE('',(#488),#364,.T.);
#2889=ADVANCED_FACE('',(#489),#365,.T.);
#2890=ADVANCED_FACE('',(#490),#366,.T.);
#2891=ADVANCED_FACE('',(#491),#367,.T.);
#2892=ADVANCED_FACE('',(#492),#368,.T.);
#2893=ADVANCED_FACE('',(#493),#369,.T.);
#2894=ADVANCED_FACE('',(#494),#370,.T.);
#2895=ADVANCED_FACE('',(#495),#371,.T.);
#2896=ADVANCED_FACE('',(#496),#372,.T.);
#2897=ADVANCED_FACE('',(#497),#373,.T.);
#2898=ADVANCED_FACE('',(#498),#374,.T.);
#2899=ADVANCED_FACE('',(#499),#375,.T.);
#2900=ADVANCED_FACE('',(#500),#2780,.F.);
#2901=ADVANCED_FACE('',(#501),#2781,.F.);
#2902=ADVANCED_FACE('',(#502),#2782,.F.);
#2903=ADVANCED_FACE('',(#503),#2783,.F.);
#2904=ADVANCED_FACE('',(#504),#2784,.F.);
#2905=ADVANCED_FACE('',(#505),#2785,.F.);
#2906=ADVANCED_FACE('',(#506),#2786,.F.);
#2907=ADVANCED_FACE('',(#507),#2787,.F.);
#2908=ADVANCED_FACE('',(#508),#2788,.F.);
#2909=ADVANCED_FACE('',(#509),#2789,.F.);
#2910=ADVANCED_FACE('',(#510),#2790,.F.);
#2911=ADVANCED_FACE('',(#511),#2791,.F.);
#2912=ADVANCED_FACE('',(#512),#376,.T.);
#2913=ADVANCED_FACE('',(#513),#377,.T.);
#2914=ADVANCED_FACE('',(#514),#378,.T.);
#2915=ADVANCED_FACE('',(#515),#379,.T.);
#2916=ADVANCED_FACE('',(#516,#288,#289),#380,.T.);
#2917=ADVANCED_FACE('',(#517,#290,#291),#381,.T.);
#2918=ADVANCED_FACE('',(#518,#292,#293),#382,.T.);
#2919=ADVANCED_FACE('',(#519),#383,.T.);
#2920=ADVANCED_FACE('',(#520),#384,.T.);
#2921=ADVANCED_FACE('',(#521),#385,.T.);
#2922=ADVANCED_FACE('',(#522),#386,.T.);
#2923=ADVANCED_FACE('',(#523),#387,.T.);
#2924=ADVANCED_FACE('',(#524,#294,#295),#388,.T.);
#2925=ADVANCED_FACE('',(#525),#389,.T.);
#2926=ADVANCED_FACE('',(#526),#390,.T.);
#2927=ADVANCED_FACE('',(#527),#391,.T.);
#2928=CLOSED_SHELL('',(#2792,#2793,#2794,#2795,#2796,#2797,#2798,#2799,
#2800,#2801,#2802,#2803,#2804,#2805,#2806,#2807,#2808,#2809,#2810,#2811,
#2812,#2813,#2814,#2815,#2816,#2817,#2818,#2819,#2820,#2821,#2822,#2823,
#2824,#2825,#2826,#2827,#2828,#2829,#2830,#2831,#2832,#2833,#2834,#2835,
#2836,#2837,#2838,#2839,#2840,#2841,#2842,#2843,#2844,#2845,#2846,#2847,
#2848,#2849,#2850,#2851,#2852,#2853,#2854,#2855,#2856,#2857,#2858,#2859,
#2860,#2861,#2862,#2863,#2864,#2865,#2866,#2867,#2868,#2869,#2870,#2871,
#2872,#2873,#2874,#2875,#2876,#2877,#2878,#2879,#2880,#2881,#2882,#2883,
#2884,#2885,#2886,#2887,#2888,#2889,#2890,#2891,#2892,#2893,#2894,#2895,
#2896,#2897,#2898,#2899,#2900,#2901,#2902,#2903,#2904,#2905,#2906,#2907,
#2908,#2909,#2910,#2911,#2912,#2913,#2914,#2915,#2916,#2917,#2918,#2919,
#2920,#2921,#2922,#2923,#2924,#2925,#2926,#2927));
#2929=DERIVED_UNIT_ELEMENT(#2932,1.);
#2930=DERIVED_UNIT_ELEMENT(#5049,-3.);
#2931=DIMENSIONAL_EXPONENTS(0.,1.,0.,0.,0.,0.,0.);
#2932=(
CONVERSION_BASED_UNIT('gram',#2934)
MASS_UNIT()
NAMED_UNIT(#2931)
);
#2933=(
MASS_UNIT()
NAMED_UNIT(*)
SI_UNIT(.KILO.,.GRAM.)
);
#2934=MASS_MEASURE_WITH_UNIT(MASS_MEASURE(0.001),#2933);
#2935=DERIVED_UNIT((#2929,#2930));
#2936=MEASURE_REPRESENTATION_ITEM('density measure',
POSITIVE_RATIO_MEASURE(1.),#2935);
#2937=PROPERTY_DEFINITION_REPRESENTATION(#2942,#2939);
#2938=PROPERTY_DEFINITION_REPRESENTATION(#2943,#2940);
#2939=REPRESENTATION('material name',(#2941),#5046);
#2940=REPRESENTATION('density',(#2936),#5046);
#2941=DESCRIPTIVE_REPRESENTATION_ITEM('Generic','Generic');
#2942=PROPERTY_DEFINITION('material property','material name',#5056);
#2943=PROPERTY_DEFINITION('material property','density of part',#5056);
#2944=DATE_TIME_ROLE('creation_date');
#2945=APPLIED_DATE_AND_TIME_ASSIGNMENT(#2946,#2944,(#5056));
#2946=DATE_AND_TIME(#2947,#2948);
#2947=CALENDAR_DATE(2026,4,5);
#2948=LOCAL_TIME(0,0,0.,#2949);
#2949=COORDINATED_UNIVERSAL_TIME_OFFSET(0,0,.BEHIND.);
#2950=AXIS2_PLACEMENT_3D('',#3935,#3179,#3180);
#2951=AXIS2_PLACEMENT_3D('',#3936,#3181,#3182);
#2952=AXIS2_PLACEMENT_3D('',#3939,#3183,#3184);
#2953=AXIS2_PLACEMENT_3D('',#3943,#3186,#3187);
#2954=AXIS2_PLACEMENT_3D('',#3945,#3189,#3190);
#2955=AXIS2_PLACEMENT_3D('',#3955,#3195,#3196);
#2956=AXIS2_PLACEMENT_3D('',#3959,#3198,#3199);
#2957=AXIS2_PLACEMENT_3D('',#3962,#3201,#3202);
#2958=AXIS2_PLACEMENT_3D('',#3964,#3203,#3204);
#2959=AXIS2_PLACEMENT_3D('',#3965,#3205,#3206);
#2960=AXIS2_PLACEMENT_3D('',#3968,#3207,#3208);
#2961=AXIS2_PLACEMENT_3D('',#3972,#3210,#3211);
#2962=AXIS2_PLACEMENT_3D('',#3974,#3213,#3214);
#2963=AXIS2_PLACEMENT_3D('',#3984,#3220,#3221);
#2964=AXIS2_PLACEMENT_3D('',#3987,#3222,#3223);
#2965=AXIS2_PLACEMENT_3D('',#3991,#3225,#3226);
#2966=AXIS2_PLACEMENT_3D('',#3993,#3228,#3229);
#2967=AXIS2_PLACEMENT_3D('',#4003,#3234,#3235);
#2968=AXIS2_PLACEMENT_3D('',#4007,#3237,#3238);
#2969=AXIS2_PLACEMENT_3D('',#4010,#3240,#3241);
#2970=AXIS2_PLACEMENT_3D('',#4012,#3242,#3243);
#2971=AXIS2_PLACEMENT_3D('',#4013,#3244,#3245);
#2972=AXIS2_PLACEMENT_3D('',#4016,#3246,#3247);
#2973=AXIS2_PLACEMENT_3D('',#4020,#3249,#3250);
#2974=AXIS2_PLACEMENT_3D('',#4022,#3252,#3253);
#2975=AXIS2_PLACEMENT_3D('',#4032,#3259,#3260);
#2976=AXIS2_PLACEMENT_3D('',#4035,#3261,#3262);
#2977=AXIS2_PLACEMENT_3D('',#4038,#3265,#3266);
#2978=AXIS2_PLACEMENT_3D('',#4041,#3267,#3268);
#2979=AXIS2_PLACEMENT_3D('',#4045,#3270,#3271);
#2980=AXIS2_PLACEMENT_3D('',#4047,#3273,#3274);
#2981=AXIS2_PLACEMENT_3D('',#4050,#3275,#3276);
#2982=AXIS2_PLACEMENT_3D('',#4054,#3278,#3279);
#2983=AXIS2_PLACEMENT_3D('',#4056,#3281,#3282);
#2984=AXIS2_PLACEMENT_3D('',#4059,#3283,#3284);
#2985=AXIS2_PLACEMENT_3D('',#4062,#3287,#3288);
#2986=AXIS2_PLACEMENT_3D('',#4072,#3294,#3295);
#2987=AXIS2_PLACEMENT_3D('',#4078,#3299,#3300);
#2988=AXIS2_PLACEMENT_3D('',#4085,#3305,#3306);
#2989=AXIS2_PLACEMENT_3D('',#4092,#3311,#3312);
#2990=AXIS2_PLACEMENT_3D('',#4102,#3318,#3319);
#2991=AXIS2_PLACEMENT_3D('',#4108,#3323,#3324);
#2992=AXIS2_PLACEMENT_3D('',#4112,#3326,#3327);
#2993=AXIS2_PLACEMENT_3D('',#4116,#3329,#3330);
#2994=AXIS2_PLACEMENT_3D('',#4126,#3336,#3337);
#2995=AXIS2_PLACEMENT_3D('',#4130,#3339,#3340);
#2996=AXIS2_PLACEMENT_3D('',#4138,#3345,#3346);
#2997=AXIS2_PLACEMENT_3D('',#4140,#3347,#3348);
#2998=AXIS2_PLACEMENT_3D('',#4142,#3349,#3350);
#2999=AXIS2_PLACEMENT_3D('',#4144,#3351,#3352);
#3000=AXIS2_PLACEMENT_3D('',#4145,#3353,#3354);
#3001=AXIS2_PLACEMENT_3D('',#4150,#3356,#3357);
#3002=AXIS2_PLACEMENT_3D('',#4153,#3359,#3360);
#3003=AXIS2_PLACEMENT_3D('',#4154,#3361,#3362);
#3004=AXIS2_PLACEMENT_3D('',#4159,#3365,#3366);
#3005=AXIS2_PLACEMENT_3D('',#4160,#3367,#3368);
#3006=AXIS2_PLACEMENT_3D('',#4164,#3370,#3371);
#3007=AXIS2_PLACEMENT_3D('',#4166,#3373,#3374);
#3008=AXIS2_PLACEMENT_3D('',#4189,#3385,#3386);
#3009=AXIS2_PLACEMENT_3D('',#4201,#3392,#3393);
#3010=AXIS2_PLACEMENT_3D('',#4234,#3410,#3411);
#3011=AXIS2_PLACEMENT_3D('',#4246,#3417,#3418);
#3012=AXIS2_PLACEMENT_3D('',#4258,#3425,#3426);
#3013=AXIS2_PLACEMENT_3D('',#4260,#3427,#3428);
#3014=AXIS2_PLACEMENT_3D('',#4262,#3429,#3430);
#3015=AXIS2_PLACEMENT_3D('',#4264,#3431,#3432);
#3016=AXIS2_PLACEMENT_3D('',#4274,#3438,#3439);
#3017=AXIS2_PLACEMENT_3D('',#4276,#3440,#3441);
#3018=AXIS2_PLACEMENT_3D('',#4279,#3443,#3444);
#3019=AXIS2_PLACEMENT_3D('',#4280,#3445,#3446);
#3020=AXIS2_PLACEMENT_3D('',#4282,#3447,#3448);
#3021=AXIS2_PLACEMENT_3D('',#4284,#3450,#3451);
#3022=AXIS2_PLACEMENT_3D('',#4287,#3453,#3454);
#3023=AXIS2_PLACEMENT_3D('',#4288,#3455,#3456);
#3024=AXIS2_PLACEMENT_3D('',#4290,#3457,#3458);
#3025=AXIS2_PLACEMENT_3D('',#4292,#3459,#3460);
#3026=AXIS2_PLACEMENT_3D('',#4293,#3461,#3462);
#3027=AXIS2_PLACEMENT_3D('',#4294,#3463,#3464);
#3028=AXIS2_PLACEMENT_3D('',#4296,#3466,#3467);
#3029=AXIS2_PLACEMENT_3D('',#4298,#3468,#3469);
#3030=AXIS2_PLACEMENT_3D('',#4300,#3470,#3471);
#3031=AXIS2_PLACEMENT_3D('',#4301,#3472,#3473);
#3032=AXIS2_PLACEMENT_3D('',#4302,#3474,#3475);
#3033=AXIS2_PLACEMENT_3D('',#4304,#3477,#3478);
#3034=AXIS2_PLACEMENT_3D('',#4306,#3479,#3480);
#3035=AXIS2_PLACEMENT_3D('',#4308,#3481,#3482);
#3036=AXIS2_PLACEMENT_3D('',#4309,#3483,#3484);
#3037=AXIS2_PLACEMENT_3D('',#4310,#3485,#3486);
#3038=AXIS2_PLACEMENT_3D('',#4312,#3488,#3489);
#3039=AXIS2_PLACEMENT_3D('',#4314,#3490,#3491);
#3040=AXIS2_PLACEMENT_3D('',#4316,#3492,#3493);
#3041=AXIS2_PLACEMENT_3D('',#4317,#3494,#3495);
#3042=AXIS2_PLACEMENT_3D('',#4318,#3496,#3497);
#3043=AXIS2_PLACEMENT_3D('',#4320,#3499,#3500);
#3044=AXIS2_PLACEMENT_3D('',#4329,#3505,#3506);
#3045=AXIS2_PLACEMENT_3D('',#4335,#3510,#3511);
#3046=AXIS2_PLACEMENT_3D('',#4341,#3515,#3516);
#3047=AXIS2_PLACEMENT_3D('',#4347,#3520,#3521);
#3048=AXIS2_PLACEMENT_3D('',#4353,#3525,#3526);
#3049=AXIS2_PLACEMENT_3D('',#4359,#3530,#3531);
#3050=AXIS2_PLACEMENT_3D('',#4365,#3535,#3536);
#3051=AXIS2_PLACEMENT_3D('',#4371,#3540,#3541);
#3052=AXIS2_PLACEMENT_3D('',#4377,#3545,#3546);
#3053=AXIS2_PLACEMENT_3D('',#4379,#3548,#3549);
#3054=AXIS2_PLACEMENT_3D('',#4382,#3552,#3553);
#3055=AXIS2_PLACEMENT_3D('',#4386,#3557,#3558);
#3056=AXIS2_PLACEMENT_3D('',#4395,#3563,#3564);
#3057=AXIS2_PLACEMENT_3D('',#4404,#3569,#3570);
#3058=AXIS2_PLACEMENT_3D('',#4408,#3572,#3573);
#3059=AXIS2_PLACEMENT_3D('',#4419,#3580,#3581);
#3060=AXIS2_PLACEMENT_3D('',#4421,#3582,#3583);
#3061=AXIS2_PLACEMENT_3D('',#4422,#3584,#3585);
#3062=AXIS2_PLACEMENT_3D('',#4424,#3587,#3588);
#3063=AXIS2_PLACEMENT_3D('',#4428,#3590,#3591);
#3064=AXIS2_PLACEMENT_3D('',#4439,#3598,#3599);
#3065=AXIS2_PLACEMENT_3D('',#4441,#3600,#3601);
#3066=AXIS2_PLACEMENT_3D('',#4442,#3602,#3603);
#3067=AXIS2_PLACEMENT_3D('',#4444,#3605,#3606);
#3068=AXIS2_PLACEMENT_3D('',#4447,#3609,#3610);
#3069=AXIS2_PLACEMENT_3D('',#4451,#3613,#3614);
#3070=AXIS2_PLACEMENT_3D('',#4454,#3617,#3618);
#3071=AXIS2_PLACEMENT_3D('',#4460,#3622,#3623);
#3072=AXIS2_PLACEMENT_3D('',#4463,#3626,#3627);
#3073=AXIS2_PLACEMENT_3D('',#4467,#3630,#3631);
#3074=AXIS2_PLACEMENT_3D('',#4470,#3634,#3635);
#3075=AXIS2_PLACEMENT_3D('',#4476,#3639,#3640);
#3076=AXIS2_PLACEMENT_3D('',#4478,#3641,#3642);
#3077=AXIS2_PLACEMENT_3D('',#4481,#3644,#3645);
#3078=AXIS2_PLACEMENT_3D('',#4482,#3646,#3647);
#3079=AXIS2_PLACEMENT_3D('',#4483,#3648,#3649);
#3080=AXIS2_PLACEMENT_3D('',#4485,#3650,#3651);
#3081=AXIS2_PLACEMENT_3D('',#4488,#3653,#3654);
#3082=AXIS2_PLACEMENT_3D('',#4489,#3655,#3656);
#3083=AXIS2_PLACEMENT_3D('',#4490,#3657,#3658);
#3084=AXIS2_PLACEMENT_3D('',#4496,#3662,#3663);
#3085=AXIS2_PLACEMENT_3D('',#4500,#3666,#3667);
#3086=AXIS2_PLACEMENT_3D('',#4504,#3670,#3671);
#3087=AXIS2_PLACEMENT_3D('',#4506,#3673,#3674);
#3088=AXIS2_PLACEMENT_3D('',#4507,#3675,#3676);
#3089=AXIS2_PLACEMENT_3D('',#4513,#3680,#3681);
#3090=AXIS2_PLACEMENT_3D('',#4517,#3684,#3685);
#3091=AXIS2_PLACEMENT_3D('',#4521,#3688,#3689);
#3092=AXIS2_PLACEMENT_3D('',#4523,#3691,#3692);
#3093=AXIS2_PLACEMENT_3D('',#4524,#3693,#3694);
#3094=AXIS2_PLACEMENT_3D('',#4526,#3696,#3697);
#3095=AXIS2_PLACEMENT_3D('',#4528,#3699,#3700);
#3096=AXIS2_PLACEMENT_3D('',#4530,#3702,#3703);
#3097=AXIS2_PLACEMENT_3D('',#4532,#3705,#3706);
#3098=AXIS2_PLACEMENT_3D('',#4536,#3709,#3710);
#3099=AXIS2_PLACEMENT_3D('',#4540,#3713,#3714);
#3100=AXIS2_PLACEMENT_3D('',#4542,#3716,#3717);
#3101=AXIS2_PLACEMENT_3D('',#4543,#3718,#3719);
#3102=AXIS2_PLACEMENT_3D('',#4545,#3721,#3722);
#3103=AXIS2_PLACEMENT_3D('',#4548,#3725,#3726);
#3104=AXIS2_PLACEMENT_3D('',#4551,#3729,#3730);
#3105=AXIS2_PLACEMENT_3D('',#4555,#3733,#3734);
#3106=AXIS2_PLACEMENT_3D('',#4557,#3736,#3737);
#3107=AXIS2_PLACEMENT_3D('',#4558,#3738,#3739);
#3108=AXIS2_PLACEMENT_3D('',#4560,#3741,#3742);
#3109=AXIS2_PLACEMENT_3D('',#4563,#3745,#3746);
#3110=AXIS2_PLACEMENT_3D('',#4566,#3749,#3750);
#3111=AXIS2_PLACEMENT_3D('',#4570,#3753,#3754);
#3112=AXIS2_PLACEMENT_3D('',#4572,#3756,#3757);
#3113=AXIS2_PLACEMENT_3D('',#4573,#3758,#3759);
#3114=AXIS2_PLACEMENT_3D('',#4577,#3762,#3763);
#3115=AXIS2_PLACEMENT_3D('',#4581,#3766,#3767);
#3116=AXIS2_PLACEMENT_3D('',#4583,#3769,#3770);
#3117=AXIS2_PLACEMENT_3D('',#4584,#3771,#3772);
#3118=AXIS2_PLACEMENT_3D('',#4586,#3774,#3775);
#3119=AXIS2_PLACEMENT_3D('',#4588,#3777,#3778);
#3120=AXIS2_PLACEMENT_3D('',#4590,#3780,#3781);
#3121=AXIS2_PLACEMENT_3D('',#4591,#3782,#3783);
#3122=AXIS2_PLACEMENT_3D('',#4598,#3788,#3789);
#3123=AXIS2_PLACEMENT_3D('',#4599,#3790,#3791);
#3124=AXIS2_PLACEMENT_3D('',#4603,#3794,#3795);
#3125=AXIS2_PLACEMENT_3D('',#4607,#3798,#3799);
#3126=AXIS2_PLACEMENT_3D('',#4609,#3801,#3802);
#3127=AXIS2_PLACEMENT_3D('',#4610,#3803,#3804);
#3128=AXIS2_PLACEMENT_3D('',#4614,#3806,#3807);
#3129=AXIS2_PLACEMENT_3D('',#4616,#3809,#3810);
#3130=AXIS2_PLACEMENT_3D('',#4621,#3813,#3814);
#3131=AXIS2_PLACEMENT_3D('',#4622,#3815,#3816);
#3132=AXIS2_PLACEMENT_3D('',#4624,#3817,#3818);
#3133=AXIS2_PLACEMENT_3D('',#4626,#3820,#3821);
#3134=AXIS2_PLACEMENT_3D('',#4629,#3823,#3824);
#3135=AXIS2_PLACEMENT_3D('',#4630,#3825,#3826);
#3136=AXIS2_PLACEMENT_3D('',#4632,#3827,#3828);
#3137=AXIS2_PLACEMENT_3D('',#4634,#3830,#3831);
#3138=AXIS2_PLACEMENT_3D('',#4637,#3833,#3834);
#3139=AXIS2_PLACEMENT_3D('',#4638,#3835,#3836);
#3140=AXIS2_PLACEMENT_3D('',#4643,#3839,#3840);
#3141=AXIS2_PLACEMENT_3D('',#4644,#3841,#3842);
#3142=AXIS2_PLACEMENT_3D('',#4649,#3845,#3846);
#3143=AXIS2_PLACEMENT_3D('',#4650,#3847,#3848);
#3144=AXIS2_PLACEMENT_3D('',#4652,#3849,#3850);
#3145=AXIS2_PLACEMENT_3D('',#4654,#3852,#3853);
#3146=AXIS2_PLACEMENT_3D('',#4657,#3855,#3856);
#3147=AXIS2_PLACEMENT_3D('',#4658,#3857,#3858);
#3148=AXIS2_PLACEMENT_3D('',#4660,#3859,#3860);
#3149=AXIS2_PLACEMENT_3D('',#4662,#3862,#3863);
#3150=AXIS2_PLACEMENT_3D('',#4665,#3865,#3866);
#3151=AXIS2_PLACEMENT_3D('',#4666,#3867,#3868);
#3152=AXIS2_PLACEMENT_3D('',#4670,#3871,#3872);
#3153=AXIS2_PLACEMENT_3D('',#4672,#3874,#3875);
#3154=AXIS2_PLACEMENT_3D('',#4674,#3877,#3878);
#3155=AXIS2_PLACEMENT_3D('',#4678,#3881,#3882);
#3156=AXIS2_PLACEMENT_3D('',#4681,#3885,#3886);
#3157=AXIS2_PLACEMENT_3D('',#4683,#3888,#3889);
#3158=AXIS2_PLACEMENT_3D('',#4686,#3892,#3893);
#3159=AXIS2_PLACEMENT_3D('',#4687,#3894,#3895);
#3160=AXIS2_PLACEMENT_3D('',#4688,#3896,#3897);
#3161=AXIS2_PLACEMENT_3D('',#4689,#3898,#3899);
#3162=AXIS2_PLACEMENT_3D('',#4690,#3900,#3901);
#3163=AXIS2_PLACEMENT_3D('',#4691,#3902,#3903);
#3164=AXIS2_PLACEMENT_3D('',#4693,#3905,#3906);
#3165=AXIS2_PLACEMENT_3D('',#4694,#3907,#3908);
#3166=AXIS2_PLACEMENT_3D('',#4695,#3909,#3910);
#3167=AXIS2_PLACEMENT_3D('',#4950,#3911,#3912);
#3168=AXIS2_PLACEMENT_3D('',#4951,#3913,#3914);
#3169=AXIS2_PLACEMENT_3D('',#4952,#3915,#3916);
#3170=AXIS2_PLACEMENT_3D('',#4953,#3917,#3918);
#3171=AXIS2_PLACEMENT_3D('',#4962,#3919,#3920);
#3172=AXIS2_PLACEMENT_3D('',#4965,#3921,#3922);
#3173=AXIS2_PLACEMENT_3D('',#4970,#3923,#3924);
#3174=AXIS2_PLACEMENT_3D('',#4979,#3925,#3926);
#3175=AXIS2_PLACEMENT_3D('',#4984,#3927,#3928);
#3176=AXIS2_PLACEMENT_3D('',#4989,#3929,#3930);
#3177=AXIS2_PLACEMENT_3D('',#4994,#3931,#3932);
#3178=AXIS2_PLACEMENT_3D('',#4999,#3933,#3934);
#3179=DIRECTION('axis',(0.,0.,1.));
#3180=DIRECTION('refdir',(1.,0.,0.));
#3181=DIRECTION('center_axis',(-4.11791812770058E-15,0.,-1.));
#3182=DIRECTION('ref_axis',(0.707106781186548,-0.707106781186548,-1.79439138135289E-15));
#3183=DIRECTION('center_axis',(5.92118946466754E-16,0.,1.));
#3184=DIRECTION('ref_axis',(0.707106781186548,-0.707106781186548,-1.79439138135289E-15));
#3185=DIRECTION('',(-4.11791812770058E-15,0.,-1.));
#3186=DIRECTION('center_axis',(0.,0.,-1.));
#3187=DIRECTION('ref_axis',(0.707106781186548,-0.707106781186548,-1.79439138135289E-15));
#3188=DIRECTION('',(4.11791812770058E-15,0.,1.));
#3189=DIRECTION('center_axis',(-1.,0.,4.11791812770058E-15));
#3190=DIRECTION('ref_axis',(4.11791812770058E-15,0.,1.));
#3191=DIRECTION('',(0.,1.,0.));
#3192=DIRECTION('',(-4.11791812770058E-15,0.,-1.));
#3193=DIRECTION('',(0.,1.,0.));
#3194=DIRECTION('',(4.11791812770058E-15,0.,1.));
#3195=DIRECTION('center_axis',(1.,0.,-4.11791812770058E-15));
#3196=DIRECTION('ref_axis',(0.,0.,-1.));
#3197=DIRECTION('',(4.11791812770058E-15,0.,1.));
#3198=DIRECTION('center_axis',(-1.,0.,4.11791812770058E-15));
#3199=DIRECTION('ref_axis',(0.,-0.70710678118655,0.707106781186545));
#3200=DIRECTION('',(0.,1.,0.));
#3201=DIRECTION('center_axis',(1.,0.,-4.11791812770058E-15));
#3202=DIRECTION('ref_axis',(0.,0.,-1.));
#3203=DIRECTION('center_axis',(1.,0.,-4.11791812770058E-15));
#3204=DIRECTION('ref_axis',(0.,0.,-1.));
#3205=DIRECTION('center_axis',(6.93595414426183E-16,0.,1.));
#3206=DIRECTION('ref_axis',(-0.707106781186547,-0.707106781186548,1.79439138135289E-15));
#3207=DIRECTION('center_axis',(-1.07657990266681E-15,0.,1.));
#3208=DIRECTION('ref_axis',(-0.707106781186547,-0.707106781186548,1.79439138135289E-15));
#3209=DIRECTION('',(-6.93595414426183E-16,0.,-1.));
#3210=DIRECTION('center_axis',(1.07657990266681E-15,0.,-1.));
#3211=DIRECTION('ref_axis',(-0.707106781186547,-0.707106781186548,1.79439138135289E-15));
#3212=DIRECTION('',(6.93595414426183E-16,0.,1.));
#3213=DIRECTION('center_axis',(0.,1.,0.));
#3214=DIRECTION('ref_axis',(0.,0.,1.));
#3215=DIRECTION('',(1.,0.,1.07657990266681E-15));
#3216=DIRECTION('',(0.,0.,1.));
#3217=DIRECTION('',(1.,0.,-8.88178419700125E-15));
#3218=DIRECTION('',(0.,0.,-1.));
#3219=DIRECTION('',(-1.,0.,0.));
#3220=DIRECTION('center_axis',(6.93595414426183E-16,0.,1.));
#3221=DIRECTION('ref_axis',(-0.707106781186547,-0.707106781186548,4.9065389333868E-16));
#3222=DIRECTION('center_axis',(0.,0.,-1.));
#3223=DIRECTION('ref_axis',(-0.707106781186547,-0.707106781186548,4.9065389333868E-16));
#3224=DIRECTION('',(6.93595414426183E-16,0.,1.));
#3225=DIRECTION('center_axis',(1.16524865558325E-15,0.,1.));
#3226=DIRECTION('ref_axis',(-0.707106781186547,-0.707106781186548,4.9065389333868E-16));
#3227=DIRECTION('',(-6.93595414426183E-16,0.,-1.));
#3228=DIRECTION('center_axis',(1.,0.,-6.93595414426183E-16));
#3229=DIRECTION('ref_axis',(-6.93595414426183E-16,0.,-1.));
#3230=DIRECTION('',(0.,1.,0.));
#3231=DIRECTION('',(6.93595414426183E-16,0.,1.));
#3232=DIRECTION('',(0.,1.,0.));
#3233=DIRECTION('',(-6.93595414426183E-16,0.,-1.));
#3234=DIRECTION('center_axis',(-1.,0.,6.93595414426183E-16));
#3235=DIRECTION('ref_axis',(0.,0.,-1.));
#3236=DIRECTION('',(-6.93595414426183E-16,0.,-1.));
#3237=DIRECTION('center_axis',(1.,0.,-6.93595414426183E-16));
#3238=DIRECTION('ref_axis',(0.,-0.707106781186547,-0.707106781186548));
#3239=DIRECTION('',(0.,1.,0.));
#3240=DIRECTION('center_axis',(-1.,0.,6.93595414426183E-16));
#3241=DIRECTION('ref_axis',(0.,0.,-1.));
#3242=DIRECTION('center_axis',(-1.,0.,6.93595414426183E-16));
#3243=DIRECTION('ref_axis',(0.,0.,-1.));
#3244=DIRECTION('center_axis',(-4.11791812770058E-15,0.,-1.));
#3245=DIRECTION('ref_axis',(0.707106781186548,-0.707106781186548,-2.91588599469844E-15));
#3246=DIRECTION('center_axis',(0.,0.,-1.));
#3247=DIRECTION('ref_axis',(0.707106781186548,-0.707106781186548,-2.91588599469844E-15));
#3248=DIRECTION('',(4.11791812770058E-15,0.,1.));
#3249=DIRECTION('center_axis',(0.,0.,1.));
#3250=DIRECTION('ref_axis',(0.707106781186548,-0.707106781186548,-2.91588599469844E-15));
#3251=DIRECTION('',(-4.11791812770058E-15,0.,-1.));
#3252=DIRECTION('center_axis',(0.,1.,0.));
#3253=DIRECTION('ref_axis',(0.,0.,1.));
#3254=DIRECTION('',(-1.,0.,0.));
#3255=DIRECTION('',(0.,0.,-1.));
#3256=DIRECTION('',(-1.,0.,0.));
#3257=DIRECTION('',(0.,0.,1.));
#3258=DIRECTION('',(1.,0.,0.));
#3259=DIRECTION('center_axis',(-1.,0.,5.92118946466754E-16));
#3260=DIRECTION('ref_axis',(0.,-0.70710678118655,0.707106781186545));
#3261=DIRECTION('center_axis',(1.,0.,-8.07434927000114E-16));
#3262=DIRECTION('ref_axis',(0.,-0.70710678118655,0.707106781186545));
#3263=DIRECTION('',(-1.,0.,0.));
#3264=DIRECTION('',(-1.,0.,0.));
#3265=DIRECTION('center_axis',(-1.,0.,0.));
#3266=DIRECTION('ref_axis',(0.,-0.70710678118655,0.707106781186545));
#3267=DIRECTION('center_axis',(1.,0.,-6.93595414426183E-16));
#3268=DIRECTION('ref_axis',(0.,-0.70710678118655,0.707106781186545));
#3269=DIRECTION('',(-1.,0.,0.));
#3270=DIRECTION('center_axis',(-1.,0.,3.70074341541718E-16));
#3271=DIRECTION('ref_axis',(0.,-0.70710678118655,0.707106781186545));
#3272=DIRECTION('',(-1.,0.,0.));
#3273=DIRECTION('center_axis',(1.,0.,0.));
#3274=DIRECTION('ref_axis',(0.,-0.707106781186547,-0.707106781186548));
#3275=DIRECTION('center_axis',(-1.,0.,4.11791812770058E-15));
#3276=DIRECTION('ref_axis',(0.,-0.707106781186547,-0.707106781186548));
#3277=DIRECTION('',(1.,0.,0.));
#3278=DIRECTION('center_axis',(1.,0.,0.));
#3279=DIRECTION('ref_axis',(0.,-0.707106781186547,-0.707106781186548));
#3280=DIRECTION('',(1.,0.,0.));
#3281=DIRECTION('center_axis',(1.,0.,0.));
#3282=DIRECTION('ref_axis',(0.,-0.707106781186547,-0.707106781186548));
#3283=DIRECTION('center_axis',(-1.,0.,7.56970244062607E-17));
#3284=DIRECTION('ref_axis',(0.,-0.707106781186547,-0.707106781186548));
#3285=DIRECTION('',(1.,0.,0.));
#3286=DIRECTION('',(1.,0.,0.));
#3287=DIRECTION('center_axis',(0.,1.,0.));
#3288=DIRECTION('ref_axis',(0.,0.,1.));
#3289=DIRECTION('',(-1.,0.,0.));
#3290=DIRECTION('',(0.,0.,1.));
#3291=DIRECTION('',(1.,0.,-8.88178419700124E-15));
#3292=DIRECTION('',(-4.67541522197615E-16,0.,-1.));
#3293=DIRECTION('',(1.,0.,-5.92118946466754E-16));
#3294=DIRECTION('center_axis',(0.,0.,-1.));
#3295=DIRECTION('ref_axis',(-1.,0.,0.));
#3296=DIRECTION('',(-1.,0.,0.));
#3297=DIRECTION('',(0.,1.,0.));
#3298=DIRECTION('',(0.,1.,0.));
#3299=DIRECTION('center_axis',(0.,0.,1.));
#3300=DIRECTION('ref_axis',(1.,0.,0.));
#3301=DIRECTION('',(0.,1.,0.));
#3302=DIRECTION('',(1.,0.,0.));
#3303=DIRECTION('',(0.,1.,0.));
#3304=DIRECTION('',(0.,1.,0.));
#3305=DIRECTION('center_axis',(1.07657990266681E-15,0.,-1.));
#3306=DIRECTION('ref_axis',(-1.,0.,-1.07657990266681E-15));
#3307=DIRECTION('',(0.,1.,0.));
#3308=DIRECTION('',(-1.,0.,-1.07657990266681E-15));
#3309=DIRECTION('',(0.,1.,0.));
#3310=DIRECTION('',(0.,1.,0.));
#3311=DIRECTION('center_axis',(0.,1.,0.));
#3312=DIRECTION('ref_axis',(0.,0.,1.));
#3313=DIRECTION('',(1.,0.,-1.16524865558325E-15));
#3314=DIRECTION('',(0.,0.,-1.));
#3315=DIRECTION('',(-1.,0.,1.11022302462516E-15));
#3316=DIRECTION('',(5.84327907697451E-16,0.,1.));
#3317=DIRECTION('',(-1.,0.,0.));
#3318=DIRECTION('center_axis',(1.16524865558325E-15,0.,1.));
#3319=DIRECTION('ref_axis',(1.,0.,-1.16524865558325E-15));
#3320=DIRECTION('',(1.,0.,-1.16524865558325E-15));
#3321=DIRECTION('',(0.,1.,0.));
#3322=DIRECTION('',(0.,1.,0.));
#3323=DIRECTION('center_axis',(0.,1.,0.));
#3324=DIRECTION('ref_axis',(0.,0.,1.));
#3325=DIRECTION('',(-8.07434927000114E-16,0.,-1.));
#3326=DIRECTION('center_axis',(0.,-1.,0.));
#3327=DIRECTION('ref_axis',(-0.707106781186549,0.,-0.707106781186546));
#3328=DIRECTION('',(-4.11791812770058E-15,0.,-1.));
#3329=DIRECTION('center_axis',(0.,-1.,0.));
#3330=DIRECTION('ref_axis',(-0.707106781186547,0.,0.707106781186548));
#3331=DIRECTION('',(0.,0.,-1.));
#3332=DIRECTION('',(0.,0.,1.));
#3333=DIRECTION('',(1.,0.,0.));
#3334=DIRECTION('',(0.,0.,-1.));
#3335=DIRECTION('',(7.56970244062607E-17,0.,1.));
#3336=DIRECTION('center_axis',(0.,-1.,0.));
#3337=DIRECTION('ref_axis',(0.707106781186548,0.,0.707106781186547));
#3338=DIRECTION('',(6.93595414426183E-16,0.,1.));
#3339=DIRECTION('center_axis',(0.,-1.,0.));
#3340=DIRECTION('ref_axis',(0.707106781186548,0.,-0.707106781186547));
#3341=DIRECTION('',(4.27008855625055E-16,0.,1.));
#3342=DIRECTION('',(-7.40148683083432E-15,0.,-1.));
#3343=DIRECTION('',(-1.,0.,0.));
#3344=DIRECTION('',(0.,0.,1.));
#3345=DIRECTION('center_axis',(0.,-1.,0.));
#3346=DIRECTION('ref_axis',(1.,0.,0.));
#3347=DIRECTION('center_axis',(0.,-1.,0.));
#3348=DIRECTION('ref_axis',(1.,0.,0.));
#3349=DIRECTION('center_axis',(0.,-1.,0.));
#3350=DIRECTION('ref_axis',(1.,0.,0.));
#3351=DIRECTION('center_axis',(0.,-1.,0.));
#3352=DIRECTION('ref_axis',(1.,0.,0.));
#3353=DIRECTION('center_axis',(1.,0.,0.));
#3354=DIRECTION('ref_axis',(0.,-0.707106781186547,0.707106781186548));
#3355=DIRECTION('',(-1.,0.,0.));
#3356=DIRECTION('center_axis',(-1.,0.,0.));
#3357=DIRECTION('ref_axis',(0.,-0.707106781186547,0.707106781186548));
#3358=DIRECTION('',(1.,0.,0.));
#3359=DIRECTION('center_axis',(0.707106781186548,0.,0.707106781186548));
#3360=DIRECTION('ref_axis',(-0.707106781186548,0.,0.707106781186548));
#3361=DIRECTION('center_axis',(0.,0.,1.));
#3362=DIRECTION('ref_axis',(-0.707106781186549,-0.707106781186546,0.));
#3363=DIRECTION('',(0.,0.,-1.));
#3364=DIRECTION('',(0.,0.,1.));
#3365=DIRECTION('center_axis',(-0.707106781186548,0.,0.707106781186548));
#3366=DIRECTION('ref_axis',(-0.707106781186547,0.,-0.707106781186547));
#3367=DIRECTION('center_axis',(-1.,0.,0.));
#3368=DIRECTION('ref_axis',(0.,-0.707106781186547,-0.707106781186548));
#3369=DIRECTION('',(-1.,0.,0.));
#3370=DIRECTION('center_axis',(-1.,0.,0.));
#3371=DIRECTION('ref_axis',(0.,-0.707106781186547,-0.707106781186548));
#3372=DIRECTION('',(1.,0.,0.));
#3373=DIRECTION('center_axis',(0.,1.,0.));
#3374=DIRECTION('ref_axis',(0.,0.,1.));
#3375=DIRECTION('',(-3.65720525758875E-15,0.,-1.));
#3376=DIRECTION('',(1.,0.,-1.58603289232165E-16));
#3377=DIRECTION('',(5.92118946466749E-16,0.,1.));
#3378=DIRECTION('',(1.,0.,0.));
#3379=DIRECTION('',(0.,0.,-1.));
#3380=DIRECTION('',(1.,0.,0.));
#3381=DIRECTION('',(0.,0.,-1.));
#3382=DIRECTION('',(1.,0.,0.));
#3383=DIRECTION('',(-4.11791812770058E-15,0.,-1.));
#3384=DIRECTION('',(-1.,0.,0.));
#3385=DIRECTION('center_axis',(0.,1.,0.));
#3386=DIRECTION('ref_axis',(-0.707106781186547,0.,0.707106781186548));
#3387=DIRECTION('',(-4.11791812770058E-15,0.,-1.));
#3388=DIRECTION('',(-1.,0.,0.));
#3389=DIRECTION('',(0.,0.,-1.));
#3390=DIRECTION('',(1.,0.,-6.3441315692866E-16));
#3391=DIRECTION('',(-4.11791812770058E-15,0.,-1.));
#3392=DIRECTION('center_axis',(0.,1.,0.));
#3393=DIRECTION('ref_axis',(-0.707106781186549,0.,-0.707106781186546));
#3394=DIRECTION('',(1.,0.,0.));
#3395=DIRECTION('',(-1.,0.,5.92118946466754E-16));
#3396=DIRECTION('',(4.67541522197615E-16,0.,1.));
#3397=DIRECTION('',(-1.,0.,8.88178419700124E-15));
#3398=DIRECTION('',(0.,0.,-1.));
#3399=DIRECTION('',(-1.,0.,5.92118946466754E-16));
#3400=DIRECTION('',(2.96059473233375E-16,0.,1.));
#3401=DIRECTION('',(-1.,0.,0.));
#3402=DIRECTION('',(0.,0.,-1.));
#3403=DIRECTION('',(-1.,0.,5.92118946466754E-16));
#3404=DIRECTION('',(0.,0.,1.));
#3405=DIRECTION('',(-1.,0.,8.88178419700125E-15));
#3406=DIRECTION('',(0.,0.,1.));
#3407=DIRECTION('',(-1.,0.,0.));
#3408=DIRECTION('',(6.93595414426183E-16,0.,1.));
#3409=DIRECTION('',(1.,0.,0.));
#3410=DIRECTION('center_axis',(0.,1.,0.));
#3411=DIRECTION('ref_axis',(0.707106781186548,0.,-0.707106781186547));
#3412=DIRECTION('',(6.93595414426183E-16,0.,1.));
#3413=DIRECTION('',(1.,0.,-6.12536841172499E-16));
#3414=DIRECTION('',(0.,0.,1.));
#3415=DIRECTION('',(-1.,0.,0.));
#3416=DIRECTION('',(6.93595414426183E-16,0.,1.));
#3417=DIRECTION('center_axis',(0.,1.,0.));
#3418=DIRECTION('ref_axis',(0.707106781186548,0.,0.707106781186547));
#3419=DIRECTION('',(-1.,0.,0.));
#3420=DIRECTION('',(1.,0.,0.));
#3421=DIRECTION('',(-5.84327907697451E-16,0.,-1.));
#3422=DIRECTION('',(1.,0.,-1.11022302462516E-15));
#3423=DIRECTION('',(0.,0.,1.));
#3424=DIRECTION('',(1.,0.,0.));
#3425=DIRECTION('center_axis',(0.,-1.,0.));
#3426=DIRECTION('ref_axis',(-1.,0.,0.));
#3427=DIRECTION('center_axis',(0.,-1.,0.));
#3428=DIRECTION('ref_axis',(-1.,0.,0.));
#3429=DIRECTION('center_axis',(0.,-1.,0.));
#3430=DIRECTION('ref_axis',(-1.,0.,0.));
#3431=DIRECTION('center_axis',(0.,-1.,0.));
#3432=DIRECTION('ref_axis',(-1.,0.,0.));
#3433=DIRECTION('',(0.,0.,-1.));
#3434=DIRECTION('',(0.,0.,1.));
#3435=DIRECTION('',(1.,0.,0.));
#3436=DIRECTION('',(0.,0.,1.));
#3437=DIRECTION('',(-1.,0.,0.));
#3438=DIRECTION('center_axis',(0.,0.,-1.));
#3439=DIRECTION('ref_axis',(0.707106781186548,-0.707106781186548,0.));
#3440=DIRECTION('center_axis',(0.707106781186548,0.,0.707106781186547));
#3441=DIRECTION('ref_axis',(-0.707106781186547,0.,0.707106781186548));
#3442=DIRECTION('',(0.,0.,-1.));
#3443=DIRECTION('center_axis',(0.707106781186548,0.,-0.707106781186547));
#3444=DIRECTION('ref_axis',(0.707106781186547,0.,0.707106781186548));
#3445=DIRECTION('center_axis',(-1.,0.,0.));
#3446=DIRECTION('ref_axis',(0.,-0.707106781186546,-0.707106781186549));
#3447=DIRECTION('center_axis',(1.,0.,0.));
#3448=DIRECTION('ref_axis',(0.,-0.707106781186546,-0.707106781186549));
#3449=DIRECTION('',(-1.,0.,0.));
#3450=DIRECTION('center_axis',(1.,0.,0.));
#3451=DIRECTION('ref_axis',(0.,-0.707106781186546,0.707106781186549));
#3452=DIRECTION('',(1.,0.,0.));
#3453=DIRECTION('center_axis',(1.,0.,0.));
#3454=DIRECTION('ref_axis',(0.,-0.707106781186546,0.707106781186549));
#3455=DIRECTION('center_axis',(0.,1.,0.));
#3456=DIRECTION('ref_axis',(0.,0.,1.));
#3457=DIRECTION('center_axis',(-1.,0.,0.));
#3458=DIRECTION('ref_axis',(0.,0.,-1.));
#3459=DIRECTION('center_axis',(0.,1.,0.));
#3460=DIRECTION('ref_axis',(1.,0.,0.));
#3461=DIRECTION('center_axis',(0.,1.,0.));
#3462=DIRECTION('ref_axis',(1.,0.,0.));
#3463=DIRECTION('center_axis',(0.,1.,0.));
#3464=DIRECTION('ref_axis',(-1.,0.,0.));
#3465=DIRECTION('',(0.,1.,0.));
#3466=DIRECTION('center_axis',(0.,1.,0.));
#3467=DIRECTION('ref_axis',(0.,0.,1.));
#3468=DIRECTION('center_axis',(-1.,0.,0.));
#3469=DIRECTION('ref_axis',(0.,0.,-1.));
#3470=DIRECTION('center_axis',(0.,1.,0.));
#3471=DIRECTION('ref_axis',(1.,0.,0.));
#3472=DIRECTION('center_axis',(0.,1.,0.));
#3473=DIRECTION('ref_axis',(1.,0.,0.));
#3474=DIRECTION('center_axis',(0.,1.,0.));
#3475=DIRECTION('ref_axis',(-1.,0.,0.));
#3476=DIRECTION('',(0.,1.,0.));
#3477=DIRECTION('center_axis',(0.,1.,0.));
#3478=DIRECTION('ref_axis',(0.,0.,1.));
#3479=DIRECTION('center_axis',(-1.,0.,0.));
#3480=DIRECTION('ref_axis',(0.,0.,-1.));
#3481=DIRECTION('center_axis',(0.,1.,0.));
#3482=DIRECTION('ref_axis',(1.,0.,0.));
#3483=DIRECTION('center_axis',(0.,1.,0.));
#3484=DIRECTION('ref_axis',(1.,0.,0.));
#3485=DIRECTION('center_axis',(0.,1.,0.));
#3486=DIRECTION('ref_axis',(-1.,0.,0.));
#3487=DIRECTION('',(0.,1.,0.));
#3488=DIRECTION('center_axis',(0.,1.,0.));
#3489=DIRECTION('ref_axis',(0.,0.,1.));
#3490=DIRECTION('center_axis',(-1.,0.,0.));
#3491=DIRECTION('ref_axis',(0.,0.,-1.));
#3492=DIRECTION('center_axis',(0.,1.,0.));
#3493=DIRECTION('ref_axis',(1.,0.,0.));
#3494=DIRECTION('center_axis',(0.,1.,0.));
#3495=DIRECTION('ref_axis',(1.,0.,0.));
#3496=DIRECTION('center_axis',(0.,1.,0.));
#3497=DIRECTION('ref_axis',(-1.,0.,0.));
#3498=DIRECTION('',(0.,1.,0.));
#3499=DIRECTION('center_axis',(-1.,0.,3.63345717150051E-16));
#3500=DIRECTION('ref_axis',(3.63345717150051E-16,0.,1.));
#3501=DIRECTION('',(-3.63345717150051E-16,0.,-1.));
#3502=DIRECTION('',(0.,1.,0.));
#3503=DIRECTION('',(3.63345717150051E-16,0.,1.));
#3504=DIRECTION('',(0.,1.,0.));
#3505=DIRECTION('center_axis',(0.,0.,1.));
#3506=DIRECTION('ref_axis',(1.,0.,0.));
#3507=DIRECTION('',(-1.,0.,0.));
#3508=DIRECTION('',(0.,1.,0.));
#3509=DIRECTION('',(1.,0.,0.));
#3510=DIRECTION('center_axis',(-1.,0.,0.));
#3511=DIRECTION('ref_axis',(0.,0.,1.));
#3512=DIRECTION('',(0.,0.,-1.));
#3513=DIRECTION('',(0.,1.,0.));
#3514=DIRECTION('',(0.,0.,1.));
#3515=DIRECTION('center_axis',(0.,0.,-1.));
#3516=DIRECTION('ref_axis',(-1.,0.,0.));
#3517=DIRECTION('',(1.,0.,0.));
#3518=DIRECTION('',(0.,1.,0.));
#3519=DIRECTION('',(-1.,0.,0.));
#3520=DIRECTION('center_axis',(-1.,0.,3.63345717150051E-16));
#3521=DIRECTION('ref_axis',(3.63345717150051E-16,0.,1.));
#3522=DIRECTION('',(-3.63345717150051E-16,0.,-1.));
#3523=DIRECTION('',(0.,1.,0.));
#3524=DIRECTION('',(3.63345717150051E-16,0.,1.));
#3525=DIRECTION('center_axis',(1.,0.,-5.92118946466749E-16));
#3526=DIRECTION('ref_axis',(-5.92118946466749E-16,0.,-1.));
#3527=DIRECTION('',(0.,1.,0.));
#3528=DIRECTION('',(-5.92118946466749E-16,0.,-1.));
#3529=DIRECTION('',(0.,1.,0.));
#3530=DIRECTION('center_axis',(2.22044604925033E-16,0.,1.));
#3531=DIRECTION('ref_axis',(1.,0.,-2.22044604925033E-16));
#3532=DIRECTION('',(-1.,0.,2.22044604925033E-16));
#3533=DIRECTION('',(1.,0.,-2.22044604925033E-16));
#3534=DIRECTION('',(0.,1.,0.));
#3535=DIRECTION('center_axis',(1.,0.,7.69754630406774E-15));
#3536=DIRECTION('ref_axis',(7.69754630406774E-15,0.,-1.));
#3537=DIRECTION('',(-7.69754630406774E-15,0.,1.));
#3538=DIRECTION('',(7.69754630406774E-15,0.,-1.));
#3539=DIRECTION('',(0.,1.,0.));
#3540=DIRECTION('center_axis',(-1.,0.,3.65720525758875E-15));
#3541=DIRECTION('ref_axis',(3.65720525758875E-15,0.,1.));
#3542=DIRECTION('',(0.,1.,0.));
#3543=DIRECTION('',(3.65720525758875E-15,0.,1.));
#3544=DIRECTION('',(0.,1.,0.));
#3545=DIRECTION('center_axis',(-1.58603289232165E-16,0.,-1.));
#3546=DIRECTION('ref_axis',(-1.,0.,1.58603289232165E-16));
#3547=DIRECTION('',(-1.,0.,1.58603289232165E-16));
#3548=DIRECTION('center_axis',(0.,1.,0.));
#3549=DIRECTION('ref_axis',(0.,0.,1.));
#3550=DIRECTION('',(1.,0.,0.));
#3551=DIRECTION('',(1.,0.,0.));
#3552=DIRECTION('center_axis',(0.,0.,1.));
#3553=DIRECTION('ref_axis',(1.,0.,0.));
#3554=DIRECTION('',(0.,1.,0.));
#3555=DIRECTION('',(1.,0.,0.));
#3556=DIRECTION('',(0.,-1.,0.));
#3557=DIRECTION('center_axis',(0.,1.,0.));
#3558=DIRECTION('ref_axis',(0.,0.,1.));
#3559=DIRECTION('',(1.,0.,1.07657990266681E-15));
#3560=DIRECTION('',(-6.93595414426183E-16,0.,-1.));
#3561=DIRECTION('',(-1.,0.,-1.22507368234499E-15));
#3562=DIRECTION('',(0.,0.,1.));
#3563=DIRECTION('center_axis',(0.,1.,0.));
#3564=DIRECTION('ref_axis',(0.,0.,1.));
#3565=DIRECTION('',(0.,0.,-1.));
#3566=DIRECTION('',(-1.,0.,0.));
#3567=DIRECTION('',(4.11791812770058E-15,0.,1.));
#3568=DIRECTION('',(1.,0.,0.));
#3569=DIRECTION('center_axis',(1.,0.,-6.93595414426183E-16));
#3570=DIRECTION('ref_axis',(-6.93595414426183E-16,0.,-1.));
#3571=DIRECTION('',(-6.93595414426183E-16,0.,-1.));
#3572=DIRECTION('center_axis',(-1.,0.,6.93595414426183E-16));
#3573=DIRECTION('ref_axis',(0.,0.,-1.));
#3574=DIRECTION('',(-6.93595414426183E-16,0.,-1.));
#3575=DIRECTION('',(0.,1.,0.));
#3576=DIRECTION('',(0.,1.,0.));
#3577=DIRECTION('',(-6.93595414426183E-16,0.,-1.));
#3578=DIRECTION('',(0.,-1.,0.));
#3579=DIRECTION('',(0.,1.,0.));
#3580=DIRECTION('center_axis',(-1.,0.,6.93595414426183E-16));
#3581=DIRECTION('ref_axis',(0.,0.,-1.));
#3582=DIRECTION('center_axis',(-1.,0.,6.93595414426183E-16));
#3583=DIRECTION('ref_axis',(0.,0.,-1.));
#3584=DIRECTION('center_axis',(-1.07657990266681E-15,0.,1.));
#3585=DIRECTION('ref_axis',(1.,0.,1.07657990266681E-15));
#3586=DIRECTION('',(0.,1.,0.));
#3587=DIRECTION('center_axis',(-1.,0.,4.11791812770058E-15));
#3588=DIRECTION('ref_axis',(4.11791812770058E-15,0.,1.));
#3589=DIRECTION('',(4.11791812770058E-15,0.,1.));
#3590=DIRECTION('center_axis',(1.,0.,-4.11791812770058E-15));
#3591=DIRECTION('ref_axis',(0.,0.,-1.));
#3592=DIRECTION('',(4.11791812770058E-15,0.,1.));
#3593=DIRECTION('',(0.,1.,0.));
#3594=DIRECTION('',(0.,1.,0.));
#3595=DIRECTION('',(4.11791812770058E-15,0.,1.));
#3596=DIRECTION('',(0.,-1.,0.));
#3597=DIRECTION('',(0.,1.,0.));
#3598=DIRECTION('center_axis',(1.,0.,-4.11791812770058E-15));
#3599=DIRECTION('ref_axis',(0.,0.,-1.));
#3600=DIRECTION('center_axis',(1.,0.,-4.11791812770058E-15));
#3601=DIRECTION('ref_axis',(0.,0.,-1.));
#3602=DIRECTION('center_axis',(0.,0.,-1.));
#3603=DIRECTION('ref_axis',(-1.,0.,0.));
#3604=DIRECTION('',(0.,1.,0.));
#3605=DIRECTION('center_axis',(0.,-1.,0.));
#3606=DIRECTION('ref_axis',(-0.707106781186547,0.,0.707106781186548));
#3607=DIRECTION('',(0.,1.,0.));
#3608=DIRECTION('',(0.,1.,0.));
#3609=DIRECTION('center_axis',(0.,0.,-1.));
#3610=DIRECTION('ref_axis',(-1.,0.,0.));
#3611=DIRECTION('',(-1.,0.,0.));
#3612=DIRECTION('',(0.,1.,0.));
#3613=DIRECTION('center_axis',(0.,1.,0.));
#3614=DIRECTION('ref_axis',(-0.707106781186549,0.,-0.707106781186546));
#3615=DIRECTION('',(0.,-1.,0.));
#3616=DIRECTION('',(0.,1.,0.));
#3617=DIRECTION('center_axis',(1.,0.,-4.11791812770058E-15));
#3618=DIRECTION('ref_axis',(-4.11791812770058E-15,0.,-1.));
#3619=DIRECTION('',(0.,1.,0.));
#3620=DIRECTION('',(-4.11791812770058E-15,0.,-1.));
#3621=DIRECTION('',(0.,1.,0.));
#3622=DIRECTION('center_axis',(0.,-1.,0.));
#3623=DIRECTION('ref_axis',(0.707106781186548,0.,-0.707106781186547));
#3624=DIRECTION('',(0.,1.,0.));
#3625=DIRECTION('',(0.,1.,0.));
#3626=DIRECTION('center_axis',(0.,0.,1.));
#3627=DIRECTION('ref_axis',(1.,0.,0.));
#3628=DIRECTION('',(1.,0.,0.));
#3629=DIRECTION('',(0.,1.,0.));
#3630=DIRECTION('center_axis',(0.,1.,0.));
#3631=DIRECTION('ref_axis',(0.707106781186548,0.,0.707106781186547));
#3632=DIRECTION('',(0.,-1.,0.));
#3633=DIRECTION('',(0.,1.,0.));
#3634=DIRECTION('center_axis',(-1.,0.,6.93595414426183E-16));
#3635=DIRECTION('ref_axis',(6.93595414426183E-16,0.,1.));
#3636=DIRECTION('',(0.,1.,0.));
#3637=DIRECTION('',(6.93595414426183E-16,0.,1.));
#3638=DIRECTION('',(0.,1.,0.));
#3639=DIRECTION('center_axis',(0.,1.,0.));
#3640=DIRECTION('ref_axis',(-1.,0.,0.));
#3641=DIRECTION('center_axis',(0.,1.,0.));
#3642=DIRECTION('ref_axis',(-1.,0.,0.));
#3643=DIRECTION('',(0.,-1.,0.));
#3644=DIRECTION('center_axis',(0.,-1.,0.));
#3645=DIRECTION('ref_axis',(-1.,0.,0.));
#3646=DIRECTION('center_axis',(0.,1.,0.));
#3647=DIRECTION('ref_axis',(0.,0.,1.));
#3648=DIRECTION('center_axis',(0.,1.,0.));
#3649=DIRECTION('ref_axis',(-1.,0.,0.));
#3650=DIRECTION('center_axis',(0.,1.,0.));
#3651=DIRECTION('ref_axis',(-1.,0.,0.));
#3652=DIRECTION('',(0.,-1.,0.));
#3653=DIRECTION('center_axis',(0.,-1.,0.));
#3654=DIRECTION('ref_axis',(-1.,0.,0.));
#3655=DIRECTION('center_axis',(0.,1.,0.));
#3656=DIRECTION('ref_axis',(0.,0.,1.));
#3657=DIRECTION('center_axis',(0.,0.,-1.));
#3658=DIRECTION('ref_axis',(-1.,0.,0.));
#3659=DIRECTION('',(0.,1.,0.));
#3660=DIRECTION('',(-1.,0.,0.));
#3661=DIRECTION('',(0.,1.,0.));
#3662=DIRECTION('center_axis',(-1.,0.,0.));
#3663=DIRECTION('ref_axis',(0.,0.,1.));
#3664=DIRECTION('',(0.,1.,0.));
#3665=DIRECTION('',(0.,0.,1.));
#3666=DIRECTION('center_axis',(1.,0.,0.));
#3667=DIRECTION('ref_axis',(0.,0.,-1.));
#3668=DIRECTION('',(0.,0.,-1.));
#3669=DIRECTION('',(0.,1.,0.));
#3670=DIRECTION('center_axis',(0.,0.,1.));
#3671=DIRECTION('ref_axis',(1.,0.,0.));
#3672=DIRECTION('',(1.,0.,0.));
#3673=DIRECTION('center_axis',(0.,1.,0.));
#3674=DIRECTION('ref_axis',(0.,0.,1.));
#3675=DIRECTION('center_axis',(0.,0.,-1.));
#3676=DIRECTION('ref_axis',(-1.,0.,0.));
#3677=DIRECTION('',(0.,1.,0.));
#3678=DIRECTION('',(-1.,0.,0.));
#3679=DIRECTION('',(0.,1.,0.));
#3680=DIRECTION('center_axis',(-1.,0.,0.));
#3681=DIRECTION('ref_axis',(0.,0.,1.));
#3682=DIRECTION('',(0.,1.,0.));
#3683=DIRECTION('',(0.,0.,1.));
#3684=DIRECTION('center_axis',(1.,0.,0.));
#3685=DIRECTION('ref_axis',(0.,0.,-1.));
#3686=DIRECTION('',(0.,0.,-1.));
#3687=DIRECTION('',(0.,1.,0.));
#3688=DIRECTION('center_axis',(0.,0.,1.));
#3689=DIRECTION('ref_axis',(1.,0.,0.));
#3690=DIRECTION('',(1.,0.,0.));
#3691=DIRECTION('center_axis',(0.,1.,0.));
#3692=DIRECTION('ref_axis',(0.,0.,1.));
#3693=DIRECTION('center_axis',(5.92118946466754E-16,0.,1.));
#3694=DIRECTION('ref_axis',(1.,0.,-5.92118946466754E-16));
#3695=DIRECTION('',(0.,1.,0.));
#3696=DIRECTION('center_axis',(1.,0.,-4.67541522197615E-16));
#3697=DIRECTION('ref_axis',(-4.67541522197615E-16,0.,-1.));
#3698=DIRECTION('',(0.,1.,0.));
#3699=DIRECTION('center_axis',(8.88178419700124E-15,0.,1.));
#3700=DIRECTION('ref_axis',(1.,0.,-8.88178419700124E-15));
#3701=DIRECTION('',(0.,1.,0.));
#3702=DIRECTION('center_axis',(-1.,0.,0.));
#3703=DIRECTION('ref_axis',(0.,0.,1.));
#3704=DIRECTION('',(0.,-1.,0.));
#3705=DIRECTION('center_axis',(0.,0.,1.));
#3706=DIRECTION('ref_axis',(1.,0.,0.));
#3707=DIRECTION('',(1.,0.,0.));
#3708=DIRECTION('',(0.,1.,0.));
#3709=DIRECTION('center_axis',(-1.,0.,0.));
#3710=DIRECTION('ref_axis',(0.,0.,1.));
#3711=DIRECTION('',(0.,0.,1.));
#3712=DIRECTION('',(0.,1.,0.));
#3713=DIRECTION('center_axis',(-6.3441315692866E-16,0.,-1.));
#3714=DIRECTION('ref_axis',(-1.,0.,6.3441315692866E-16));
#3715=DIRECTION('',(-1.,0.,6.3441315692866E-16));
#3716=DIRECTION('center_axis',(0.,1.,0.));
#3717=DIRECTION('ref_axis',(0.,0.,1.));
#3718=DIRECTION('center_axis',(1.,0.,0.));
#3719=DIRECTION('ref_axis',(0.,0.,-1.));
#3720=DIRECTION('',(0.,1.,0.));
#3721=DIRECTION('center_axis',(0.,0.,1.));
#3722=DIRECTION('ref_axis',(1.,0.,0.));
#3723=DIRECTION('',(1.,0.,0.));
#3724=DIRECTION('',(0.,1.,0.));
#3725=DIRECTION('center_axis',(0.,0.,-1.));
#3726=DIRECTION('ref_axis',(-1.,0.,0.));
#3727=DIRECTION('',(0.,1.,0.));
#3728=DIRECTION('',(0.,1.,0.));
#3729=DIRECTION('center_axis',(-1.,0.,0.));
#3730=DIRECTION('ref_axis',(0.,0.,1.));
#3731=DIRECTION('',(0.,0.,1.));
#3732=DIRECTION('',(0.,1.,0.));
#3733=DIRECTION('center_axis',(0.,0.,-1.));
#3734=DIRECTION('ref_axis',(-1.,0.,0.));
#3735=DIRECTION('',(-1.,0.,0.));
#3736=DIRECTION('center_axis',(0.,1.,0.));
#3737=DIRECTION('ref_axis',(0.,0.,1.));
#3738=DIRECTION('center_axis',(-1.,0.,0.));
#3739=DIRECTION('ref_axis',(0.,0.,1.));
#3740=DIRECTION('',(0.,1.,0.));
#3741=DIRECTION('center_axis',(1.22507368234499E-15,0.,-1.));
#3742=DIRECTION('ref_axis',(-1.,0.,-1.22507368234499E-15));
#3743=DIRECTION('',(-1.,0.,-1.22507368234499E-15));
#3744=DIRECTION('',(0.,1.,0.));
#3745=DIRECTION('center_axis',(8.88178419700125E-15,0.,1.));
#3746=DIRECTION('ref_axis',(1.,0.,-8.88178419700125E-15));
#3747=DIRECTION('',(0.,1.,0.));
#3748=DIRECTION('',(0.,1.,0.));
#3749=DIRECTION('center_axis',(1.,0.,0.));
#3750=DIRECTION('ref_axis',(0.,0.,-1.));
#3751=DIRECTION('',(0.,0.,-1.));
#3752=DIRECTION('',(0.,1.,0.));
#3753=DIRECTION('center_axis',(0.,0.,1.));
#3754=DIRECTION('ref_axis',(1.,0.,0.));
#3755=DIRECTION('',(1.,0.,0.));
#3756=DIRECTION('center_axis',(0.,1.,0.));
#3757=DIRECTION('ref_axis',(0.,0.,1.));
#3758=DIRECTION('center_axis',(-6.12536841172499E-16,0.,-1.));
#3759=DIRECTION('ref_axis',(-1.,0.,6.12536841172499E-16));
#3760=DIRECTION('',(-1.,0.,6.12536841172499E-16));
#3761=DIRECTION('',(0.,1.,0.));
#3762=DIRECTION('center_axis',(1.,0.,0.));
#3763=DIRECTION('ref_axis',(0.,0.,-1.));
#3764=DIRECTION('',(0.,0.,-1.));
#3765=DIRECTION('',(0.,1.,0.));
#3766=DIRECTION('center_axis',(0.,0.,1.));
#3767=DIRECTION('ref_axis',(1.,0.,0.));
#3768=DIRECTION('',(1.,0.,0.));
#3769=DIRECTION('center_axis',(0.,1.,0.));
#3770=DIRECTION('ref_axis',(0.,0.,1.));
#3771=DIRECTION('center_axis',(0.,0.,-1.));
#3772=DIRECTION('ref_axis',(-1.,0.,0.));
#3773=DIRECTION('',(0.,1.,0.));
#3774=DIRECTION('center_axis',(-1.,0.,5.84327907697451E-16));
#3775=DIRECTION('ref_axis',(5.84327907697451E-16,0.,1.));
#3776=DIRECTION('',(0.,1.,0.));
#3777=DIRECTION('center_axis',(-1.11022302462516E-15,0.,-1.));
#3778=DIRECTION('ref_axis',(-1.,0.,1.11022302462516E-15));
#3779=DIRECTION('',(0.,1.,0.));
#3780=DIRECTION('center_axis',(1.,0.,0.));
#3781=DIRECTION('ref_axis',(0.,0.,-1.));
#3782=DIRECTION('center_axis',(-5.92118946466754E-16,0.,-1.));
#3783=DIRECTION('ref_axis',(-1.,0.,5.92118946466754E-16));
#3784=DIRECTION('',(0.,1.,0.));
#3785=DIRECTION('',(0.,1.,0.));
#3786=DIRECTION('',(-1.,0.,0.));
#3787=DIRECTION('',(0.,1.,0.));
#3788=DIRECTION('center_axis',(0.,1.,0.));
#3789=DIRECTION('ref_axis',(0.,0.,1.));
#3790=DIRECTION('center_axis',(1.,0.,-2.96059473233375E-16));
#3791=DIRECTION('ref_axis',(-2.96059473233375E-16,0.,-1.));
#3792=DIRECTION('',(-2.96059473233375E-16,0.,-1.));
#3793=DIRECTION('',(0.,1.,0.));
#3794=DIRECTION('center_axis',(0.,0.,1.));
#3795=DIRECTION('ref_axis',(1.,0.,0.));
#3796=DIRECTION('',(1.,0.,0.));
#3797=DIRECTION('',(0.,1.,0.));
#3798=DIRECTION('center_axis',(-1.,0.,0.));
#3799=DIRECTION('ref_axis',(0.,0.,1.));
#3800=DIRECTION('',(0.,0.,1.));
#3801=DIRECTION('center_axis',(0.,1.,0.));
#3802=DIRECTION('ref_axis',(0.,0.,1.));
#3803=DIRECTION('center_axis',(-1.,0.,0.));
#3804=DIRECTION('ref_axis',(0.,-1.,1.83697019872103E-16));
#3805=DIRECTION('',(-1.,0.,0.));
#3806=DIRECTION('center_axis',(-1.,0.,0.));
#3807=DIRECTION('ref_axis',(0.,0.,-1.));
#3808=DIRECTION('',(1.,0.,0.));
#3809=DIRECTION('center_axis',(-1.,0.,0.));
#3810=DIRECTION('ref_axis',(0.,-1.,1.83697019872103E-16));
#3811=DIRECTION('',(-1.,0.,0.));
#3812=DIRECTION('',(1.,0.,0.));
#3813=DIRECTION('center_axis',(1.,0.,-7.56970244062607E-17));
#3814=DIRECTION('ref_axis',(0.,0.,-1.));
#3815=DIRECTION('center_axis',(-1.,0.,0.));
#3816=DIRECTION('ref_axis',(0.,0.,-1.));
#3817=DIRECTION('center_axis',(-1.,0.,8.07434927000114E-16));
#3818=DIRECTION('ref_axis',(0.,0.,-1.));
#3819=DIRECTION('',(-1.,0.,0.));
#3820=DIRECTION('center_axis',(-1.,0.,0.));
#3821=DIRECTION('ref_axis',(0.,0.,-1.));
#3822=DIRECTION('',(-1.,0.,0.));
#3823=DIRECTION('center_axis',(1.,0.,-3.70074341541718E-16));
#3824=DIRECTION('ref_axis',(0.,0.,-1.));
#3825=DIRECTION('center_axis',(-1.,0.,0.));
#3826=DIRECTION('ref_axis',(0.,0.,-1.));
#3827=DIRECTION('center_axis',(-1.,0.,0.));
#3828=DIRECTION('ref_axis',(0.,0.,-1.));
#3829=DIRECTION('',(-1.,0.,0.));
#3830=DIRECTION('center_axis',(-1.,0.,0.));
#3831=DIRECTION('ref_axis',(0.,0.,-1.));
#3832=DIRECTION('',(-1.,0.,0.));
#3833=DIRECTION('center_axis',(1.,0.,-7.56970244062607E-17));
#3834=DIRECTION('ref_axis',(0.,0.,-1.));
#3835=DIRECTION('center_axis',(-1.,0.,0.));
#3836=DIRECTION('ref_axis',(0.,-1.,-6.12323399573677E-17));
#3837=DIRECTION('',(1.,0.,0.));
#3838=DIRECTION('',(-1.,0.,0.));
#3839=DIRECTION('center_axis',(-1.,0.,8.07434927000114E-16));
#3840=DIRECTION('ref_axis',(0.,0.,-1.));
#3841=DIRECTION('center_axis',(-1.,0.,0.));
#3842=DIRECTION('ref_axis',(0.,-1.,1.83697019872103E-16));
#3843=DIRECTION('',(-1.,0.,0.));
#3844=DIRECTION('',(1.,0.,0.));
#3845=DIRECTION('center_axis',(1.,0.,-3.70074341541718E-16));
#3846=DIRECTION('ref_axis',(0.,0.,-1.));
#3847=DIRECTION('center_axis',(-1.,0.,0.));
#3848=DIRECTION('ref_axis',(0.,0.,-1.));
#3849=DIRECTION('center_axis',(-1.,0.,0.));
#3850=DIRECTION('ref_axis',(0.,0.,-1.));
#3851=DIRECTION('',(-1.,0.,0.));
#3852=DIRECTION('center_axis',(-1.,0.,0.));
#3853=DIRECTION('ref_axis',(0.,0.,-1.));
#3854=DIRECTION('',(-1.,0.,0.));
#3855=DIRECTION('center_axis',(1.,0.,-7.56970244062607E-17));
#3856=DIRECTION('ref_axis',(0.,0.,-1.));
#3857=DIRECTION('center_axis',(-1.,0.,0.));
#3858=DIRECTION('ref_axis',(0.,0.,-1.));
#3859=DIRECTION('center_axis',(-1.,0.,8.07434927000114E-16));
#3860=DIRECTION('ref_axis',(0.,0.,-1.));
#3861=DIRECTION('',(-1.,0.,0.));
#3862=DIRECTION('center_axis',(-1.,0.,0.));
#3863=DIRECTION('ref_axis',(0.,0.,-1.));
#3864=DIRECTION('',(-1.,0.,0.));
#3865=DIRECTION('center_axis',(1.,0.,-3.70074341541718E-16));
#3866=DIRECTION('ref_axis',(0.,0.,-1.));
#3867=DIRECTION('center_axis',(0.,1.,0.));
#3868=DIRECTION('ref_axis',(0.,0.,1.));
#3869=DIRECTION('',(-1.,0.,0.));
#3870=DIRECTION('',(7.56970244062607E-17,0.,1.));
#3871=DIRECTION('center_axis',(0.,1.,0.));
#3872=DIRECTION('ref_axis',(0.,0.,1.));
#3873=DIRECTION('',(0.,0.,-1.));
#3874=DIRECTION('center_axis',(0.,1.,0.));
#3875=DIRECTION('ref_axis',(0.,0.,1.));
#3876=DIRECTION('',(3.70074341541718E-16,0.,1.));
#3877=DIRECTION('center_axis',(0.,1.,0.));
#3878=DIRECTION('ref_axis',(0.,0.,1.));
#3879=DIRECTION('',(1.,0.,0.));
#3880=DIRECTION('',(-8.07434927000114E-16,0.,-1.));
#3881=DIRECTION('center_axis',(-1.,0.,7.56970244062607E-17));
#3882=DIRECTION('ref_axis',(7.56970244062607E-17,0.,1.));
#3883=DIRECTION('',(7.56970244062607E-17,0.,1.));
#3884=DIRECTION('',(0.,1.,0.));
#3885=DIRECTION('center_axis',(-1.,0.,3.70074341541718E-16));
#3886=DIRECTION('ref_axis',(3.70074341541718E-16,0.,1.));
#3887=DIRECTION('',(3.70074341541718E-16,0.,1.));
#3888=DIRECTION('center_axis',(1.,0.,-8.07434927000114E-16));
#3889=DIRECTION('ref_axis',(-8.07434927000114E-16,0.,-1.));
#3890=DIRECTION('',(-8.07434927000114E-16,0.,-1.));
#3891=DIRECTION('',(0.,1.,0.));
#3892=DIRECTION('center_axis',(0.,1.,0.));
#3893=DIRECTION('ref_axis',(0.,0.,1.));
#3894=DIRECTION('center_axis',(0.,0.,-1.));
#3895=DIRECTION('ref_axis',(-1.,0.,0.));
#3896=DIRECTION('center_axis',(0.,1.,0.));
#3897=DIRECTION('ref_axis',(0.,0.,1.));
#3898=DIRECTION('center_axis',(0.,0.,1.));
#3899=DIRECTION('ref_axis',(1.,0.,0.));
#3900=DIRECTION('center_axis',(0.,1.,0.));
#3901=DIRECTION('ref_axis',(0.,0.,1.));
#3902=DIRECTION('center_axis',(1.,0.,0.));
#3903=DIRECTION('ref_axis',(0.,0.,-1.));
#3904=DIRECTION('',(0.,0.,-1.));
#3905=DIRECTION('center_axis',(0.,1.,0.));
#3906=DIRECTION('ref_axis',(0.,0.,1.));
#3907=DIRECTION('center_axis',(-1.,0.,0.));
#3908=DIRECTION('ref_axis',(0.,0.,1.));
#3909=DIRECTION('center_axis',(1.,0.,-7.40148683083432E-15));
#3910=DIRECTION('ref_axis',(-7.40148683083432E-15,0.,-1.));
#3911=DIRECTION('center_axis',(0.,1.,0.));
#3912=DIRECTION('ref_axis',(-1.,0.,0.));
#3913=DIRECTION('center_axis',(0.,1.,0.));
#3914=DIRECTION('ref_axis',(-1.,0.,0.));
#3915=DIRECTION('center_axis',(0.,1.,0.));
#3916=DIRECTION('ref_axis',(-1.,0.,0.));
#3917=DIRECTION('center_axis',(0.,1.,0.));
#3918=DIRECTION('ref_axis',(-1.,0.,0.));
#3919=DIRECTION('center_axis',(0.,1.,0.));
#3920=DIRECTION('ref_axis',(-1.,0.,0.));
#3921=DIRECTION('center_axis',(0.,1.,0.));
#3922=DIRECTION('ref_axis',(-1.,0.,0.));
#3923=DIRECTION('center_axis',(0.,1.,0.));
#3924=DIRECTION('ref_axis',(-1.,0.,0.));
#3925=DIRECTION('center_axis',(0.,1.,0.));
#3926=DIRECTION('ref_axis',(-1.,0.,0.));
#3927=DIRECTION('center_axis',(0.,1.,0.));
#3928=DIRECTION('ref_axis',(-1.,0.,0.));
#3929=DIRECTION('center_axis',(0.,1.,0.));
#3930=DIRECTION('ref_axis',(-1.,0.,0.));
#3931=DIRECTION('center_axis',(0.,1.,0.));
#3932=DIRECTION('ref_axis',(-1.,0.,0.));
#3933=DIRECTION('center_axis',(0.,1.,0.));
#3934=DIRECTION('ref_axis',(-1.,0.,0.));
#3935=CARTESIAN_POINT('',(0.,0.,0.));
#3936=CARTESIAN_POINT('Origin',(45.9999999999995,24.,-110.65));
#3937=CARTESIAN_POINT('',(45.9999999999995,10.,-110.));
#3938=CARTESIAN_POINT('',(59.9999999999995,24.,-110.));
#3939=CARTESIAN_POINT('Origin',(45.9999999999995,24.,-110.));
#3940=CARTESIAN_POINT('',(60.,24.,-112.6));
#3941=CARTESIAN_POINT('',(59.9999999999995,24.,-110.65));
#3942=CARTESIAN_POINT('',(45.9999999999995,10.,-112.6));
#3943=CARTESIAN_POINT('Origin',(45.9999999999995,24.,-112.6));
#3944=CARTESIAN_POINT('',(45.9999999999995,10.,-110.65));
#3945=CARTESIAN_POINT('Origin',(59.9999999999995,0.,-110.));
#3946=CARTESIAN_POINT('',(59.9999999999995,5.,-110.));
#3947=CARTESIAN_POINT('',(59.9999999999995,0.,-110.));
#3948=CARTESIAN_POINT('',(59.9999999999997,5.,-85.));
#3949=CARTESIAN_POINT('',(60.,5.,0.));
#3950=CARTESIAN_POINT('',(59.9999999999998,28.,-85.));
#3951=CARTESIAN_POINT('',(59.9999999999998,0.,-85.));
#3952=CARTESIAN_POINT('',(59.9999999999996,28.,-96.7639320225002));
#3953=CARTESIAN_POINT('',(59.9999999999995,28.,-110.));
#3954=CARTESIAN_POINT('',(59.9999999999996,28.,-101.2360679775));
#3955=CARTESIAN_POINT('Origin',(59.9999999999995,27.75,-99.));
#3956=CARTESIAN_POINT('',(59.9999999999995,28.,-110.));
#3957=CARTESIAN_POINT('',(59.9999999999995,28.,-110.));
#3958=CARTESIAN_POINT('',(60.,25.4,-112.6));
#3959=CARTESIAN_POINT('Origin',(59.9999999999995,28.,-112.6));
#3960=CARTESIAN_POINT('',(60.,0.,-112.6));
#3961=CARTESIAN_POINT('',(59.9999999999995,16.5,-94.));
#3962=CARTESIAN_POINT('Origin',(59.9999999999995,16.5,-99.));
#3963=CARTESIAN_POINT('',(59.9999999999995,16.5,-85.25));
#3964=CARTESIAN_POINT('Origin',(59.9999999999995,16.5,-88.));
#3965=CARTESIAN_POINT('Origin',(13.9999999999999,24.,-98.15));
#3966=CARTESIAN_POINT('',(-7.74690904363657E-14,24.,-110.6));
#3967=CARTESIAN_POINT('',(13.9999999999999,10.,-110.6));
#3968=CARTESIAN_POINT('Origin',(13.9999999999999,24.,-110.6));
#3969=CARTESIAN_POINT('',(13.9999999999999,10.,-112.6));
#3970=CARTESIAN_POINT('',(13.9999999999999,10.,-98.15));
#3971=CARTESIAN_POINT('',(-7.65404249467096E-14,24.,-112.6));
#3972=CARTESIAN_POINT('Origin',(13.9999999999999,24.,-112.6));
#3973=CARTESIAN_POINT('',(-6.88338275267597E-14,24.,-98.15));
#3974=CARTESIAN_POINT('Origin',(-2.25000000000008,10.,-111.3));
#3975=CARTESIAN_POINT('',(14.5,10.,-110.6));
#3976=CARTESIAN_POINT('',(-7.54951656745106E-14,10.,-110.6));
#3977=CARTESIAN_POINT('',(14.5,10.,-87.25));
#3978=CARTESIAN_POINT('',(14.5,10.,-110.6));
#3979=CARTESIAN_POINT('',(16.5,10.,-87.25));
#3980=CARTESIAN_POINT('',(14.5,10.,-87.25));
#3981=CARTESIAN_POINT('',(16.5,10.,-112.6));
#3982=CARTESIAN_POINT('',(16.5,10.,-87.25));
#3983=CARTESIAN_POINT('',(-7.65404249467096E-14,10.,-112.6));
#3984=CARTESIAN_POINT('Origin',(14.,24.,0.649999999999989));
#3985=CARTESIAN_POINT('',(14.,10.,0.));
#3986=CARTESIAN_POINT('',(-4.50837019377018E-16,24.,0.));
#3987=CARTESIAN_POINT('Origin',(14.,24.,8.32667268468867E-16));
#3988=CARTESIAN_POINT('',(0.,24.,2.59999999999999));
#3989=CARTESIAN_POINT('',(0.,24.,0.649999999999999));
#3990=CARTESIAN_POINT('',(14.,10.,2.59999999999997));
#3991=CARTESIAN_POINT('Origin',(14.,24.,2.59999999999998));
#3992=CARTESIAN_POINT('',(14.,10.,0.649999999999989));
#3993=CARTESIAN_POINT('Origin',(0.,0.,0.));
#3994=CARTESIAN_POINT('',(0.,5.,0.));
#3995=CARTESIAN_POINT('',(0.,0.,0.));
#3996=CARTESIAN_POINT('',(-1.73398853606546E-14,5.,-25.));
#3997=CARTESIAN_POINT('',(-7.62954955868801E-14,5.,-110.));
#3998=CARTESIAN_POINT('',(-1.49880108324396E-14,28.,-25.));
#3999=CARTESIAN_POINT('',(-1.50673124770557E-14,0.,-25.));
#4000=CARTESIAN_POINT('',(-8.88178419700125E-15,28.,-13.2360679774998));
#4001=CARTESIAN_POINT('',(0.,28.,0.));
#4002=CARTESIAN_POINT('',(-8.88178419700125E-15,28.,-8.76393202250021));
#4003=CARTESIAN_POINT('Origin',(0.,27.75,-11.));
#4004=CARTESIAN_POINT('',(0.,28.,0.));
#4005=CARTESIAN_POINT('',(0.,28.,0.));
#4006=CARTESIAN_POINT('',(0.,25.4,2.59999999999999));
#4007=CARTESIAN_POINT('Origin',(0.,28.,2.6));
#4008=CARTESIAN_POINT('',(0.,0.,2.59999999999999));
#4009=CARTESIAN_POINT('',(0.,16.5,-19.25));
#4010=CARTESIAN_POINT('Origin',(0.,16.5,-22.));
#4011=CARTESIAN_POINT('',(0.,16.5,-6.));
#4012=CARTESIAN_POINT('Origin',(0.,16.5,-11.));
#4013=CARTESIAN_POINT('Origin',(45.9999999999999,24.,-11.8499999999999));
#4014=CARTESIAN_POINT('',(60.,24.,0.599999999999989));
#4015=CARTESIAN_POINT('',(46.,10.,0.599999999999989));
#4016=CARTESIAN_POINT('Origin',(46.,24.,0.600000000000047));
#4017=CARTESIAN_POINT('',(46.,10.,2.59999999999999));
#4018=CARTESIAN_POINT('',(45.9999999999999,10.,-11.8499999999999));
#4019=CARTESIAN_POINT('',(60.,24.,2.59999999999999));
#4020=CARTESIAN_POINT('Origin',(46.,24.,2.59999999999998));
#4021=CARTESIAN_POINT('',(59.9999999999999,24.,-11.85));
#4022=CARTESIAN_POINT('Origin',(62.25,10.,1.29999999999999));
#4023=CARTESIAN_POINT('',(45.4999999999999,10.,0.599999999999989));
#4024=CARTESIAN_POINT('',(60.,10.,0.599999999999989));
#4025=CARTESIAN_POINT('',(45.4999999999999,10.,-22.75));
#4026=CARTESIAN_POINT('',(45.4999999999999,10.,0.599999999999989));
#4027=CARTESIAN_POINT('',(43.4999999999999,10.,-22.75));
#4028=CARTESIAN_POINT('',(45.4999999999999,10.,-22.75));
#4029=CARTESIAN_POINT('',(43.4999999999999,10.,2.59999999999999));
#4030=CARTESIAN_POINT('',(43.4999999999999,10.,-22.75));
#4031=CARTESIAN_POINT('',(60.,10.,2.59999999999999));
#4032=CARTESIAN_POINT('Origin',(61.1249999999998,28.,-112.6));
#4033=CARTESIAN_POINT('',(64.4999999999999,28.,-110.));
#4034=CARTESIAN_POINT('',(64.4999999999999,25.4,-112.6));
#4035=CARTESIAN_POINT('Origin',(64.4999999999999,28.,-112.6));
#4036=CARTESIAN_POINT('',(64.4999999999999,25.4,-112.6));
#4037=CARTESIAN_POINT('',(64.4999999999999,28.,-110.));
#4038=CARTESIAN_POINT('Origin',(-1.12500000000008,28.,-112.6));
#4039=CARTESIAN_POINT('',(-7.62954955868801E-14,28.,-110.));
#4040=CARTESIAN_POINT('',(-7.66053886991358E-14,25.4,-112.6));
#4041=CARTESIAN_POINT('Origin',(-5.89805981832114E-14,28.,-112.6));
#4042=CARTESIAN_POINT('',(-4.50000000000008,25.4,-112.6));
#4043=CARTESIAN_POINT('',(-7.65404249467096E-14,25.4,-112.6));
#4044=CARTESIAN_POINT('',(-4.50000000000008,28.,-110.));
#4045=CARTESIAN_POINT('Origin',(-4.50000000000007,28.,-112.6));
#4046=CARTESIAN_POINT('',(-7.62954955868801E-14,28.,-110.));
#4047=CARTESIAN_POINT('Origin',(61.125,28.,2.6));
#4048=CARTESIAN_POINT('',(60.,28.,0.));
#4049=CARTESIAN_POINT('',(60.,25.4,2.59999999999999));
#4050=CARTESIAN_POINT('Origin',(59.9999999999999,28.,2.6));
#4051=CARTESIAN_POINT('',(64.5,25.4,2.59999999999999));
#4052=CARTESIAN_POINT('',(60.,25.4,2.59999999999999));
#4053=CARTESIAN_POINT('',(64.5,28.,0.));
#4054=CARTESIAN_POINT('Origin',(64.5,28.,2.6));
#4055=CARTESIAN_POINT('',(60.,28.,0.));
#4056=CARTESIAN_POINT('Origin',(-1.125,28.,2.6));
#4057=CARTESIAN_POINT('',(-4.5,28.,0.));
#4058=CARTESIAN_POINT('',(-4.5,25.4,2.59999999999999));
#4059=CARTESIAN_POINT('Origin',(-4.5,28.,2.6));
#4060=CARTESIAN_POINT('',(-4.5,25.4,2.59999999999999));
#4061=CARTESIAN_POINT('',(-4.5,28.,0.));
#4062=CARTESIAN_POINT('Origin',(51.4251515244304,10.,-111.3));
#4063=CARTESIAN_POINT('',(42.8503030488609,10.,-112.6));
#4064=CARTESIAN_POINT('',(60.,10.,-112.6));
#4065=CARTESIAN_POINT('',(42.8503030488609,10.,-91.0032183767259));
#4066=CARTESIAN_POINT('',(42.8503030488609,10.,-112.6));
#4067=CARTESIAN_POINT('',(44.8503030488609,10.,-91.0032183767259));
#4068=CARTESIAN_POINT('',(42.8503030488609,10.,-91.0032183767259));
#4069=CARTESIAN_POINT('',(44.8503030488609,10.,-110.));
#4070=CARTESIAN_POINT('',(44.8503030488609,10.,-91.0032183767259));
#4071=CARTESIAN_POINT('',(-7.99360577730113E-14,10.,-110.));
#4072=CARTESIAN_POINT('Origin',(64.4999999999999,0.,-112.6));
#4073=CARTESIAN_POINT('',(64.4999999999999,0.,-112.6));
#4074=CARTESIAN_POINT('',(42.8503030488609,0.,-112.6));
#4075=CARTESIAN_POINT('',(60.,0.,-112.6));
#4076=CARTESIAN_POINT('',(42.8503030488609,0.,-112.6));
#4077=CARTESIAN_POINT('',(64.4999999999999,0.,-112.6));
#4078=CARTESIAN_POINT('Origin',(43.4999999999999,0.,2.59999999999999));
#4079=CARTESIAN_POINT('',(43.4999999999999,0.,2.59999999999999));
#4080=CARTESIAN_POINT('',(43.4999999999999,0.,2.59999999999999));
#4081=CARTESIAN_POINT('',(64.5,0.,2.59999999999999));
#4082=CARTESIAN_POINT('',(43.4999999999999,0.,2.59999999999999));
#4083=CARTESIAN_POINT('',(64.5,0.,2.59999999999999));
#4084=CARTESIAN_POINT('',(60.,0.,2.59999999999999));
#4085=CARTESIAN_POINT('Origin',(16.5,0.,-112.6));
#4086=CARTESIAN_POINT('',(16.5,0.,-112.6));
#4087=CARTESIAN_POINT('',(16.5,0.,-112.6));
#4088=CARTESIAN_POINT('',(-4.50000000000008,0.,-112.6));
#4089=CARTESIAN_POINT('',(16.5,0.,-112.6));
#4090=CARTESIAN_POINT('',(-4.50000000000008,0.,-112.6));
#4091=CARTESIAN_POINT('',(-7.65404249467096E-14,0.,-112.6));
#4092=CARTESIAN_POINT('Origin',(8.575,10.,1.29999999999999));
#4093=CARTESIAN_POINT('',(17.15,10.,2.59999999999997));
#4094=CARTESIAN_POINT('',(0.,10.,2.59999999999999));
#4095=CARTESIAN_POINT('',(17.15,10.,-19.));
#4096=CARTESIAN_POINT('',(17.15,10.,2.59999999999997));
#4097=CARTESIAN_POINT('',(15.15,10.,-19.));
#4098=CARTESIAN_POINT('',(17.15,10.,-19.));
#4099=CARTESIAN_POINT('',(15.15,10.,-4.9960036108132E-15));
#4100=CARTESIAN_POINT('',(15.15,10.,-19.));
#4101=CARTESIAN_POINT('',(60.,10.,0.));
#4102=CARTESIAN_POINT('Origin',(-4.5,0.,2.59999999999999));
#4103=CARTESIAN_POINT('',(-4.5,0.,2.59999999999999));
#4104=CARTESIAN_POINT('',(17.15,0.,2.59999999999997));
#4105=CARTESIAN_POINT('',(0.,0.,2.59999999999999));
#4106=CARTESIAN_POINT('',(17.15,0.,2.59999999999997));
#4107=CARTESIAN_POINT('',(-4.5,0.,2.59999999999999));
#4108=CARTESIAN_POINT('Origin',(30.,0.,-55.));
#4109=CARTESIAN_POINT('',(64.4999999999999,0.,-85.));
#4110=CARTESIAN_POINT('',(64.4999999999999,0.,-88.));
#4111=CARTESIAN_POINT('',(59.9999999999997,0.,-80.5));
#4112=CARTESIAN_POINT('Origin',(64.4999999999997,0.,-80.5));
#4113=CARTESIAN_POINT('',(59.9999999999999,0.,-29.5));
#4114=CARTESIAN_POINT('',(60.,0.,0.));
#4115=CARTESIAN_POINT('',(64.5,0.,-25.));
#4116=CARTESIAN_POINT('Origin',(64.4999999999999,0.,-29.5));
#4117=CARTESIAN_POINT('',(64.5,0.,2.59999999999999));
#4118=CARTESIAN_POINT('',(43.4999999999999,0.,0.));
#4119=CARTESIAN_POINT('',(43.4999999999999,0.,0.));
#4120=CARTESIAN_POINT('',(17.15,0.,0.));
#4121=CARTESIAN_POINT('',(-4.5,0.,0.));
#4122=CARTESIAN_POINT('',(17.15,0.,2.59999999999997));
#4123=CARTESIAN_POINT('',(-4.5,0.,-25.));
#4124=CARTESIAN_POINT('',(-4.5,0.,-22.));
#4125=CARTESIAN_POINT('',(-2.04610647255724E-14,0.,-29.5));
#4126=CARTESIAN_POINT('Origin',(-4.50000000000002,0.,-29.5));
#4127=CARTESIAN_POINT('',(-5.58344308613077E-14,0.,-80.5));
#4128=CARTESIAN_POINT('',(-7.62954955868801E-14,0.,-110.));
#4129=CARTESIAN_POINT('',(-4.50000000000006,0.,-85.));
#4130=CARTESIAN_POINT('Origin',(-4.50000000000006,0.,-80.5));
#4131=CARTESIAN_POINT('',(-4.50000000000008,0.,-112.6));
#4132=CARTESIAN_POINT('',(16.5,0.,-110.));
#4133=CARTESIAN_POINT('',(16.5,0.,-110.));
#4134=CARTESIAN_POINT('',(42.8503030488609,0.,-110.));
#4135=CARTESIAN_POINT('',(64.4999999999999,0.,-110.));
#4136=CARTESIAN_POINT('',(42.8503030488609,0.,-112.6));
#4137=CARTESIAN_POINT('',(6.99999999999998,0.,-66.6999999999999));
#4138=CARTESIAN_POINT('Origin',(6.99999999999998,0.,-64.));
#4139=CARTESIAN_POINT('',(53.3,0.,-67.));
#4140=CARTESIAN_POINT('Origin',(53.3,0.,-64.3));
#4141=CARTESIAN_POINT('',(53.3,0.,-48.4));
#4142=CARTESIAN_POINT('Origin',(53.3,0.,-45.7));
#4143=CARTESIAN_POINT('',(6.99999999999998,0.,-48.7));
#4144=CARTESIAN_POINT('Origin',(6.99999999999998,0.,-46.));
#4145=CARTESIAN_POINT('Origin',(40.5,7.,-40.5));
#4146=CARTESIAN_POINT('',(53.,5.,-40.5));
#4147=CARTESIAN_POINT('',(46.5,5.,-40.5));
#4148=CARTESIAN_POINT('',(40.5,5.,-40.5));
#4149=CARTESIAN_POINT('',(46.5,7.,-38.5));
#4150=CARTESIAN_POINT('Origin',(46.5,7.,-40.5));
#4151=CARTESIAN_POINT('',(51.,7.,-38.5));
#4152=CARTESIAN_POINT('',(40.5,7.,-38.5));
#4153=CARTESIAN_POINT('Origin',(53.,7.,-40.5));
#4154=CARTESIAN_POINT('Origin',(53.,7.,-44.5));
#4155=CARTESIAN_POINT('',(53.,5.,-32.));
#4156=CARTESIAN_POINT('',(53.,5.,-44.5));
#4157=CARTESIAN_POINT('',(51.,7.,-34.));
#4158=CARTESIAN_POINT('',(51.,7.,-44.5));
#4159=CARTESIAN_POINT('Origin',(53.,7.,-32.));
#4160=CARTESIAN_POINT('Origin',(38.25,7.,-32.));
#4161=CARTESIAN_POINT('',(46.5,7.,-34.));
#4162=CARTESIAN_POINT('',(38.25,7.,-34.));
#4163=CARTESIAN_POINT('',(46.5,5.,-32.));
#4164=CARTESIAN_POINT('Origin',(46.5,7.,-32.));
#4165=CARTESIAN_POINT('',(38.25,5.,-32.));
#4166=CARTESIAN_POINT('Origin',(30.,5.,-55.));
#4167=CARTESIAN_POINT('',(23.,5.,0.));
#4168=CARTESIAN_POINT('',(23.,5.,-8.50000000000001));
#4169=CARTESIAN_POINT('',(22.9999999999999,5.,-31.75));
#4170=CARTESIAN_POINT('',(37.,5.,-8.50000000000002));
#4171=CARTESIAN_POINT('',(33.5,5.,-8.50000000000001));
#4172=CARTESIAN_POINT('',(37.,5.,0.));
#4173=CARTESIAN_POINT('',(37.,5.,-27.5));
#4174=CARTESIAN_POINT('',(43.4999999999999,5.,0.));
#4175=CARTESIAN_POINT('',(0.,5.,0.));
#4176=CARTESIAN_POINT('',(43.4999999999999,5.,-22.75));
#4177=CARTESIAN_POINT('',(43.4999999999999,5.,-38.875));
#4178=CARTESIAN_POINT('',(45.4999999999999,5.,-22.75));
#4179=CARTESIAN_POINT('',(37.7499999999999,5.,-22.75));
#4180=CARTESIAN_POINT('',(45.4999999999999,5.,-24.75));
#4181=CARTESIAN_POINT('',(45.4999999999999,5.,-39.875));
#4182=CARTESIAN_POINT('',(59.9999999999999,5.,-24.75));
#4183=CARTESIAN_POINT('',(45.,5.,-24.75));
#4184=CARTESIAN_POINT('',(59.9999999999999,5.,-25.));
#4185=CARTESIAN_POINT('',(60.,5.,0.));
#4186=CARTESIAN_POINT('',(64.4999999999999,5.,-25.));
#4187=CARTESIAN_POINT('',(47.25,5.,-25.));
#4188=CARTESIAN_POINT('',(59.9999999999999,5.,-29.5));
#4189=CARTESIAN_POINT('Origin',(64.4999999999999,5.,-29.5));
#4190=CARTESIAN_POINT('',(59.9999999999998,5.,-65.8));
#4191=CARTESIAN_POINT('',(60.,5.,0.));
#4192=CARTESIAN_POINT('',(45.9999999999998,5.,-65.8));
#4193=CARTESIAN_POINT('',(37.9999999999999,5.,-65.8));
#4194=CARTESIAN_POINT('',(45.9999999999998,5.,-67.8));
#4195=CARTESIAN_POINT('',(45.9999999999998,5.,-61.4));
#4196=CARTESIAN_POINT('',(59.9999999999997,5.,-67.8));
#4197=CARTESIAN_POINT('',(44.9999999999999,5.,-67.8));
#4198=CARTESIAN_POINT('',(59.9999999999997,5.,-80.5));
#4199=CARTESIAN_POINT('',(60.,5.,0.));
#4200=CARTESIAN_POINT('',(64.4999999999997,5.,-85.));
#4201=CARTESIAN_POINT('Origin',(64.4999999999997,5.,-80.5));
#4202=CARTESIAN_POINT('',(44.9999999999999,5.,-85.));
#4203=CARTESIAN_POINT('',(44.8503030488609,5.,-110.));
#4204=CARTESIAN_POINT('',(59.9999999999995,5.,-110.));
#4205=CARTESIAN_POINT('',(44.8503030488609,5.,-91.0032183767259));
#4206=CARTESIAN_POINT('',(44.8503030488609,5.,-73.001609188363));
#4207=CARTESIAN_POINT('',(42.8503030488609,5.,-91.0032183767259));
#4208=CARTESIAN_POINT('',(36.4251515244303,5.,-91.0032183767258));
#4209=CARTESIAN_POINT('',(42.8503030488609,5.,-110.));
#4210=CARTESIAN_POINT('',(42.8503030488609,5.,-83.8));
#4211=CARTESIAN_POINT('',(37.5,5.,-110.));
#4212=CARTESIAN_POINT('',(59.9999999999995,5.,-110.));
#4213=CARTESIAN_POINT('',(37.5,5.,-95.0000000000001));
#4214=CARTESIAN_POINT('',(37.5,5.,-75.));
#4215=CARTESIAN_POINT('',(22.5,5.,-95.0000000000001));
#4216=CARTESIAN_POINT('',(26.25,5.,-95.0000000000001));
#4217=CARTESIAN_POINT('',(22.5,5.,-110.));
#4218=CARTESIAN_POINT('',(22.5,5.,-82.5));
#4219=CARTESIAN_POINT('',(16.5,5.,-110.));
#4220=CARTESIAN_POINT('',(59.9999999999995,5.,-110.));
#4221=CARTESIAN_POINT('',(16.5,5.,-87.25));
#4222=CARTESIAN_POINT('',(16.5,5.,-71.125));
#4223=CARTESIAN_POINT('',(14.5,5.,-87.25));
#4224=CARTESIAN_POINT('',(22.2499999999998,5.,-87.2500000000001));
#4225=CARTESIAN_POINT('',(14.5,5.,-85.25));
#4226=CARTESIAN_POINT('',(14.5,5.,-70.125));
#4227=CARTESIAN_POINT('',(-5.91290090798321E-14,5.,-85.25));
#4228=CARTESIAN_POINT('',(14.9999999999999,5.,-85.25));
#4229=CARTESIAN_POINT('',(-5.89556102262255E-14,5.,-85.));
#4230=CARTESIAN_POINT('',(-7.62954955868801E-14,5.,-110.));
#4231=CARTESIAN_POINT('',(-4.50000000000006,5.,-85.));
#4232=CARTESIAN_POINT('',(12.7499999999999,5.,-85.));
#4233=CARTESIAN_POINT('',(-5.58344308613077E-14,5.,-80.5));
#4234=CARTESIAN_POINT('Origin',(-4.50000000000006,5.,-80.5));
#4235=CARTESIAN_POINT('',(-2.66390084594345E-14,5.,-44.2));
#4236=CARTESIAN_POINT('',(-7.62954955868801E-14,5.,-110.));
#4237=CARTESIAN_POINT('',(14.5,5.,-44.2));
#4238=CARTESIAN_POINT('',(22.25,5.,-44.2));
#4239=CARTESIAN_POINT('',(14.5,5.,-42.2));
#4240=CARTESIAN_POINT('',(14.5,5.,-48.6));
#4241=CARTESIAN_POINT('',(-2.92697264887849E-14,5.,-42.2));
#4242=CARTESIAN_POINT('',(15.,5.,-42.2));
#4243=CARTESIAN_POINT('',(-2.04610647255724E-14,5.,-29.5));
#4244=CARTESIAN_POINT('',(-7.62954955868801E-14,5.,-110.));
#4245=CARTESIAN_POINT('',(-4.50000000000002,5.,-25.));
#4246=CARTESIAN_POINT('Origin',(-4.50000000000002,5.,-29.5));
#4247=CARTESIAN_POINT('',(15.,5.,-25.));
#4248=CARTESIAN_POINT('',(15.15,5.,-5.20101341213786E-15));
#4249=CARTESIAN_POINT('',(0.,5.,0.));
#4250=CARTESIAN_POINT('',(15.15,5.,-19.));
#4251=CARTESIAN_POINT('',(15.15,5.,-37.));
#4252=CARTESIAN_POINT('',(17.15,5.,-19.));
#4253=CARTESIAN_POINT('',(23.575,5.,-19.));
#4254=CARTESIAN_POINT('',(17.15,5.,0.));
#4255=CARTESIAN_POINT('',(17.15,5.,-26.2));
#4256=CARTESIAN_POINT('',(0.,5.,0.));
#4257=CARTESIAN_POINT('',(54.5,5.,-64.3));
#4258=CARTESIAN_POINT('Origin',(53.3,5.,-64.3));
#4259=CARTESIAN_POINT('',(8.19999999999997,5.,-64.));
#4260=CARTESIAN_POINT('Origin',(6.99999999999998,5.,-64.));
#4261=CARTESIAN_POINT('',(54.5,5.,-45.7));
#4262=CARTESIAN_POINT('Origin',(53.3,5.,-45.7));
#4263=CARTESIAN_POINT('',(8.19999999999997,5.,-46.));
#4264=CARTESIAN_POINT('Origin',(6.99999999999998,5.,-46.));
#4265=CARTESIAN_POINT('',(46.5,5.,-46.75));
#4266=CARTESIAN_POINT('',(13.5,5.,-78.));
#4267=CARTESIAN_POINT('',(13.5,5.,-69.5));
#4268=CARTESIAN_POINT('',(13.5,5.,-63.25));
#4269=CARTESIAN_POINT('',(6.99999999999999,5.,-69.5));
#4270=CARTESIAN_POINT('',(19.5,5.,-69.5));
#4271=CARTESIAN_POINT('',(6.99999999999999,5.,-78.));
#4272=CARTESIAN_POINT('',(6.99999999999999,5.,-65.5));
#4273=CARTESIAN_POINT('',(21.75,5.,-78.));
#4274=CARTESIAN_POINT('Origin',(6.99999999999999,7.,-65.5));
#4275=CARTESIAN_POINT('',(8.99999999999999,7.,-71.5));
#4276=CARTESIAN_POINT('Origin',(6.99999999999999,7.,-69.5));
#4277=CARTESIAN_POINT('',(8.99999999999999,7.,-76.));
#4278=CARTESIAN_POINT('',(8.99999999999999,7.,-65.5));
#4279=CARTESIAN_POINT('Origin',(6.99999999999999,7.,-78.));
#4280=CARTESIAN_POINT('Origin',(19.5,7.,-69.5));
#4281=CARTESIAN_POINT('',(13.5,7.,-71.5));
#4282=CARTESIAN_POINT('Origin',(13.5,7.,-69.5));
#4283=CARTESIAN_POINT('',(19.5,7.,-71.5));
#4284=CARTESIAN_POINT('Origin',(21.75,7.,-78.));
#4285=CARTESIAN_POINT('',(13.5,7.,-76.));
#4286=CARTESIAN_POINT('',(21.75,7.,-76.));
#4287=CARTESIAN_POINT('Origin',(13.5,7.,-78.));
#4288=CARTESIAN_POINT('Origin',(6.99999999999998,1.5,-64.));
#4289=CARTESIAN_POINT('',(6.99999999999998,1.5,-65.1999999999999));
#4290=CARTESIAN_POINT('Origin',(6.99999999999998,1.5,-66.6999999999999));
#4291=CARTESIAN_POINT('',(8.19999999999997,1.5,-64.));
#4292=CARTESIAN_POINT('Origin',(6.99999999999998,1.5,-64.));
#4293=CARTESIAN_POINT('Origin',(6.99999999999998,1.5,-64.));
#4294=CARTESIAN_POINT('Origin',(6.99999999999998,0.,-64.));
#4295=CARTESIAN_POINT('',(8.19999999999997,0.,-64.));
#4296=CARTESIAN_POINT('Origin',(6.99999999999998,1.5,-46.));
#4297=CARTESIAN_POINT('',(6.99999999999998,1.5,-47.2));
#4298=CARTESIAN_POINT('Origin',(6.99999999999998,1.5,-48.7));
#4299=CARTESIAN_POINT('',(8.19999999999997,1.5,-46.));
#4300=CARTESIAN_POINT('Origin',(6.99999999999998,1.5,-46.));
#4301=CARTESIAN_POINT('Origin',(6.99999999999998,1.5,-46.));
#4302=CARTESIAN_POINT('Origin',(6.99999999999998,0.,-46.));
#4303=CARTESIAN_POINT('',(8.19999999999997,0.,-46.));
#4304=CARTESIAN_POINT('Origin',(53.3,1.5,-64.3));
#4305=CARTESIAN_POINT('',(53.3,1.5,-65.5));
#4306=CARTESIAN_POINT('Origin',(53.3,1.5,-67.));
#4307=CARTESIAN_POINT('',(54.5,1.5,-64.3));
#4308=CARTESIAN_POINT('Origin',(53.3,1.5,-64.3));
#4309=CARTESIAN_POINT('Origin',(53.3,1.5,-64.3));
#4310=CARTESIAN_POINT('Origin',(53.3,0.,-64.3));
#4311=CARTESIAN_POINT('',(54.5,0.,-64.3));
#4312=CARTESIAN_POINT('Origin',(53.3,1.5,-45.7));
#4313=CARTESIAN_POINT('',(53.3,1.5,-46.9));
#4314=CARTESIAN_POINT('Origin',(53.3,1.5,-48.4));
#4315=CARTESIAN_POINT('',(54.5,1.5,-45.7));
#4316=CARTESIAN_POINT('Origin',(53.3,1.5,-45.7));
#4317=CARTESIAN_POINT('Origin',(53.3,1.5,-45.7));
#4318=CARTESIAN_POINT('Origin',(53.3,0.,-45.7));
#4319=CARTESIAN_POINT('',(54.5,0.,-45.7));
#4320=CARTESIAN_POINT('Origin',(35.,0.,-7.50000000000002));
#4321=CARTESIAN_POINT('',(35.,5.,-6.70000000000002));
#4322=CARTESIAN_POINT('',(35.,5.,-7.50000000000001));
#4323=CARTESIAN_POINT('',(35.,5.,-31.25));
#4324=CARTESIAN_POINT('',(35.,13.,-6.70000000000002));
#4325=CARTESIAN_POINT('',(35.,0.,-6.70000000000002));
#4326=CARTESIAN_POINT('',(35.,13.,-7.50000000000001));
#4327=CARTESIAN_POINT('',(35.,13.,-110.));
#4328=CARTESIAN_POINT('',(35.,0.,-7.50000000000001));
#4329=CARTESIAN_POINT('Origin',(35.,0.,-6.70000000000002));
#4330=CARTESIAN_POINT('',(35.5,5.,-6.70000000000002));
#4331=CARTESIAN_POINT('',(32.5,5.,-6.70000000000002));
#4332=CARTESIAN_POINT('',(35.5,13.,-6.70000000000002));
#4333=CARTESIAN_POINT('',(35.5,0.,-6.70000000000002));
#4334=CARTESIAN_POINT('',(35.,13.,-6.70000000000002));
#4335=CARTESIAN_POINT('Origin',(35.5,0.,-6.70000000000002));
#4336=CARTESIAN_POINT('',(35.5,5.,-5.70000000000006));
#4337=CARTESIAN_POINT('',(35.5,5.,-30.85));
#4338=CARTESIAN_POINT('',(35.5,13.,-5.70000000000006));
#4339=CARTESIAN_POINT('',(35.5,0.,-5.70000000000006));
#4340=CARTESIAN_POINT('',(35.5,13.,-6.70000000000002));
#4341=CARTESIAN_POINT('Origin',(35.5,0.,-5.70000000000006));
#4342=CARTESIAN_POINT('',(35.,5.,-5.70000000000006));
#4343=CARTESIAN_POINT('',(32.75,5.,-5.70000000000006));
#4344=CARTESIAN_POINT('',(35.,13.,-5.70000000000006));
#4345=CARTESIAN_POINT('',(35.,0.,-5.70000000000006));
#4346=CARTESIAN_POINT('',(35.5,13.,-5.70000000000006));
#4347=CARTESIAN_POINT('Origin',(35.,0.,-5.70000000000006));
#4348=CARTESIAN_POINT('',(35.,5.,0.));
#4349=CARTESIAN_POINT('',(35.,5.,-30.35));
#4350=CARTESIAN_POINT('',(35.,13.,0.));
#4351=CARTESIAN_POINT('',(35.,0.,0.));
#4352=CARTESIAN_POINT('',(35.,13.,-110.));
#4353=CARTESIAN_POINT('Origin',(37.,0.,0.));
#4354=CARTESIAN_POINT('',(37.,13.,-8.50000000000002));
#4355=CARTESIAN_POINT('',(37.,0.,-8.50000000000002));
#4356=CARTESIAN_POINT('',(37.,13.,0.));
#4357=CARTESIAN_POINT('',(37.,13.,0.));
#4358=CARTESIAN_POINT('',(37.,0.,0.));
#4359=CARTESIAN_POINT('Origin',(25.0000000000001,0.,-7.50000000000001));
#4360=CARTESIAN_POINT('',(25.0000000000001,5.,-7.50000000000001));
#4361=CARTESIAN_POINT('',(27.5,5.,-7.50000000000001));
#4362=CARTESIAN_POINT('',(25.0000000000001,13.,-7.50000000000001));
#4363=CARTESIAN_POINT('',(25.0000000000001,13.,-7.50000000000001));
#4364=CARTESIAN_POINT('',(25.0000000000001,0.,-7.50000000000001));
#4365=CARTESIAN_POINT('Origin',(25.,0.,0.));
#4366=CARTESIAN_POINT('',(25.,5.,0.));
#4367=CARTESIAN_POINT('',(25.0000000000002,5.,-27.5));
#4368=CARTESIAN_POINT('',(25.,13.,0.));
#4369=CARTESIAN_POINT('',(25.,13.,0.));
#4370=CARTESIAN_POINT('',(25.,0.,0.));
#4371=CARTESIAN_POINT('Origin',(23.,0.,-8.50000000000001));
#4372=CARTESIAN_POINT('',(23.,13.,0.));
#4373=CARTESIAN_POINT('',(23.,0.,0.));
#4374=CARTESIAN_POINT('',(23.,13.,-8.50000000000001));
#4375=CARTESIAN_POINT('',(23.,13.,-8.50000000000001));
#4376=CARTESIAN_POINT('',(23.,0.,-8.50000000000001));
#4377=CARTESIAN_POINT('Origin',(37.,0.,-8.50000000000002));
#4378=CARTESIAN_POINT('',(37.,13.,-8.50000000000002));
#4379=CARTESIAN_POINT('Origin',(30.,13.,-4.25000000000001));
#4380=CARTESIAN_POINT('',(0.,13.,0.));
#4381=CARTESIAN_POINT('',(0.,13.,0.));
#4382=CARTESIAN_POINT('Origin',(0.,0.,0.));
#4383=CARTESIAN_POINT('',(43.4999999999999,0.,0.));
#4384=CARTESIAN_POINT('',(0.,5.,0.));
#4385=CARTESIAN_POINT('',(17.15,0.,0.));
#4386=CARTESIAN_POINT('Origin',(8.24999999999996,5.5,-99.925));
#4387=CARTESIAN_POINT('',(-7.54015034235025E-14,5.5,-110.6));
#4388=CARTESIAN_POINT('',(14.5,5.5,-110.6));
#4389=CARTESIAN_POINT('',(4.12499999999995,5.5,-110.6));
#4390=CARTESIAN_POINT('',(-6.88338275267597E-14,5.5,-87.25));
#4391=CARTESIAN_POINT('',(-6.38378239159465E-14,5.5,-92.4625));
#4392=CARTESIAN_POINT('',(14.5,5.5,-87.25));
#4393=CARTESIAN_POINT('',(11.375,5.5,-87.25));
#4394=CARTESIAN_POINT('',(14.5,5.5,-105.2625));
#4395=CARTESIAN_POINT('Origin',(52.75,5.5,-11.075));
#4396=CARTESIAN_POINT('',(45.4999999999999,5.5,0.599999999999987));
#4397=CARTESIAN_POINT('',(45.4999999999999,5.5,-22.75));
#4398=CARTESIAN_POINT('',(45.4999999999999,5.5,-5.23750000000001));
#4399=CARTESIAN_POINT('',(60.,5.5,0.599999999999987));
#4400=CARTESIAN_POINT('',(56.375,5.5,0.599999999999988));
#4401=CARTESIAN_POINT('',(60.,5.5,-22.75));
#4402=CARTESIAN_POINT('',(59.9999999999999,5.5,-18.0375));
#4403=CARTESIAN_POINT('',(49.1249999999999,5.5,-22.75));
#4404=CARTESIAN_POINT('Origin',(-5.89556102262255E-14,0.,-85.));
#4405=CARTESIAN_POINT('',(-7.105427357601E-14,28.,-101.2360679775));
#4406=CARTESIAN_POINT('',(0.,28.,0.));
#4407=CARTESIAN_POINT('',(-7.105427357601E-14,28.,-96.7639320225002));
#4408=CARTESIAN_POINT('Origin',(-6.21724893790088E-14,27.75,-99.));
#4409=CARTESIAN_POINT('',(-6.82128267125076E-14,28.,-85.));
#4410=CARTESIAN_POINT('',(0.,28.,0.));
#4411=CARTESIAN_POINT('',(-6.82128267125076E-14,0.,-85.));
#4412=CARTESIAN_POINT('',(-6.66133814775094E-14,10.,-85.25));
#4413=CARTESIAN_POINT('',(-5.91290090798321E-14,0.,-85.25));
#4414=CARTESIAN_POINT('',(-6.88338275267597E-14,10.,-87.25));
#4415=CARTESIAN_POINT('',(-5.93969318174459E-14,10.,-85.625));
#4416=CARTESIAN_POINT('',(-5.99520433297585E-14,0.,-87.25));
#4417=CARTESIAN_POINT('',(-7.54015034235025E-14,0.,-110.6));
#4418=CARTESIAN_POINT('',(-6.21724893790088E-14,16.5,-94.));
#4419=CARTESIAN_POINT('Origin',(-6.21724893790088E-14,16.5,-99.));
#4420=CARTESIAN_POINT('',(-6.21724893790088E-14,16.5,-85.25));
#4421=CARTESIAN_POINT('Origin',(-6.21724893790088E-14,16.5,-88.));
#4422=CARTESIAN_POINT('Origin',(-7.54015034235025E-14,0.,-110.6));
#4423=CARTESIAN_POINT('',(14.5,0.,-110.6));
#4424=CARTESIAN_POINT('Origin',(59.9999999999999,0.,-25.));
#4425=CARTESIAN_POINT('',(60.,28.,-8.76393202250021));
#4426=CARTESIAN_POINT('',(59.9999999999995,28.,-110.));
#4427=CARTESIAN_POINT('',(59.9999999999999,28.,-13.2360679774998));
#4428=CARTESIAN_POINT('Origin',(59.9999999999999,27.75,-11.));
#4429=CARTESIAN_POINT('',(60.,28.,-25.));
#4430=CARTESIAN_POINT('',(59.9999999999995,28.,-110.));
#4431=CARTESIAN_POINT('',(60.,0.,-25.));
#4432=CARTESIAN_POINT('',(60.,10.,-24.75));
#4433=CARTESIAN_POINT('',(59.9999999999999,0.,-24.75));
#4434=CARTESIAN_POINT('',(60.,10.,-22.75));
#4435=CARTESIAN_POINT('',(59.9999999999999,10.,-24.375));
#4436=CARTESIAN_POINT('',(59.9999999999999,0.,-22.75));
#4437=CARTESIAN_POINT('',(60.,0.,0.599999999999989));
#4438=CARTESIAN_POINT('',(59.9999999999999,16.5,-6.));
#4439=CARTESIAN_POINT('Origin',(59.9999999999999,16.5,-11.));
#4440=CARTESIAN_POINT('',(59.9999999999999,16.5,-19.25));
#4441=CARTESIAN_POINT('Origin',(59.9999999999999,16.5,-22.));
#4442=CARTESIAN_POINT('Origin',(60.,0.,0.599999999999989));
#4443=CARTESIAN_POINT('',(45.4999999999999,0.,0.599999999999989));
#4444=CARTESIAN_POINT('Origin',(64.4999999999999,0.,-29.5));
#4445=CARTESIAN_POINT('',(64.5,0.,-25.));
#4446=CARTESIAN_POINT('',(59.9999999999999,0.,-29.5));
#4447=CARTESIAN_POINT('Origin',(64.5,0.,-25.));
#4448=CARTESIAN_POINT('',(64.5,28.,-25.));
#4449=CARTESIAN_POINT('',(64.5,28.,-25.));
#4450=CARTESIAN_POINT('',(64.5,0.,-25.));
#4451=CARTESIAN_POINT('Origin',(64.4999999999997,0.,-80.5));
#4452=CARTESIAN_POINT('',(59.9999999999997,0.,-80.5));
#4453=CARTESIAN_POINT('',(64.4999999999999,0.,-85.));
#4454=CARTESIAN_POINT('Origin',(60.,0.,2.59999999999999));
#4455=CARTESIAN_POINT('',(59.9999999999998,10.,-67.8));
#4456=CARTESIAN_POINT('',(59.9999999999998,0.,-67.8));
#4457=CARTESIAN_POINT('',(59.9999999999998,10.,-65.8));
#4458=CARTESIAN_POINT('',(60.,10.,0.));
#4459=CARTESIAN_POINT('',(59.9999999999998,0.,-65.8));
#4460=CARTESIAN_POINT('Origin',(-4.50000000000006,0.,-80.5));
#4461=CARTESIAN_POINT('',(-4.50000000000006,0.,-85.));
#4462=CARTESIAN_POINT('',(-5.60662627435704E-14,0.,-80.5));
#4463=CARTESIAN_POINT('Origin',(-4.50000000000006,0.,-85.));
#4464=CARTESIAN_POINT('',(-4.50000000000006,28.,-85.));
#4465=CARTESIAN_POINT('',(-4.50000000000006,28.,-85.));
#4466=CARTESIAN_POINT('',(-4.50000000000006,0.,-85.));
#4467=CARTESIAN_POINT('Origin',(-4.50000000000002,0.,-29.5));
#4468=CARTESIAN_POINT('',(-2.05391259555654E-14,0.,-29.5));
#4469=CARTESIAN_POINT('',(-4.5,0.,-25.));
#4470=CARTESIAN_POINT('Origin',(-7.80988436643882E-14,0.,-112.6));
#4471=CARTESIAN_POINT('',(0.,10.,-42.2));
#4472=CARTESIAN_POINT('',(0.,0.,-42.2));
#4473=CARTESIAN_POINT('',(-2.66453525910038E-14,10.,-44.2));
#4474=CARTESIAN_POINT('',(-7.62954955868801E-14,10.,-110.));
#4475=CARTESIAN_POINT('',(-2.66390084594345E-14,0.,-44.2));
#4476=CARTESIAN_POINT('Origin',(48.75,0.,-36.25));
#4477=CARTESIAN_POINT('',(50.25,33.,-36.25));
#4478=CARTESIAN_POINT('Origin',(48.75,33.,-36.25));
#4479=CARTESIAN_POINT('',(50.25,28.,-36.25));
#4480=CARTESIAN_POINT('',(50.25,0.,-36.25));
#4481=CARTESIAN_POINT('Origin',(48.75,28.,-36.25));
#4482=CARTESIAN_POINT('Origin',(48.75,33.,-36.25));
#4483=CARTESIAN_POINT('Origin',(11.25,0.,-73.75));
#4484=CARTESIAN_POINT('',(12.75,33.,-73.75));
#4485=CARTESIAN_POINT('Origin',(11.25,33.,-73.75));
#4486=CARTESIAN_POINT('',(12.75,28.,-73.75));
#4487=CARTESIAN_POINT('',(12.75,0.,-73.75));
#4488=CARTESIAN_POINT('Origin',(11.25,28.,-73.75));
#4489=CARTESIAN_POINT('Origin',(11.25,33.,-73.75));
#4490=CARTESIAN_POINT('Origin',(51.,0.,-38.5));
#4491=CARTESIAN_POINT('',(46.5,28.,-38.5));
#4492=CARTESIAN_POINT('',(46.5,0.,-38.5));
#4493=CARTESIAN_POINT('',(51.,28.,-38.5));
#4494=CARTESIAN_POINT('',(51.,28.,-38.5));
#4495=CARTESIAN_POINT('',(51.,0.,-38.5));
#4496=CARTESIAN_POINT('Origin',(46.5,0.,-38.5));
#4497=CARTESIAN_POINT('',(46.5,28.,-34.));
#4498=CARTESIAN_POINT('',(46.5,0.,-34.));
#4499=CARTESIAN_POINT('',(46.5,28.,-38.5));
#4500=CARTESIAN_POINT('Origin',(51.,0.,-34.));
#4501=CARTESIAN_POINT('',(51.,28.,-34.));
#4502=CARTESIAN_POINT('',(51.,28.,-34.));
#4503=CARTESIAN_POINT('',(51.,0.,-34.));
#4504=CARTESIAN_POINT('Origin',(46.5,0.,-34.));
#4505=CARTESIAN_POINT('',(46.5,28.,-34.));
#4506=CARTESIAN_POINT('Origin',(48.75,28.,-36.25));
#4507=CARTESIAN_POINT('Origin',(13.5,0.,-76.));
#4508=CARTESIAN_POINT('',(8.99999999999999,28.,-76.));
#4509=CARTESIAN_POINT('',(8.99999999999999,0.,-76.));
#4510=CARTESIAN_POINT('',(13.5,28.,-76.));
#4511=CARTESIAN_POINT('',(13.5,28.,-76.));
#4512=CARTESIAN_POINT('',(13.5,0.,-76.));
#4513=CARTESIAN_POINT('Origin',(8.99999999999999,0.,-76.));
#4514=CARTESIAN_POINT('',(8.99999999999999,28.,-71.5));
#4515=CARTESIAN_POINT('',(8.99999999999999,0.,-71.5));
#4516=CARTESIAN_POINT('',(8.99999999999999,28.,-76.));
#4517=CARTESIAN_POINT('Origin',(13.5,0.,-71.5));
#4518=CARTESIAN_POINT('',(13.5,28.,-71.5));
#4519=CARTESIAN_POINT('',(13.5,28.,-71.5));
#4520=CARTESIAN_POINT('',(13.5,0.,-71.5));
#4521=CARTESIAN_POINT('Origin',(8.99999999999999,0.,-71.5));
#4522=CARTESIAN_POINT('',(8.99999999999999,28.,-71.5));
#4523=CARTESIAN_POINT('Origin',(11.25,28.,-73.75));
#4524=CARTESIAN_POINT('Origin',(44.8503030488609,0.,-110.));
#4525=CARTESIAN_POINT('',(44.8503030488609,0.,-110.));
#4526=CARTESIAN_POINT('Origin',(44.8503030488609,0.,-91.0032183767259));
#4527=CARTESIAN_POINT('',(44.8503030488609,0.,-91.0032183767259));
#4528=CARTESIAN_POINT('Origin',(42.8503030488609,0.,-91.0032183767259));
#4529=CARTESIAN_POINT('',(42.8503030488609,0.,-91.0032183767259));
#4530=CARTESIAN_POINT('Origin',(42.8503030488609,0.,-112.6));
#4531=CARTESIAN_POINT('',(42.8503030488609,0.,-110.));
#4532=CARTESIAN_POINT('Origin',(45.9999999999998,0.,-65.8));
#4533=CARTESIAN_POINT('',(45.9999999999998,10.,-65.8));
#4534=CARTESIAN_POINT('',(45.9999999999998,10.,-65.8));
#4535=CARTESIAN_POINT('',(45.9999999999998,0.,-65.8));
#4536=CARTESIAN_POINT('Origin',(45.9999999999998,0.,-67.8));
#4537=CARTESIAN_POINT('',(45.9999999999998,10.,-67.8));
#4538=CARTESIAN_POINT('',(45.9999999999998,10.,-67.8));
#4539=CARTESIAN_POINT('',(45.9999999999998,0.,-67.8));
#4540=CARTESIAN_POINT('Origin',(59.9999999999998,0.,-67.8));
#4541=CARTESIAN_POINT('',(59.9999999999998,10.,-67.8));
#4542=CARTESIAN_POINT('Origin',(52.9999999999998,10.,-66.8));
#4543=CARTESIAN_POINT('Origin',(45.4999999999999,0.,0.599999999999989));
#4544=CARTESIAN_POINT('',(45.4999999999999,0.,-22.75));
#4545=CARTESIAN_POINT('Origin',(45.4999999999999,0.,-22.75));
#4546=CARTESIAN_POINT('',(45.4999999999999,10.,-22.75));
#4547=CARTESIAN_POINT('',(45.4999999999999,0.,-22.75));
#4548=CARTESIAN_POINT('Origin',(45.4999999999999,0.,-22.75));
#4549=CARTESIAN_POINT('',(43.4999999999999,0.,-22.75));
#4550=CARTESIAN_POINT('',(45.4999999999999,0.,-22.75));
#4551=CARTESIAN_POINT('Origin',(45.4999999999999,0.,-24.75));
#4552=CARTESIAN_POINT('',(45.4999999999999,10.,-24.75));
#4553=CARTESIAN_POINT('',(45.4999999999999,10.,-24.75));
#4554=CARTESIAN_POINT('',(45.4999999999999,0.,-24.75));
#4555=CARTESIAN_POINT('Origin',(60.,0.,-24.75));
#4556=CARTESIAN_POINT('',(60.,10.,-24.75));
#4557=CARTESIAN_POINT('Origin',(52.75,10.,-23.75));
#4558=CARTESIAN_POINT('Origin',(14.5,0.,-110.6));
#4559=CARTESIAN_POINT('',(14.5,0.,-87.25));
#4560=CARTESIAN_POINT('Origin',(14.5,0.,-87.25));
#4561=CARTESIAN_POINT('',(14.5,10.,-87.25));
#4562=CARTESIAN_POINT('',(14.5,0.,-87.25));
#4563=CARTESIAN_POINT('Origin',(14.5,0.,-87.25));
#4564=CARTESIAN_POINT('',(16.5,0.,-87.25));
#4565=CARTESIAN_POINT('',(14.5,0.,-87.25));
#4566=CARTESIAN_POINT('Origin',(14.5,0.,-85.25));
#4567=CARTESIAN_POINT('',(14.5,10.,-85.25));
#4568=CARTESIAN_POINT('',(14.5,10.,-85.25));
#4569=CARTESIAN_POINT('',(14.5,0.,-85.25));
#4570=CARTESIAN_POINT('Origin',(-6.66133814775094E-14,0.,-85.25));
#4571=CARTESIAN_POINT('',(-6.66133814775094E-14,10.,-85.25));
#4572=CARTESIAN_POINT('Origin',(7.24999999999997,10.,-86.25));
#4573=CARTESIAN_POINT('Origin',(14.5,0.,-44.2));
#4574=CARTESIAN_POINT('',(14.5,10.,-44.2));
#4575=CARTESIAN_POINT('',(14.5,10.,-44.2));
#4576=CARTESIAN_POINT('',(14.5,0.,-44.2));
#4577=CARTESIAN_POINT('Origin',(14.5,0.,-42.2));
#4578=CARTESIAN_POINT('',(14.5,10.,-42.2));
#4579=CARTESIAN_POINT('',(14.5,10.,-42.2));
#4580=CARTESIAN_POINT('',(14.5,0.,-42.2));
#4581=CARTESIAN_POINT('Origin',(0.,0.,-42.2));
#4582=CARTESIAN_POINT('',(0.,10.,-42.2));
#4583=CARTESIAN_POINT('Origin',(7.24999999999999,10.,-43.2));
#4584=CARTESIAN_POINT('Origin',(15.15,0.,0.));
#4585=CARTESIAN_POINT('',(15.15,0.,-5.20101341213786E-15));
#4586=CARTESIAN_POINT('Origin',(15.15,0.,-19.));
#4587=CARTESIAN_POINT('',(15.15,0.,-19.));
#4588=CARTESIAN_POINT('Origin',(17.15,0.,-19.));
#4589=CARTESIAN_POINT('',(17.15,0.,-19.));
#4590=CARTESIAN_POINT('Origin',(17.15,0.,2.59999999999997));
#4591=CARTESIAN_POINT('Origin',(59.9999999999995,0.,-110.));
#4592=CARTESIAN_POINT('',(16.5,0.,-110.));
#4593=CARTESIAN_POINT('',(22.5,20.,-110.));
#4594=CARTESIAN_POINT('',(22.5,5.,-110.));
#4595=CARTESIAN_POINT('',(37.5,20.,-110.));
#4596=CARTESIAN_POINT('',(37.5,20.,-110.));
#4597=CARTESIAN_POINT('',(37.5,5.,-110.));
#4598=CARTESIAN_POINT('Origin',(30.,5.,-55.));
#4599=CARTESIAN_POINT('Origin',(37.5,5.,-95.0000000000001));
#4600=CARTESIAN_POINT('',(37.5,20.,-95.0000000000001));
#4601=CARTESIAN_POINT('',(37.5,20.,-95.0000000000001));
#4602=CARTESIAN_POINT('',(37.5,5.,-95.0000000000001));
#4603=CARTESIAN_POINT('Origin',(22.5,5.,-95.0000000000001));
#4604=CARTESIAN_POINT('',(22.5,20.,-95.0000000000001));
#4605=CARTESIAN_POINT('',(22.5,20.,-95.0000000000001));
#4606=CARTESIAN_POINT('',(22.5,5.,-95.0000000000001));
#4607=CARTESIAN_POINT('Origin',(22.5,5.,-110.));
#4608=CARTESIAN_POINT('',(22.5,20.,-110.));
#4609=CARTESIAN_POINT('Origin',(30.,20.,-102.5));
#4610=CARTESIAN_POINT('Origin',(64.5,27.75,-11.));
#4611=CARTESIAN_POINT('',(64.5,28.,-8.76393202250021));
#4612=CARTESIAN_POINT('',(64.5,28.,-8.76393202250021));
#4613=CARTESIAN_POINT('',(64.5,28.,-13.2360679774998));
#4614=CARTESIAN_POINT('Origin',(64.5,27.75,-11.));
#4615=CARTESIAN_POINT('',(64.5,28.,-13.2360679774998));
#4616=CARTESIAN_POINT('Origin',(64.5,27.75,-11.));
#4617=CARTESIAN_POINT('',(-4.5,28.,-8.76393202250021));
#4618=CARTESIAN_POINT('',(64.5,28.,-8.76393202250021));
#4619=CARTESIAN_POINT('',(-4.5,28.,-13.2360679774998));
#4620=CARTESIAN_POINT('',(64.5,28.,-13.2360679774998));
#4621=CARTESIAN_POINT('Origin',(-4.5,27.75,-11.));
#4622=CARTESIAN_POINT('Origin',(64.5,16.5,-88.));
#4623=CARTESIAN_POINT('',(64.4999999999999,16.5,-85.25));
#4624=CARTESIAN_POINT('Origin',(64.4999999999999,16.5,-88.));
#4625=CARTESIAN_POINT('',(64.5,16.5,-85.25));
#4626=CARTESIAN_POINT('Origin',(64.5,16.5,-88.));
#4627=CARTESIAN_POINT('',(-4.50000000000006,16.5,-85.25));
#4628=CARTESIAN_POINT('',(64.5,16.5,-85.25));
#4629=CARTESIAN_POINT('Origin',(-4.50000000000007,16.5,-88.));
#4630=CARTESIAN_POINT('Origin',(64.5,16.5,-11.));
#4631=CARTESIAN_POINT('',(64.5,16.5,-6.));
#4632=CARTESIAN_POINT('Origin',(64.5,16.5,-11.));
#4633=CARTESIAN_POINT('',(64.5,16.5,-6.));
#4634=CARTESIAN_POINT('Origin',(64.5,16.5,-11.));
#4635=CARTESIAN_POINT('',(-4.50000000000006,16.5,-6.));
#4636=CARTESIAN_POINT('',(64.5,16.5,-6.));
#4637=CARTESIAN_POINT('Origin',(-4.5,16.5,-11.));
#4638=CARTESIAN_POINT('Origin',(64.5,27.75,-99.));
#4639=CARTESIAN_POINT('',(64.5,28.,-101.2360679775));
#4640=CARTESIAN_POINT('',(64.5,28.,-101.2360679775));
#4641=CARTESIAN_POINT('',(64.5,28.,-96.7639320225002));
#4642=CARTESIAN_POINT('',(64.5,28.,-96.7639320225002));
#4643=CARTESIAN_POINT('Origin',(64.4999999999999,27.75,-99.));
#4644=CARTESIAN_POINT('Origin',(64.5,27.75,-99.));
#4645=CARTESIAN_POINT('',(-4.50000000000005,28.,-96.7639320225002));
#4646=CARTESIAN_POINT('',(64.5,28.,-96.7639320225002));
#4647=CARTESIAN_POINT('',(-4.50000000000006,28.,-101.2360679775));
#4648=CARTESIAN_POINT('',(64.5,28.,-101.2360679775));
#4649=CARTESIAN_POINT('Origin',(-4.50000000000007,27.75,-99.));
#4650=CARTESIAN_POINT('Origin',(64.5,16.5,-22.));
#4651=CARTESIAN_POINT('',(64.5,16.5,-19.25));
#4652=CARTESIAN_POINT('Origin',(64.5,16.5,-22.));
#4653=CARTESIAN_POINT('',(64.5,16.5,-19.25));
#4654=CARTESIAN_POINT('Origin',(64.5,16.5,-22.));
#4655=CARTESIAN_POINT('',(-4.50000000000006,16.5,-19.25));
#4656=CARTESIAN_POINT('',(64.5,16.5,-19.25));
#4657=CARTESIAN_POINT('Origin',(-4.5,16.5,-22.));
#4658=CARTESIAN_POINT('Origin',(64.5,16.5,-99.));
#4659=CARTESIAN_POINT('',(64.4999999999999,16.5,-94.));
#4660=CARTESIAN_POINT('Origin',(64.4999999999999,16.5,-99.));
#4661=CARTESIAN_POINT('',(64.5,16.5,-94.));
#4662=CARTESIAN_POINT('Origin',(64.5,16.5,-99.));
#4663=CARTESIAN_POINT('',(-4.50000000000006,16.5,-94.));
#4664=CARTESIAN_POINT('',(64.5,16.5,-94.));
#4665=CARTESIAN_POINT('Origin',(-4.50000000000007,16.5,-99.));
#4666=CARTESIAN_POINT('Origin',(-2.25,28.,-11.));
#4667=CARTESIAN_POINT('',(-4.5,28.,-25.));
#4668=CARTESIAN_POINT('',(-1.50673124770557E-14,28.,-25.));
#4669=CARTESIAN_POINT('',(-4.5,28.,-22.));
#4670=CARTESIAN_POINT('Origin',(62.25,28.,-11.));
#4671=CARTESIAN_POINT('',(64.5,28.,-22.));
#4672=CARTESIAN_POINT('Origin',(-2.25000000000007,28.,-99.));
#4673=CARTESIAN_POINT('',(-4.50000000000007,28.,-88.));
#4674=CARTESIAN_POINT('Origin',(62.2499999999997,28.,-99.));
#4675=CARTESIAN_POINT('',(64.4999999999999,28.,-85.));
#4676=CARTESIAN_POINT('',(59.9999999999998,28.,-85.));
#4677=CARTESIAN_POINT('',(64.4999999999999,28.,-88.));
#4678=CARTESIAN_POINT('Origin',(-4.5,0.,-25.));
#4679=CARTESIAN_POINT('',(-4.5,28.,-22.));
#4680=CARTESIAN_POINT('',(-4.5,0.,-25.));
#4681=CARTESIAN_POINT('Origin',(-4.50000000000007,0.,-110.));
#4682=CARTESIAN_POINT('',(-4.50000000000007,28.,-88.));
#4683=CARTESIAN_POINT('Origin',(64.4999999999999,0.,-85.));
#4684=CARTESIAN_POINT('',(64.4999999999999,28.,-88.));
#4685=CARTESIAN_POINT('',(64.4999999999999,0.,-85.));
#4686=CARTESIAN_POINT('Origin',(-2.25000000000007,28.,-99.));
#4687=CARTESIAN_POINT('Origin',(-1.50673124770557E-14,0.,-25.));
#4688=CARTESIAN_POINT('Origin',(-2.25,28.,-11.));
#4689=CARTESIAN_POINT('Origin',(59.9999999999998,0.,-85.));
#4690=CARTESIAN_POINT('Origin',(62.2499999999997,28.,-99.));
#4691=CARTESIAN_POINT('Origin',(64.5,0.,0.));
#4692=CARTESIAN_POINT('',(64.5,28.,-22.));
#4693=CARTESIAN_POINT('Origin',(62.25,28.,-11.));
#4694=CARTESIAN_POINT('Origin',(43.4999999999999,0.,0.));
#4695=CARTESIAN_POINT('Origin',(16.5,0.,-110.));
#4696=CARTESIAN_POINT('polyline point',(0.,0.,0.));
#4697=CARTESIAN_POINT('polyline point',(60.,0.,0.));
#4698=CARTESIAN_POINT('polyline point',(60.,0.,0.));
#4699=CARTESIAN_POINT('polyline point',(59.9999999999995,0.,-110.));
#4700=CARTESIAN_POINT('polyline point',(59.9999999999995,0.,-110.));
#4701=CARTESIAN_POINT('polyline point',(-7.62954955868801E-14,0.,-110.));
#4702=CARTESIAN_POINT('polyline point',(-7.62954955868801E-14,0.,-110.));
#4703=CARTESIAN_POINT('polyline point',(0.,0.,0.));
#4704=CARTESIAN_POINT('polyline point',(0.,0.,0.));
#4705=CARTESIAN_POINT('polyline point',(-4.5,0.,0.));
#4706=CARTESIAN_POINT('polyline point',(-4.5,0.,0.));
#4707=CARTESIAN_POINT('polyline point',(-4.5,0.,-22.));
#4708=CARTESIAN_POINT('polyline point',(-4.5,0.,-22.));
#4709=CARTESIAN_POINT('polyline point',(0.,0.,-22.));
#4710=CARTESIAN_POINT('polyline point',(0.,0.,-22.));
#4711=CARTESIAN_POINT('polyline point',(0.,0.,0.));
#4712=CARTESIAN_POINT('polyline point',(60.,0.,0.));
#4713=CARTESIAN_POINT('polyline point',(64.5,0.,0.));
#4714=CARTESIAN_POINT('polyline point',(64.5,0.,0.));
#4715=CARTESIAN_POINT('polyline point',(64.5,0.,-22.));
#4716=CARTESIAN_POINT('polyline point',(64.5,0.,-22.));
#4717=CARTESIAN_POINT('polyline point',(60.,0.,-22.));
#4718=CARTESIAN_POINT('polyline point',(60.,0.,-22.));
#4719=CARTESIAN_POINT('polyline point',(60.,0.,0.));
#4720=CARTESIAN_POINT('polyline point',(-7.62954955868801E-14,0.,-110.));
#4721=CARTESIAN_POINT('polyline point',(-4.50000000000008,0.,-110.));
#4722=CARTESIAN_POINT('polyline point',(-4.50000000000008,0.,-110.));
#4723=CARTESIAN_POINT('polyline point',(-4.50000000000007,0.,-88.));
#4724=CARTESIAN_POINT('polyline point',(-4.50000000000007,0.,-88.));
#4725=CARTESIAN_POINT('polyline point',(-6.281032381903E-14,0.,-88.));
#4726=CARTESIAN_POINT('polyline point',(-6.281032381903E-14,0.,-88.));
#4727=CARTESIAN_POINT('polyline point',(-7.62954955868801E-14,0.,-110.));
#4728=CARTESIAN_POINT('polyline point',(59.9999999999995,0.,-110.));
#4729=CARTESIAN_POINT('polyline point',(64.4999999999999,0.,-110.));
#4730=CARTESIAN_POINT('polyline point',(64.4999999999999,0.,-110.));
#4731=CARTESIAN_POINT('polyline point',(64.4999999999999,0.,-88.));
#4732=CARTESIAN_POINT('polyline point',(64.4999999999999,0.,-88.));
#4733=CARTESIAN_POINT('polyline point',(59.9999999999998,0.,-88.));
#4734=CARTESIAN_POINT('polyline point',(59.9999999999998,0.,-88.));
#4735=CARTESIAN_POINT('polyline point',(59.9999999999995,0.,-110.));
#4736=CARTESIAN_POINT('polyline point',(44.8503030488609,0.,-91.0032183767259));
#4737=CARTESIAN_POINT('polyline point',(42.8503030488609,0.,-91.0032183767259));
#4738=CARTESIAN_POINT('polyline point',(42.8503030488609,0.,-91.0032183767259));
#4739=CARTESIAN_POINT('polyline point',(42.8503030488609,0.,-110.));
#4740=CARTESIAN_POINT('polyline point',(15.15,0.,-5.20101341213786E-15));
#4741=CARTESIAN_POINT('polyline point',(15.15,0.,-19.));
#4742=CARTESIAN_POINT('polyline point',(15.15,0.,-19.));
#4743=CARTESIAN_POINT('polyline point',(17.15,0.,-19.));
#4744=CARTESIAN_POINT('polyline point',(17.15,0.,-19.));
#4745=CARTESIAN_POINT('polyline point',(17.15,0.,-6.10622663543836E-15));
#4746=CARTESIAN_POINT('polyline point',(17.15,0.,-6.10622663543836E-15));
#4747=CARTESIAN_POINT('polyline point',(15.15,0.,-5.20101341213786E-15));
#4748=CARTESIAN_POINT('polyline point',(16.5,0.,-110.));
#4749=CARTESIAN_POINT('polyline point',(14.5,0.,-110.));
#4750=CARTESIAN_POINT('polyline point',(45.1999999999995,0.,-110.));
#4751=CARTESIAN_POINT('polyline point',(42.8503030488609,0.,-110.));
#4752=CARTESIAN_POINT('polyline point',(45.9999999999998,0.,-67.8));
#4753=CARTESIAN_POINT('polyline point',(59.9999999999998,0.,-67.8));
#4754=CARTESIAN_POINT('polyline point',(45.9999999999998,0.,-67.8));
#4755=CARTESIAN_POINT('polyline point',(45.9999999999998,0.,-65.8));
#4756=CARTESIAN_POINT('polyline point',(45.9999999999998,0.,-65.8));
#4757=CARTESIAN_POINT('polyline point',(59.9999999999998,0.,-65.8));
#4758=CARTESIAN_POINT('polyline point',(0.,0.,0.));
#4759=CARTESIAN_POINT('polyline point',(15.15,0.,-5.20101341213786E-15));
#4760=CARTESIAN_POINT('polyline point',(14.5,0.,-42.2));
#4761=CARTESIAN_POINT('polyline point',(0.,0.,-42.2));
#4762=CARTESIAN_POINT('polyline point',(43.4999999999999,0.,0.));
#4763=CARTESIAN_POINT('polyline point',(43.4999999999999,0.,-22.75));
#4764=CARTESIAN_POINT('polyline point',(45.4999999999999,0.,0.));
#4765=CARTESIAN_POINT('polyline point',(45.4999999999999,0.,-22.75));
#4766=CARTESIAN_POINT('polyline point',(45.4999999999999,0.,-22.75));
#4767=CARTESIAN_POINT('polyline point',(43.4999999999999,0.,-22.75));
#4768=CARTESIAN_POINT('polyline point',(43.4999999999999,0.,-22.75));
#4769=CARTESIAN_POINT('polyline point',(43.4999999999999,0.,-24.75));
#4770=CARTESIAN_POINT('polyline point',(43.4999999999999,0.,0.));
#4771=CARTESIAN_POINT('polyline point',(45.4999999999999,0.,0.));
#4772=CARTESIAN_POINT('polyline point',(43.4999999999999,0.,-24.75));
#4773=CARTESIAN_POINT('polyline point',(60.,0.,-24.75));
#4774=CARTESIAN_POINT('polyline point',(45.4999999999999,0.,-22.75));
#4775=CARTESIAN_POINT('polyline point',(60.,0.,-22.75));
#4776=CARTESIAN_POINT('polyline point',(14.5,0.,-110.));
#4777=CARTESIAN_POINT('polyline point',(14.5,0.,-87.25));
#4778=CARTESIAN_POINT('polyline point',(14.5,0.,-87.25));
#4779=CARTESIAN_POINT('polyline point',(-6.88338275267597E-14,0.,-87.25));
#4780=CARTESIAN_POINT('polyline point',(16.5,0.,-110.));
#4781=CARTESIAN_POINT('polyline point',(16.5,0.,-87.25));
#4782=CARTESIAN_POINT('polyline point',(16.5,0.,-87.25));
#4783=CARTESIAN_POINT('polyline point',(14.5,0.,-87.25));
#4784=CARTESIAN_POINT('polyline point',(16.5,0.,-87.25));
#4785=CARTESIAN_POINT('polyline point',(16.5,0.,-85.25));
#4786=CARTESIAN_POINT('polyline point',(16.5,0.,-85.25));
#4787=CARTESIAN_POINT('polyline point',(-6.66133814775094E-14,0.,-85.25));
#4788=CARTESIAN_POINT('polyline point',(45.4999999999999,0.,0.));
#4789=CARTESIAN_POINT('polyline point',(45.4999999999999,0.,0.599999999999989));
#4790=CARTESIAN_POINT('polyline point',(60.,0.,0.));
#4791=CARTESIAN_POINT('polyline point',(60.,0.,0.599999999999989));
#4792=CARTESIAN_POINT('polyline point',(60.,0.,0.599999999999989));
#4793=CARTESIAN_POINT('polyline point',(45.4999999999999,0.,0.599999999999989));
#4794=CARTESIAN_POINT('polyline point',(60.,0.,0.599999999999989));
#4795=CARTESIAN_POINT('polyline point',(60.,0.,2.59999999999999));
#4796=CARTESIAN_POINT('polyline point',(60.,0.,2.59999999999999));
#4797=CARTESIAN_POINT('polyline point',(43.4999999999999,0.,2.59999999999999));
#4798=CARTESIAN_POINT('polyline point',(43.4999999999999,0.,2.59999999999999));
#4799=CARTESIAN_POINT('polyline point',(43.4999999999999,0.,0.));
#4800=CARTESIAN_POINT('polyline point',(16.5,0.,-110.));
#4801=CARTESIAN_POINT('polyline point',(16.5,0.,-110.6));
#4802=CARTESIAN_POINT('polyline point',(16.5,0.,-110.6));
#4803=CARTESIAN_POINT('polyline point',(-7.54015034235025E-14,0.,-110.6));
#4804=CARTESIAN_POINT('polyline point',(16.5,0.,-110.6));
#4805=CARTESIAN_POINT('polyline point',(16.5,0.,-112.6));
#4806=CARTESIAN_POINT('polyline point',(16.5,0.,-112.6));
#4807=CARTESIAN_POINT('polyline point',(-7.65404249467096E-14,0.,-112.6));
#4808=CARTESIAN_POINT('polyline point',(-7.65404249467096E-14,0.,-112.6));
#4809=CARTESIAN_POINT('polyline point',(-7.54015034235025E-14,0.,-110.6));
#4810=CARTESIAN_POINT('polyline point',(-7.54015034235025E-14,0.,-110.6));
#4811=CARTESIAN_POINT('polyline point',(-7.62954955868801E-14,0.,-110.));
#4812=CARTESIAN_POINT('polyline point',(14.5,0.,-110.));
#4813=CARTESIAN_POINT('polyline point',(14.5,0.,-110.6));
#4814=CARTESIAN_POINT('polyline point',(17.15,0.,-6.10622663543836E-15));
#4815=CARTESIAN_POINT('polyline point',(0.,0.,0.));
#4816=CARTESIAN_POINT('polyline point',(0.,0.,0.));
#4817=CARTESIAN_POINT('polyline point',(0.,0.,2.59999999999999));
#4818=CARTESIAN_POINT('polyline point',(0.,0.,2.59999999999999));
#4819=CARTESIAN_POINT('polyline point',(17.15,0.,2.59999999999997));
#4820=CARTESIAN_POINT('polyline point',(17.15,0.,2.59999999999997));
#4821=CARTESIAN_POINT('polyline point',(17.15,0.,-6.10622663543836E-15));
#4822=CARTESIAN_POINT('polyline point',(42.8503030488609,0.,-110.));
#4823=CARTESIAN_POINT('polyline point',(60.,0.,-110.));
#4824=CARTESIAN_POINT('polyline point',(60.,0.,-110.));
#4825=CARTESIAN_POINT('polyline point',(60.,0.,-112.6));
#4826=CARTESIAN_POINT('polyline point',(60.,0.,-112.6));
#4827=CARTESIAN_POINT('polyline point',(42.8503030488609,0.,-112.6));
#4828=CARTESIAN_POINT('polyline point',(42.8503030488609,0.,-112.6));
#4829=CARTESIAN_POINT('polyline point',(42.8503030488609,0.,-110.));
#4830=CARTESIAN_POINT('polyline point',(44.8503030488609,0.,-91.0032183767259));
#4831=CARTESIAN_POINT('polyline point',(44.8503030488609,0.,-110.));
#4832=CARTESIAN_POINT('polyline point',(14.5,0.,-42.2));
#4833=CARTESIAN_POINT('polyline point',(14.5,0.,-44.2));
#4834=CARTESIAN_POINT('polyline point',(14.5,0.,-44.2));
#4835=CARTESIAN_POINT('polyline point',(-2.66390084594345E-14,0.,-44.2));
#4836=CARTESIAN_POINT('polyline point',(35.,0.,-110.));
#4837=CARTESIAN_POINT('polyline point',(35.,0.,0.));
#4838=CARTESIAN_POINT('polyline point',(64.5,0.,-22.));
#4839=CARTESIAN_POINT('polyline point',(60.,0.,-22.));
#4840=CARTESIAN_POINT('polyline point',(60.,0.,-22.));
#4841=CARTESIAN_POINT('polyline point',(60.,0.,-25.));
#4842=CARTESIAN_POINT('polyline point',(60.,0.,-25.));
#4843=CARTESIAN_POINT('polyline point',(64.5,0.,-25.));
#4844=CARTESIAN_POINT('polyline point',(64.5,0.,-25.));
#4845=CARTESIAN_POINT('polyline point',(64.5,0.,-22.));
#4846=CARTESIAN_POINT('polyline point',(64.4999999999999,0.,-88.));
#4847=CARTESIAN_POINT('polyline point',(59.9999999999998,0.,-88.));
#4848=CARTESIAN_POINT('polyline point',(59.9999999999998,0.,-88.));
#4849=CARTESIAN_POINT('polyline point',(59.9999999999998,0.,-85.));
#4850=CARTESIAN_POINT('polyline point',(59.9999999999998,0.,-85.));
#4851=CARTESIAN_POINT('polyline point',(64.4999999999999,0.,-85.));
#4852=CARTESIAN_POINT('polyline point',(64.4999999999999,0.,-85.));
#4853=CARTESIAN_POINT('polyline point',(64.4999999999999,0.,-88.));
#4854=CARTESIAN_POINT('polyline point',(-4.5,0.,-22.));
#4855=CARTESIAN_POINT('polyline point',(-1.50673124770557E-14,0.,-22.));
#4856=CARTESIAN_POINT('polyline point',(-1.50673124770557E-14,0.,-22.));
#4857=CARTESIAN_POINT('polyline point',(-1.50673124770557E-14,0.,-25.));
#4858=CARTESIAN_POINT('polyline point',(-1.50673124770557E-14,0.,-25.));
#4859=CARTESIAN_POINT('polyline point',(-4.5,0.,-25.));
#4860=CARTESIAN_POINT('polyline point',(-4.5,0.,-25.));
#4861=CARTESIAN_POINT('polyline point',(-4.5,0.,-22.));
#4862=CARTESIAN_POINT('polyline point',(-4.50000000000007,0.,-88.));
#4863=CARTESIAN_POINT('polyline point',(-6.281032381903E-14,0.,-88.));
#4864=CARTESIAN_POINT('polyline point',(-6.281032381903E-14,0.,-88.));
#4865=CARTESIAN_POINT('polyline point',(-6.82128267125076E-14,0.,-85.));
#4866=CARTESIAN_POINT('polyline point',(-6.82128267125076E-14,0.,-85.));
#4867=CARTESIAN_POINT('polyline point',(-4.50000000000006,0.,-85.));
#4868=CARTESIAN_POINT('polyline point',(-4.50000000000006,0.,-85.));
#4869=CARTESIAN_POINT('polyline point',(-4.50000000000007,0.,-88.));
#4870=CARTESIAN_POINT('polyline point',(64.5,0.,0.));
#4871=CARTESIAN_POINT('polyline point',(60.,0.,0.));
#4872=CARTESIAN_POINT('polyline point',(60.,0.,0.));
#4873=CARTESIAN_POINT('polyline point',(60.,0.,2.59999999999999));
#4874=CARTESIAN_POINT('polyline point',(60.,0.,2.59999999999999));
#4875=CARTESIAN_POINT('polyline point',(64.5,0.,2.59999999999999));
#4876=CARTESIAN_POINT('polyline point',(64.5,0.,2.59999999999999));
#4877=CARTESIAN_POINT('polyline point',(64.5,0.,0.));
#4878=CARTESIAN_POINT('polyline point',(0.,0.,2.59999999999999));
#4879=CARTESIAN_POINT('polyline point',(-4.5,0.,2.59999999999999));
#4880=CARTESIAN_POINT('polyline point',(-4.5,0.,2.59999999999999));
#4881=CARTESIAN_POINT('polyline point',(-4.5,0.,0.));
#4882=CARTESIAN_POINT('polyline point',(-4.5,0.,0.));
#4883=CARTESIAN_POINT('polyline point',(0.,0.,0.));
#4884=CARTESIAN_POINT('polyline point',(0.,0.,0.));
#4885=CARTESIAN_POINT('polyline point',(0.,0.,2.59999999999999));
#4886=CARTESIAN_POINT('polyline point',(-7.65404249467096E-14,0.,-112.6));
#4887=CARTESIAN_POINT('polyline point',(-4.50000000000008,0.,-112.6));
#4888=CARTESIAN_POINT('polyline point',(-4.50000000000008,0.,-112.6));
#4889=CARTESIAN_POINT('polyline point',(-4.50000000000008,0.,-110.));
#4890=CARTESIAN_POINT('polyline point',(-4.50000000000008,0.,-110.));
#4891=CARTESIAN_POINT('polyline point',(-7.62954955868801E-14,0.,-110.));
#4892=CARTESIAN_POINT('polyline point',(-7.62954955868801E-14,0.,-110.));
#4893=CARTESIAN_POINT('polyline point',(-7.65404249467096E-14,0.,-112.6));
#4894=CARTESIAN_POINT('polyline point',(64.4999999999999,0.,-110.));
#4895=CARTESIAN_POINT('polyline point',(60.,0.,-110.));
#4896=CARTESIAN_POINT('polyline point',(60.,0.,-110.));
#4897=CARTESIAN_POINT('polyline point',(60.,0.,-112.6));
#4898=CARTESIAN_POINT('polyline point',(60.,0.,-112.6));
#4899=CARTESIAN_POINT('polyline point',(64.4999999999999,0.,-112.6));
#4900=CARTESIAN_POINT('polyline point',(64.4999999999999,0.,-112.6));
#4901=CARTESIAN_POINT('polyline point',(64.4999999999999,0.,-110.));
#4902=CARTESIAN_POINT('polyline point',(25.,0.,0.));
#4903=CARTESIAN_POINT('polyline point',(35.,0.,0.));
#4904=CARTESIAN_POINT('polyline point',(35.,0.,0.));
#4905=CARTESIAN_POINT('polyline point',(35.,0.,-7.50000000000001));
#4906=CARTESIAN_POINT('polyline point',(35.,0.,-7.50000000000001));
#4907=CARTESIAN_POINT('polyline point',(25.0000000000001,0.,-7.50000000000001));
#4908=CARTESIAN_POINT('polyline point',(25.0000000000001,0.,-7.50000000000001));
#4909=CARTESIAN_POINT('polyline point',(25.,0.,0.));
#4910=CARTESIAN_POINT('polyline point',(35.,0.,-7.50000000000001));
#4911=CARTESIAN_POINT('polyline point',(35.,0.,-6.70000000000002));
#4912=CARTESIAN_POINT('polyline point',(35.,0.,-5.70000000000006));
#4913=CARTESIAN_POINT('polyline point',(35.,0.,-6.70000000000002));
#4914=CARTESIAN_POINT('polyline point',(25.,0.,0.));
#4915=CARTESIAN_POINT('polyline point',(23.,0.,0.));
#4916=CARTESIAN_POINT('polyline point',(35.,0.,-7.50000000000001));
#4917=CARTESIAN_POINT('polyline point',(37.,0.,-7.50000000000001));
#4918=CARTESIAN_POINT('polyline point',(37.,0.,-7.50000000000001));
#4919=CARTESIAN_POINT('polyline point',(37.,0.,0.));
#4920=CARTESIAN_POINT('polyline point',(37.,0.,0.));
#4921=CARTESIAN_POINT('polyline point',(35.,0.,0.));
#4922=CARTESIAN_POINT('polyline point',(35.,0.,0.));
#4923=CARTESIAN_POINT('polyline point',(35.,0.,-7.50000000000001));
#4924=CARTESIAN_POINT('polyline point',(35.,0.,-6.70000000000002));
#4925=CARTESIAN_POINT('polyline point',(35.3,0.,-6.70000000000002));
#4926=CARTESIAN_POINT('polyline point',(35.,0.,-6.5));
#4927=CARTESIAN_POINT('polyline point',(35.,0.,-6.70000000000002));
#4928=CARTESIAN_POINT('polyline point',(37.,0.,-7.50000000000001));
#4929=CARTESIAN_POINT('polyline point',(23.,0.,-7.50000000000001));
#4930=CARTESIAN_POINT('polyline point',(23.,0.,-8.50000000000001));
#4931=CARTESIAN_POINT('polyline point',(37.,0.,-8.50000000000002));
#4932=CARTESIAN_POINT('polyline point',(37.,0.,-8.50000000000002));
#4933=CARTESIAN_POINT('polyline point',(37.,0.,-7.50000000000001));
#4934=CARTESIAN_POINT('polyline point',(35.,0.,-6.70000000000002));
#4935=CARTESIAN_POINT('polyline point',(35.5,0.,-6.70000000000002));
#4936=CARTESIAN_POINT('polyline point',(35.5,0.,-6.70000000000002));
#4937=CARTESIAN_POINT('polyline point',(35.5,0.,-5.70000000000006));
#4938=CARTESIAN_POINT('polyline point',(35.5,0.,-5.70000000000006));
#4939=CARTESIAN_POINT('polyline point',(35.,0.,-5.70000000000006));
#4940=CARTESIAN_POINT('polyline point',(35.,0.,-5.70000000000006));
#4941=CARTESIAN_POINT('polyline point',(35.,0.,-6.70000000000002));
#4942=CARTESIAN_POINT('polyline point',(15.15,0.,-5.20101341213786E-15));
#4943=CARTESIAN_POINT('polyline point',(0.,0.,0.));
#4944=CARTESIAN_POINT('polyline point',(-1.50673124770557E-14,0.,-25.));
#4945=CARTESIAN_POINT('polyline point',(0.,0.,-42.2));
#4946=CARTESIAN_POINT('polyline point',(23.,0.,-8.50000000000001));
#4947=CARTESIAN_POINT('polyline point',(23.,0.,0.));
#4948=CARTESIAN_POINT('polyline point',(25.,0.,-110.));
#4949=CARTESIAN_POINT('polyline point',(25.,0.,0.));
#4950=CARTESIAN_POINT('Origin',(53.3,0.,-64.3));
#4951=CARTESIAN_POINT('Origin',(6.99999999999998,0.,-64.));
#4952=CARTESIAN_POINT('Origin',(6.99999999999998,0.,-46.));
#4953=CARTESIAN_POINT('Origin',(53.3,0.,-45.7));
#4954=CARTESIAN_POINT('polyline point',(51.5,0.,-76.5));
#4955=CARTESIAN_POINT('polyline point',(8.49999999999998,0.,-76.5));
#4956=CARTESIAN_POINT('polyline point',(8.49999999999998,0.,-76.5));
#4957=CARTESIAN_POINT('polyline point',(8.49999999999998,0.,-33.5));
#4958=CARTESIAN_POINT('polyline point',(8.49999999999998,0.,-33.5));
#4959=CARTESIAN_POINT('polyline point',(51.5,0.,-33.5));
#4960=CARTESIAN_POINT('polyline point',(51.5,0.,-33.5));
#4961=CARTESIAN_POINT('polyline point',(51.5,0.,-76.5));
#4962=CARTESIAN_POINT('Origin',(11.25,0.,-73.75));
#4963=CARTESIAN_POINT('polyline point',(46.5,0.,-71.5));
#4964=CARTESIAN_POINT('polyline point',(51.,0.,-71.5));
#4965=CARTESIAN_POINT('Origin',(48.75,0.,-73.75));
#4966=CARTESIAN_POINT('polyline point',(46.5,0.,-76.));
#4967=CARTESIAN_POINT('polyline point',(46.5,0.,-71.5));
#4968=CARTESIAN_POINT('polyline point',(51.,0.,-71.5));
#4969=CARTESIAN_POINT('polyline point',(51.,0.,-76.));
#4970=CARTESIAN_POINT('Origin',(48.75,0.,-73.75));
#4971=CARTESIAN_POINT('polyline point',(51.,0.,-76.));
#4972=CARTESIAN_POINT('polyline point',(46.5,0.,-76.));
#4973=CARTESIAN_POINT('polyline point',(13.5,0.,-76.));
#4974=CARTESIAN_POINT('polyline point',(13.5,0.,-71.5));
#4975=CARTESIAN_POINT('polyline point',(8.99999999999999,0.,-71.5));
#4976=CARTESIAN_POINT('polyline point',(8.99999999999999,0.,-76.));
#4977=CARTESIAN_POINT('polyline point',(8.99999999999999,0.,-76.));
#4978=CARTESIAN_POINT('polyline point',(13.5,0.,-76.));
#4979=CARTESIAN_POINT('Origin',(11.25,0.,-73.75));
#4980=CARTESIAN_POINT('polyline point',(13.5,0.,-71.5));
#4981=CARTESIAN_POINT('polyline point',(8.99999999999999,0.,-71.5));
#4982=CARTESIAN_POINT('polyline point',(9.00000598893893,0.,-38.499994011061));
#4983=CARTESIAN_POINT('polyline point',(13.499994011061,0.,-38.499994011061));
#4984=CARTESIAN_POINT('Origin',(11.25,0.,-36.25));
#4985=CARTESIAN_POINT('polyline point',(13.499994011061,0.,-38.499994011061));
#4986=CARTESIAN_POINT('polyline point',(13.499994011061,0.,-34.000005988939));
#4987=CARTESIAN_POINT('polyline point',(9.00000598893895,0.,-34.000005988939));
#4988=CARTESIAN_POINT('polyline point',(9.00000598893893,0.,-38.499994011061));
#4989=CARTESIAN_POINT('Origin',(11.25,0.,-36.25));
#4990=CARTESIAN_POINT('polyline point',(13.499994011061,0.,-34.000005988939));
#4991=CARTESIAN_POINT('polyline point',(9.00000598893895,0.,-34.000005988939));
#4992=CARTESIAN_POINT('polyline point',(51.,0.,-38.5));
#4993=CARTESIAN_POINT('polyline point',(46.5,0.,-38.5));
#4994=CARTESIAN_POINT('Origin',(48.75,0.,-36.25));
#4995=CARTESIAN_POINT('polyline point',(46.5,0.,-38.5));
#4996=CARTESIAN_POINT('polyline point',(46.5,0.,-34.));
#4997=CARTESIAN_POINT('polyline point',(46.5,0.,-34.));
#4998=CARTESIAN_POINT('polyline point',(51.,0.,-34.));
#4999=CARTESIAN_POINT('Origin',(48.75,0.,-36.25));
#5000=CARTESIAN_POINT('polyline point',(51.,0.,-34.));
#5001=CARTESIAN_POINT('polyline point',(51.,0.,-38.5));
#5002=CARTESIAN_POINT('polyline point',(14.5,0.,-87.25));
#5003=CARTESIAN_POINT('polyline point',(14.5,0.,-85.25));
#5004=CARTESIAN_POINT('polyline point',(45.4999999999999,0.,-22.75));
#5005=CARTESIAN_POINT('polyline point',(45.4999999999999,0.,-24.75));
#5006=CARTESIAN_POINT('polyline point',(46.5,0.,-65.3));
#5007=CARTESIAN_POINT('polyline point',(51.,0.,-65.3));
#5008=CARTESIAN_POINT('polyline point',(51.,0.,-65.3));
#5009=CARTESIAN_POINT('polyline point',(51.,0.,-60.8));
#5010=CARTESIAN_POINT('polyline point',(51.,0.,-60.8));
#5011=CARTESIAN_POINT('polyline point',(46.5,0.,-60.8));
#5012=CARTESIAN_POINT('polyline point',(46.5,0.,-60.8));
#5013=CARTESIAN_POINT('polyline point',(46.5,0.,-65.3));
#5014=CARTESIAN_POINT('polyline point',(13.499994011061,0.,-44.7));
#5015=CARTESIAN_POINT('polyline point',(9.00000598893895,0.,-44.7));
#5016=CARTESIAN_POINT('polyline point',(9.00000598893895,0.,-44.7));
#5017=CARTESIAN_POINT('polyline point',(9.00000598893895,0.,-49.2));
#5018=CARTESIAN_POINT('polyline point',(9.00000598893895,0.,-49.2));
#5019=CARTESIAN_POINT('polyline point',(13.499994011061,0.,-49.2));
#5020=CARTESIAN_POINT('polyline point',(13.499994011061,0.,-49.2));
#5021=CARTESIAN_POINT('polyline point',(13.499994011061,0.,-44.7));
#5022=CARTESIAN_POINT('',(59.9999999999996,0.,-88.));
#5023=CARTESIAN_POINT('',(-6.0507154842071E-14,0.,-88.));
#5024=CARTESIAN_POINT('',(0.,0.,-22.));
#5025=CARTESIAN_POINT('',(60.,0.,-22.));
#5026=CARTESIAN_POINT('',(35.,0.,-130.));
#5027=CARTESIAN_POINT('',(60.,0.,-110.));
#5028=CARTESIAN_POINT('',(0.,0.,0.));
#5029=CARTESIAN_POINT('',(44.8503030488609,0.,-110.));
#5030=CARTESIAN_POINT('',(0.,0.,0.));
#5031=CARTESIAN_POINT('',(60.,0.,-110.));
#5032=CARTESIAN_POINT('',(35.,0.,-6.70000000000002));
#5033=CARTESIAN_POINT('',(35.3,0.,-6.70000000000002));
#5034=CARTESIAN_POINT('',(35.,0.,-5.70000000000006));
#5035=CARTESIAN_POINT('',(30.,0.,-65.));
#5036=CARTESIAN_POINT('',(30.,0.,-55.));
#5037=CARTESIAN_POINT('',(30.,0.,-55.));
#5038=CARTESIAN_POINT('',(12.75,0.,-37.75));
#5039=CARTESIAN_POINT('',(35.,0.,-8.50000000000001));
#5040=CARTESIAN_POINT('',(23.,0.,0.));
#5041=CARTESIAN_POINT('',(35.,0.,-5.70000000000006));
#5042=CARTESIAN_POINT('',(35.,0.,0.));
#5043=CARTESIAN_POINT('',(35.,0.,-5.70000000000006));
#5044=UNCERTAINTY_MEASURE_WITH_UNIT(LENGTH_MEASURE(0.01),#5048,
'DISTANCE_ACCURACY_VALUE',
'Maximum model space distance between geometric entities at asserted c
onnectivities');
#5045=UNCERTAINTY_MEASURE_WITH_UNIT(LENGTH_MEASURE(0.01),#5048,
'DISTANCE_ACCURACY_VALUE',
'Maximum model space distance between geometric entities at asserted c
onnectivities');
#5046=(
GEOMETRIC_REPRESENTATION_CONTEXT(3)
GLOBAL_UNCERTAINTY_ASSIGNED_CONTEXT((#5044))
GLOBAL_UNIT_ASSIGNED_CONTEXT((#5048,#5050,#5051))
REPRESENTATION_CONTEXT('','3D')
);
#5047=(
GEOMETRIC_REPRESENTATION_CONTEXT(3)
GLOBAL_UNCERTAINTY_ASSIGNED_CONTEXT((#5045))
GLOBAL_UNIT_ASSIGNED_CONTEXT((#5048,#5050,#5051))
REPRESENTATION_CONTEXT('','3D')
);
#5048=(
LENGTH_UNIT()
NAMED_UNIT(*)
SI_UNIT(.MILLI.,.METRE.)
);
#5049=(
LENGTH_UNIT()
NAMED_UNIT(*)
SI_UNIT(.CENTI.,.METRE.)
);
#5050=(
NAMED_UNIT(*)
PLANE_ANGLE_UNIT()
SI_UNIT($,.RADIAN.)
);
#5051=(
NAMED_UNIT(*)
SI_UNIT($,.STERADIAN.)
SOLID_ANGLE_UNIT()
);
#5052=SHAPE_DEFINITION_REPRESENTATION(#5053,#5054);
#5053=PRODUCT_DEFINITION_SHAPE('',$,#5056);
#5054=SHAPE_REPRESENTATION('',(#2950),#5046);
#5055=PRODUCT_DEFINITION_CONTEXT('part definition',#5060,'design');
#5056=PRODUCT_DEFINITION('MainBody_thin','MainBody_thin',#5057,#5055);
#5057=PRODUCT_DEFINITION_FORMATION('',$,#5062);
#5058=PRODUCT_RELATED_PRODUCT_CATEGORY('MainBody_thin','MainBody_thin',
(#5062));
#5059=APPLICATION_PROTOCOL_DEFINITION('international standard',
'automotive_design',2009,#5060);
#5060=APPLICATION_CONTEXT(
'Core Data for Automotive Mechanical Design Process');
#5061=PRODUCT_CONTEXT('part definition',#5060,'mechanical');
#5062=PRODUCT('MainBody_thin','MainBody_thin',$,(#5061));
#5063=PRESENTATION_STYLE_ASSIGNMENT((#5065));
#5064=PRESENTATION_STYLE_ASSIGNMENT((#5066));
#5065=SURFACE_STYLE_USAGE(.BOTH.,#5069);
#5066=SURFACE_STYLE_USAGE(.BOTH.,#5070);
#5067=SURFACE_STYLE_RENDERING_WITH_PROPERTIES($,#5077,(#5068));
#5068=SURFACE_STYLE_TRANSPARENT(0.);
#5069=SURFACE_SIDE_STYLE('',(#5071,#5067));
#5070=SURFACE_SIDE_STYLE('',(#5072));
#5071=SURFACE_STYLE_FILL_AREA(#5073);
#5072=SURFACE_STYLE_FILL_AREA(#5074);
#5073=FILL_AREA_STYLE('',(#5075));
#5074=FILL_AREA_STYLE('',(#5076));
#5075=FILL_AREA_STYLE_COLOUR('',#5077);
#5076=FILL_AREA_STYLE_COLOUR('',#5078);
#5077=COLOUR_RGB('',0.749019607843137,0.749019607843137,0.749019607843137);
#5078=COLOUR_RGB('',1.,1.,1.);
ENDSEC;
END-ISO-10303-21;
