ISO-10303-21;
HEADER;
/* Generated by software containing ST-Developer
 * from STEP Tools, Inc. (www.steptools.com) 
 */

FILE_DESCRIPTION(
/* description */ (''),
/* implementation_level */ '2;1');

FILE_NAME(
/* name */ 'MainBody.stp',
/* time_stamp */ '2026-05-07T20:20:03+02:00',
/* author */ ('25adoh'),
/* organization */ (''),
/* preprocessor_version */ 'ST-DEVELOPER v20.1',
/* originating_system */ 'Autodesk Inventor 2026',
/* authorisation */ '');

FILE_SCHEMA (('AUTOMOTIVE_DESIGN { 1 0 10303 214 3 1 1 }'));
ENDSEC;

DATA;
#10=MECHANICAL_DESIGN_GEOMETRIC_PRESENTATION_REPRESENTATION('',(#13),#5048);
#11=SHAPE_REPRESENTATION_RELATIONSHIP('SRR','None',#5055,#12);
#12=ADVANCED_BREP_SHAPE_REPRESENTATION('',(#14),#5047);
#13=STYLED_ITEM('',(#5064),#14);
#14=MANIFOLD_SOLID_BREP('Solid1',#3077);
#15=FACE_BOUND('',#375,.T.);
#16=FACE_BOUND('',#376,.T.);
#17=FACE_BOUND('',#377,.T.);
#18=FACE_BOUND('',#378,.T.);
#19=FACE_BOUND('',#379,.T.);
#20=FACE_BOUND('',#380,.T.);
#21=FACE_BOUND('',#381,.T.);
#22=FACE_BOUND('',#382,.T.);
#23=FACE_BOUND('',#415,.T.);
#24=FACE_BOUND('',#417,.T.);
#25=FACE_BOUND('',#419,.T.);
#26=FACE_BOUND('',#421,.T.);
#27=FACE_BOUND('',#488,.T.);
#28=FACE_BOUND('',#489,.T.);
#29=FACE_BOUND('',#492,.T.);
#30=FACE_BOUND('',#493,.T.);
#31=FACE_BOUND('',#511,.T.);
#32=FACE_BOUND('',#512,.T.);
#33=FACE_BOUND('',#514,.T.);
#34=FACE_BOUND('',#515,.T.);
#35=FACE_BOUND('',#517,.T.);
#36=FACE_BOUND('',#518,.T.);
#37=FACE_BOUND('',#522,.T.);
#38=FACE_BOUND('',#523,.T.);
#39=FACE_BOUND('',#527,.T.);
#40=FACE_BOUND('',#528,.T.);
#41=FACE_BOUND('',#531,.T.);
#42=FACE_BOUND('',#532,.T.);
#43=FACE_BOUND('',#539,.T.);
#44=ELLIPSE('',#3149,2.82842712474618,2.);
#45=ELLIPSE('',#3150,2.82842712474618,2.);
#46=ELLIPSE('',#3152,2.8284271247462,2.);
#47=ELLIPSE('',#3154,2.82842712474618,2.);
#48=ELLIPSE('',#3160,2.8284271247462,2.);
#49=ELLIPSE('',#3161,2.8284271247462,2.);
#50=ELLIPSE('',#3163,2.8284271247462,2.);
#51=ELLIPSE('',#3165,2.82842712474619,2.);
#52=ELLIPSE('',#3170,2.82842712474619,2.);
#53=ELLIPSE('',#3171,2.82842712474619,2.);
#54=ELLIPSE('',#3173,2.82842712474619,2.);
#55=ELLIPSE('',#3175,2.82842712474619,2.);
#56=ELLIPSE('',#3180,2.82842712474619,2.);
#57=ELLIPSE('',#3181,2.82842712474619,2.);
#58=ELLIPSE('',#3183,2.82842712474619,2.);
#59=ELLIPSE('',#3185,2.82842712474619,2.);
#60=PLANE('',#3103);
#61=PLANE('',#3107);
#62=PLANE('',#3111);
#63=PLANE('',#3115);
#64=PLANE('',#3119);
#65=PLANE('',#3123);
#66=PLANE('',#3127);
#67=PLANE('',#3131);
#68=PLANE('',#3139);
#69=PLANE('',#3147);
#70=PLANE('',#3156);
#71=PLANE('',#3157);
#72=PLANE('',#3158);
#73=PLANE('',#3167);
#74=PLANE('',#3168);
#75=PLANE('',#3177);
#76=PLANE('',#3178);
#77=PLANE('',#3187);
#78=PLANE('',#3188);
#79=PLANE('',#3189);
#80=PLANE('',#3190);
#81=PLANE('',#3191);
#82=PLANE('',#3192);
#83=PLANE('',#3193);
#84=PLANE('',#3197);
#85=PLANE('',#3201);
#86=PLANE('',#3205);
#87=PLANE('',#3209);
#88=PLANE('',#3210);
#89=PLANE('',#3211);
#90=PLANE('',#3212);
#91=PLANE('',#3213);
#92=PLANE('',#3214);
#93=PLANE('',#3215);
#94=PLANE('',#3216);
#95=PLANE('',#3217);
#96=PLANE('',#3218);
#97=PLANE('',#3219);
#98=PLANE('',#3220);
#99=PLANE('',#3221);
#100=PLANE('',#3222);
#101=PLANE('',#3223);
#102=PLANE('',#3224);
#103=PLANE('',#3225);
#104=PLANE('',#3226);
#105=PLANE('',#3227);
#106=PLANE('',#3228);
#107=PLANE('',#3229);
#108=PLANE('',#3230);
#109=PLANE('',#3231);
#110=PLANE('',#3232);
#111=PLANE('',#3233);
#112=PLANE('',#3234);
#113=PLANE('',#3235);
#114=PLANE('',#3236);
#115=PLANE('',#3237);
#116=PLANE('',#3238);
#117=PLANE('',#3239);
#118=PLANE('',#3240);
#119=PLANE('',#3241);
#120=PLANE('',#3242);
#121=PLANE('',#3243);
#122=PLANE('',#3244);
#123=PLANE('',#3245);
#124=PLANE('',#3246);
#125=PLANE('',#3247);
#126=PLANE('',#3248);
#127=PLANE('',#3249);
#128=PLANE('',#3250);
#129=PLANE('',#3251);
#130=PLANE('',#3252);
#131=PLANE('',#3253);
#132=PLANE('',#3254);
#133=PLANE('',#3255);
#134=PLANE('',#3256);
#135=PLANE('',#3257);
#136=PLANE('',#3258);
#137=PLANE('',#3259);
#138=PLANE('',#3260);
#139=PLANE('',#3261);
#140=PLANE('',#3262);
#141=PLANE('',#3263);
#142=PLANE('',#3264);
#143=PLANE('',#3265);
#144=PLANE('',#3266);
#145=PLANE('',#3267);
#146=PLANE('',#3268);
#147=PLANE('',#3269);
#148=PLANE('',#3270);
#149=PLANE('',#3271);
#150=PLANE('',#3272);
#151=PLANE('',#3273);
#152=PLANE('',#3274);
#153=PLANE('',#3275);
#154=PLANE('',#3276);
#155=PLANE('',#3277);
#156=PLANE('',#3278);
#157=PLANE('',#3279);
#158=PLANE('',#3283);
#159=PLANE('',#3284);
#160=PLANE('',#3318);
#161=PLANE('',#3319);
#162=PLANE('',#3320);
#163=PLANE('',#3321);
#164=PLANE('',#3322);
#165=PLANE('',#3323);
#166=PLANE('',#3324);
#167=PLANE('',#3325);
#168=PLANE('',#3326);
#169=PLANE('',#3327);
#170=PLANE('',#3328);
#171=PLANE('',#3329);
#172=PLANE('',#3330);
#173=PLANE('',#3331);
#174=PLANE('',#3332);
#175=PLANE('',#3333);
#176=PLANE('',#3334);
#177=PLANE('',#3335);
#178=PLANE('',#3336);
#179=PLANE('',#3337);
#180=PLANE('',#3338);
#181=FACE_OUTER_BOUND('',#346,.T.);
#182=FACE_OUTER_BOUND('',#347,.T.);
#183=FACE_OUTER_BOUND('',#348,.T.);
#184=FACE_OUTER_BOUND('',#349,.T.);
#185=FACE_OUTER_BOUND('',#350,.T.);
#186=FACE_OUTER_BOUND('',#351,.T.);
#187=FACE_OUTER_BOUND('',#352,.T.);
#188=FACE_OUTER_BOUND('',#353,.T.);
#189=FACE_OUTER_BOUND('',#354,.T.);
#190=FACE_OUTER_BOUND('',#355,.T.);
#191=FACE_OUTER_BOUND('',#356,.T.);
#192=FACE_OUTER_BOUND('',#357,.T.);
#193=FACE_OUTER_BOUND('',#358,.T.);
#194=FACE_OUTER_BOUND('',#359,.T.);
#195=FACE_OUTER_BOUND('',#360,.T.);
#196=FACE_OUTER_BOUND('',#361,.T.);
#197=FACE_OUTER_BOUND('',#362,.T.);
#198=FACE_OUTER_BOUND('',#363,.T.);
#199=FACE_OUTER_BOUND('',#364,.T.);
#200=FACE_OUTER_BOUND('',#365,.T.);
#201=FACE_OUTER_BOUND('',#366,.T.);
#202=FACE_OUTER_BOUND('',#367,.T.);
#203=FACE_OUTER_BOUND('',#368,.T.);
#204=FACE_OUTER_BOUND('',#369,.T.);
#205=FACE_OUTER_BOUND('',#370,.T.);
#206=FACE_OUTER_BOUND('',#371,.T.);
#207=FACE_OUTER_BOUND('',#372,.T.);
#208=FACE_OUTER_BOUND('',#373,.T.);
#209=FACE_OUTER_BOUND('',#374,.T.);
#210=FACE_OUTER_BOUND('',#383,.T.);
#211=FACE_OUTER_BOUND('',#384,.T.);
#212=FACE_OUTER_BOUND('',#385,.T.);
#213=FACE_OUTER_BOUND('',#386,.T.);
#214=FACE_OUTER_BOUND('',#387,.T.);
#215=FACE_OUTER_BOUND('',#388,.T.);
#216=FACE_OUTER_BOUND('',#389,.T.);
#217=FACE_OUTER_BOUND('',#390,.T.);
#218=FACE_OUTER_BOUND('',#391,.T.);
#219=FACE_OUTER_BOUND('',#392,.T.);
#220=FACE_OUTER_BOUND('',#393,.T.);
#221=FACE_OUTER_BOUND('',#394,.T.);
#222=FACE_OUTER_BOUND('',#395,.T.);
#223=FACE_OUTER_BOUND('',#396,.T.);
#224=FACE_OUTER_BOUND('',#397,.T.);
#225=FACE_OUTER_BOUND('',#398,.T.);
#226=FACE_OUTER_BOUND('',#399,.T.);
#227=FACE_OUTER_BOUND('',#400,.T.);
#228=FACE_OUTER_BOUND('',#401,.T.);
#229=FACE_OUTER_BOUND('',#402,.T.);
#230=FACE_OUTER_BOUND('',#403,.T.);
#231=FACE_OUTER_BOUND('',#404,.T.);
#232=FACE_OUTER_BOUND('',#405,.T.);
#233=FACE_OUTER_BOUND('',#406,.T.);
#234=FACE_OUTER_BOUND('',#407,.T.);
#235=FACE_OUTER_BOUND('',#408,.T.);
#236=FACE_OUTER_BOUND('',#409,.T.);
#237=FACE_OUTER_BOUND('',#410,.T.);
#238=FACE_OUTER_BOUND('',#411,.T.);
#239=FACE_OUTER_BOUND('',#412,.T.);
#240=FACE_OUTER_BOUND('',#413,.T.);
#241=FACE_OUTER_BOUND('',#414,.T.);
#242=FACE_OUTER_BOUND('',#416,.T.);
#243=FACE_OUTER_BOUND('',#418,.T.);
#244=FACE_OUTER_BOUND('',#420,.T.);
#245=FACE_OUTER_BOUND('',#422,.T.);
#246=FACE_OUTER_BOUND('',#423,.T.);
#247=FACE_OUTER_BOUND('',#424,.T.);
#248=FACE_OUTER_BOUND('',#425,.T.);
#249=FACE_OUTER_BOUND('',#426,.T.);
#250=FACE_OUTER_BOUND('',#427,.T.);
#251=FACE_OUTER_BOUND('',#428,.T.);
#252=FACE_OUTER_BOUND('',#429,.T.);
#253=FACE_OUTER_BOUND('',#430,.T.);
#254=FACE_OUTER_BOUND('',#431,.T.);
#255=FACE_OUTER_BOUND('',#432,.T.);
#256=FACE_OUTER_BOUND('',#433,.T.);
#257=FACE_OUTER_BOUND('',#434,.T.);
#258=FACE_OUTER_BOUND('',#435,.T.);
#259=FACE_OUTER_BOUND('',#436,.T.);
#260=FACE_OUTER_BOUND('',#437,.T.);
#261=FACE_OUTER_BOUND('',#438,.T.);
#262=FACE_OUTER_BOUND('',#439,.T.);
#263=FACE_OUTER_BOUND('',#440,.T.);
#264=FACE_OUTER_BOUND('',#441,.T.);
#265=FACE_OUTER_BOUND('',#442,.T.);
#266=FACE_OUTER_BOUND('',#443,.T.);
#267=FACE_OUTER_BOUND('',#444,.T.);
#268=FACE_OUTER_BOUND('',#445,.T.);
#269=FACE_OUTER_BOUND('',#446,.T.);
#270=FACE_OUTER_BOUND('',#447,.T.);
#271=FACE_OUTER_BOUND('',#448,.T.);
#272=FACE_OUTER_BOUND('',#449,.T.);
#273=FACE_OUTER_BOUND('',#450,.T.);
#274=FACE_OUTER_BOUND('',#451,.T.);
#275=FACE_OUTER_BOUND('',#452,.T.);
#276=FACE_OUTER_BOUND('',#453,.T.);
#277=FACE_OUTER_BOUND('',#454,.T.);
#278=FACE_OUTER_BOUND('',#455,.T.);
#279=FACE_OUTER_BOUND('',#456,.T.);
#280=FACE_OUTER_BOUND('',#457,.T.);
#281=FACE_OUTER_BOUND('',#458,.T.);
#282=FACE_OUTER_BOUND('',#459,.T.);
#283=FACE_OUTER_BOUND('',#460,.T.);
#284=FACE_OUTER_BOUND('',#461,.T.);
#285=FACE_OUTER_BOUND('',#462,.T.);
#286=FACE_OUTER_BOUND('',#463,.T.);
#287=FACE_OUTER_BOUND('',#464,.T.);
#288=FACE_OUTER_BOUND('',#465,.T.);
#289=FACE_OUTER_BOUND('',#466,.T.);
#290=FACE_OUTER_BOUND('',#467,.T.);
#291=FACE_OUTER_BOUND('',#468,.T.);
#292=FACE_OUTER_BOUND('',#469,.T.);
#293=FACE_OUTER_BOUND('',#470,.T.);
#294=FACE_OUTER_BOUND('',#471,.T.);
#295=FACE_OUTER_BOUND('',#472,.T.);
#296=FACE_OUTER_BOUND('',#473,.T.);
#297=FACE_OUTER_BOUND('',#474,.T.);
#298=FACE_OUTER_BOUND('',#475,.T.);
#299=FACE_OUTER_BOUND('',#476,.T.);
#300=FACE_OUTER_BOUND('',#477,.T.);
#301=FACE_OUTER_BOUND('',#478,.T.);
#302=FACE_OUTER_BOUND('',#479,.T.);
#303=FACE_OUTER_BOUND('',#480,.T.);
#304=FACE_OUTER_BOUND('',#481,.T.);
#305=FACE_OUTER_BOUND('',#482,.T.);
#306=FACE_OUTER_BOUND('',#483,.T.);
#307=FACE_OUTER_BOUND('',#484,.T.);
#308=FACE_OUTER_BOUND('',#485,.T.);
#309=FACE_OUTER_BOUND('',#486,.T.);
#310=FACE_OUTER_BOUND('',#487,.T.);
#311=FACE_OUTER_BOUND('',#490,.T.);
#312=FACE_OUTER_BOUND('',#491,.T.);
#313=FACE_OUTER_BOUND('',#494,.T.);
#314=FACE_OUTER_BOUND('',#495,.T.);
#315=FACE_OUTER_BOUND('',#496,.T.);
#316=FACE_OUTER_BOUND('',#497,.T.);
#317=FACE_OUTER_BOUND('',#498,.T.);
#318=FACE_OUTER_BOUND('',#499,.T.);
#319=FACE_OUTER_BOUND('',#500,.T.);
#320=FACE_OUTER_BOUND('',#501,.T.);
#321=FACE_OUTER_BOUND('',#502,.T.);
#322=FACE_OUTER_BOUND('',#503,.T.);
#323=FACE_OUTER_BOUND('',#504,.T.);
#324=FACE_OUTER_BOUND('',#505,.T.);
#325=FACE_OUTER_BOUND('',#506,.T.);
#326=FACE_OUTER_BOUND('',#507,.T.);
#327=FACE_OUTER_BOUND('',#508,.T.);
#328=FACE_OUTER_BOUND('',#509,.T.);
#329=FACE_OUTER_BOUND('',#510,.T.);
#330=FACE_OUTER_BOUND('',#513,.T.);
#331=FACE_OUTER_BOUND('',#516,.T.);
#332=FACE_OUTER_BOUND('',#519,.T.);
#333=FACE_OUTER_BOUND('',#520,.T.);
#334=FACE_OUTER_BOUND('',#521,.T.);
#335=FACE_OUTER_BOUND('',#524,.T.);
#336=FACE_OUTER_BOUND('',#525,.T.);
#337=FACE_OUTER_BOUND('',#526,.T.);
#338=FACE_OUTER_BOUND('',#529,.T.);
#339=FACE_OUTER_BOUND('',#530,.T.);
#340=FACE_OUTER_BOUND('',#533,.T.);
#341=FACE_OUTER_BOUND('',#534,.T.);
#342=FACE_OUTER_BOUND('',#535,.T.);
#343=FACE_OUTER_BOUND('',#536,.T.);
#344=FACE_OUTER_BOUND('',#537,.T.);
#345=FACE_OUTER_BOUND('',#538,.T.);
#346=EDGE_LOOP('',(#2012,#2013,#2014,#2015));
#347=EDGE_LOOP('',(#2016));
#348=EDGE_LOOP('',(#2017,#2018,#2019,#2020));
#349=EDGE_LOOP('',(#2021));
#350=EDGE_LOOP('',(#2022,#2023,#2024,#2025));
#351=EDGE_LOOP('',(#2026));
#352=EDGE_LOOP('',(#2027,#2028,#2029,#2030));
#353=EDGE_LOOP('',(#2031));
#354=EDGE_LOOP('',(#2032,#2033,#2034,#2035));
#355=EDGE_LOOP('',(#2036,#2037,#2038,#2039));
#356=EDGE_LOOP('',(#2040,#2041,#2042,#2043));
#357=EDGE_LOOP('',(#2044,#2045,#2046,#2047,#2048,#2049,#2050,#2051));
#358=EDGE_LOOP('',(#2052,#2053,#2054,#2055));
#359=EDGE_LOOP('',(#2056,#2057,#2058,#2059));
#360=EDGE_LOOP('',(#2060,#2061,#2062,#2063));
#361=EDGE_LOOP('',(#2064,#2065,#2066,#2067,#2068,#2069,#2070,#2071));
#362=EDGE_LOOP('',(#2072,#2073,#2074,#2075,#2076,#2077));
#363=EDGE_LOOP('',(#2078,#2079,#2080,#2081));
#364=EDGE_LOOP('',(#2082,#2083,#2084,#2085));
#365=EDGE_LOOP('',(#2086,#2087,#2088,#2089,#2090,#2091));
#366=EDGE_LOOP('',(#2092,#2093,#2094,#2095));
#367=EDGE_LOOP('',(#2096,#2097,#2098,#2099));
#368=EDGE_LOOP('',(#2100,#2101,#2102,#2103));
#369=EDGE_LOOP('',(#2104,#2105,#2106,#2107));
#370=EDGE_LOOP('',(#2108,#2109,#2110,#2111));
#371=EDGE_LOOP('',(#2112,#2113,#2114,#2115));
#372=EDGE_LOOP('',(#2116,#2117,#2118,#2119));
#373=EDGE_LOOP('',(#2120,#2121,#2122,#2123));
#374=EDGE_LOOP('',(#2124,#2125,#2126,#2127,#2128,#2129,#2130,#2131,#2132,
#2133,#2134,#2135,#2136,#2137,#2138,#2139,#2140,#2141,#2142,#2143,#2144,
#2145,#2146,#2147,#2148,#2149,#2150,#2151,#2152,#2153,#2154,#2155,#2156,
#2157,#2158,#2159,#2160,#2161,#2162,#2163,#2164,#2165,#2166,#2167));
#375=EDGE_LOOP('',(#2168));
#376=EDGE_LOOP('',(#2169));
#377=EDGE_LOOP('',(#2170));
#378=EDGE_LOOP('',(#2171));
#379=EDGE_LOOP('',(#2172,#2173,#2174,#2175));
#380=EDGE_LOOP('',(#2176,#2177,#2178,#2179));
#381=EDGE_LOOP('',(#2180,#2181,#2182,#2183));
#382=EDGE_LOOP('',(#2184,#2185,#2186,#2187));
#383=EDGE_LOOP('',(#2188,#2189,#2190,#2191));
#384=EDGE_LOOP('',(#2192,#2193,#2194,#2195));
#385=EDGE_LOOP('',(#2196,#2197,#2198,#2199));
#386=EDGE_LOOP('',(#2200,#2201,#2202,#2203));
#387=EDGE_LOOP('',(#2204,#2205,#2206,#2207));
#388=EDGE_LOOP('',(#2208,#2209,#2210,#2211));
#389=EDGE_LOOP('',(#2212,#2213,#2214,#2215));
#390=EDGE_LOOP('',(#2216,#2217,#2218,#2219));
#391=EDGE_LOOP('',(#2220,#2221,#2222,#2223));
#392=EDGE_LOOP('',(#2224,#2225,#2226,#2227));
#393=EDGE_LOOP('',(#2228,#2229,#2230,#2231));
#394=EDGE_LOOP('',(#2232,#2233,#2234,#2235));
#395=EDGE_LOOP('',(#2236,#2237,#2238,#2239));
#396=EDGE_LOOP('',(#2240,#2241,#2242,#2243));
#397=EDGE_LOOP('',(#2244,#2245,#2246,#2247));
#398=EDGE_LOOP('',(#2248,#2249,#2250,#2251));
#399=EDGE_LOOP('',(#2252,#2253,#2254,#2255));
#400=EDGE_LOOP('',(#2256,#2257,#2258,#2259));
#401=EDGE_LOOP('',(#2260,#2261,#2262,#2263));
#402=EDGE_LOOP('',(#2264,#2265,#2266,#2267));
#403=EDGE_LOOP('',(#2268,#2269,#2270,#2271));
#404=EDGE_LOOP('',(#2272,#2273,#2274,#2275,#2276,#2277,#2278,#2279,#2280,
#2281,#2282,#2283));
#405=EDGE_LOOP('',(#2284,#2285,#2286,#2287,#2288,#2289,#2290,#2291,#2292,
#2293,#2294,#2295));
#406=EDGE_LOOP('',(#2296,#2297,#2298,#2299));
#407=EDGE_LOOP('',(#2300));
#408=EDGE_LOOP('',(#2301,#2302,#2303,#2304));
#409=EDGE_LOOP('',(#2305));
#410=EDGE_LOOP('',(#2306,#2307,#2308,#2309));
#411=EDGE_LOOP('',(#2310));
#412=EDGE_LOOP('',(#2311,#2312,#2313,#2314));
#413=EDGE_LOOP('',(#2315));
#414=EDGE_LOOP('',(#2316,#2317,#2318,#2319));
#415=EDGE_LOOP('',(#2320));
#416=EDGE_LOOP('',(#2321,#2322,#2323,#2324));
#417=EDGE_LOOP('',(#2325));
#418=EDGE_LOOP('',(#2326,#2327,#2328,#2329));
#419=EDGE_LOOP('',(#2330));
#420=EDGE_LOOP('',(#2331,#2332,#2333,#2334));
#421=EDGE_LOOP('',(#2335));
#422=EDGE_LOOP('',(#2336,#2337,#2338,#2339));
#423=EDGE_LOOP('',(#2340,#2341,#2342,#2343));
#424=EDGE_LOOP('',(#2344,#2345,#2346,#2347,#2348,#2349,#2350,#2351));
#425=EDGE_LOOP('',(#2352,#2353,#2354,#2355));
#426=EDGE_LOOP('',(#2356,#2357,#2358,#2359));
#427=EDGE_LOOP('',(#2360,#2361,#2362,#2363,#2364,#2365));
#428=EDGE_LOOP('',(#2366,#2367,#2368,#2369,#2370,#2371));
#429=EDGE_LOOP('',(#2372,#2373,#2374,#2375,#2376,#2377));
#430=EDGE_LOOP('',(#2378,#2379,#2380,#2381));
#431=EDGE_LOOP('',(#2382,#2383,#2384,#2385));
#432=EDGE_LOOP('',(#2386,#2387,#2388,#2389,#2390));
#433=EDGE_LOOP('',(#2391,#2392,#2393,#2394));
#434=EDGE_LOOP('',(#2395,#2396,#2397,#2398,#2399,#2400));
#435=EDGE_LOOP('',(#2401,#2402,#2403,#2404));
#436=EDGE_LOOP('',(#2405,#2406,#2407,#2408));
#437=EDGE_LOOP('',(#2409,#2410,#2411,#2412));
#438=EDGE_LOOP('',(#2413,#2414,#2415,#2416));
#439=EDGE_LOOP('',(#2417,#2418,#2419,#2420));
#440=EDGE_LOOP('',(#2421,#2422,#2423,#2424));
#441=EDGE_LOOP('',(#2425,#2426,#2427,#2428));
#442=EDGE_LOOP('',(#2429,#2430,#2431,#2432));
#443=EDGE_LOOP('',(#2433,#2434,#2435,#2436));
#444=EDGE_LOOP('',(#2437,#2438,#2439,#2440));
#445=EDGE_LOOP('',(#2441,#2442,#2443,#2444));
#446=EDGE_LOOP('',(#2445,#2446,#2447,#2448));
#447=EDGE_LOOP('',(#2449,#2450,#2451,#2452,#2453,#2454,#2455,#2456));
#448=EDGE_LOOP('',(#2457,#2458,#2459,#2460));
#449=EDGE_LOOP('',(#2461,#2462,#2463,#2464));
#450=EDGE_LOOP('',(#2465,#2466,#2467,#2468,#2469,#2470));
#451=EDGE_LOOP('',(#2471,#2472,#2473,#2474,#2475,#2476));
#452=EDGE_LOOP('',(#2477,#2478,#2479,#2480,#2481,#2482));
#453=EDGE_LOOP('',(#2483,#2484,#2485,#2486));
#454=EDGE_LOOP('',(#2487,#2488,#2489,#2490));
#455=EDGE_LOOP('',(#2491,#2492,#2493,#2494,#2495));
#456=EDGE_LOOP('',(#2496,#2497,#2498,#2499));
#457=EDGE_LOOP('',(#2500,#2501,#2502,#2503,#2504,#2505));
#458=EDGE_LOOP('',(#2506,#2507,#2508,#2509));
#459=EDGE_LOOP('',(#2510,#2511,#2512,#2513));
#460=EDGE_LOOP('',(#2514,#2515,#2516,#2517));
#461=EDGE_LOOP('',(#2518,#2519,#2520,#2521));
#462=EDGE_LOOP('',(#2522,#2523,#2524,#2525));
#463=EDGE_LOOP('',(#2526,#2527,#2528,#2529));
#464=EDGE_LOOP('',(#2530,#2531,#2532,#2533));
#465=EDGE_LOOP('',(#2534,#2535,#2536,#2537));
#466=EDGE_LOOP('',(#2538,#2539,#2540,#2541));
#467=EDGE_LOOP('',(#2542,#2543,#2544,#2545));
#468=EDGE_LOOP('',(#2546,#2547,#2548,#2549,#2550,#2551,#2552,#2553,#2554,
#2555));
#469=EDGE_LOOP('',(#2556,#2557,#2558,#2559));
#470=EDGE_LOOP('',(#2560,#2561,#2562,#2563));
#471=EDGE_LOOP('',(#2564,#2565,#2566,#2567));
#472=EDGE_LOOP('',(#2568,#2569,#2570,#2571));
#473=EDGE_LOOP('',(#2572,#2573,#2574,#2575));
#474=EDGE_LOOP('',(#2576,#2577,#2578,#2579));
#475=EDGE_LOOP('',(#2580,#2581,#2582,#2583));
#476=EDGE_LOOP('',(#2584,#2585,#2586,#2587));
#477=EDGE_LOOP('',(#2588,#2589,#2590,#2591));
#478=EDGE_LOOP('',(#2592,#2593,#2594,#2595));
#479=EDGE_LOOP('',(#2596,#2597,#2598,#2599));
#480=EDGE_LOOP('',(#2600,#2601,#2602,#2603));
#481=EDGE_LOOP('',(#2604,#2605,#2606,#2607));
#482=EDGE_LOOP('',(#2608,#2609,#2610,#2611));
#483=EDGE_LOOP('',(#2612,#2613,#2614,#2615));
#484=EDGE_LOOP('',(#2616,#2617,#2618,#2619));
#485=EDGE_LOOP('',(#2620,#2621,#2622,#2623));
#486=EDGE_LOOP('',(#2624,#2625,#2626,#2627));
#487=EDGE_LOOP('',(#2628,#2629,#2630,#2631,#2632,#2633,#2634,#2635,#2636,
#2637,#2638,#2639,#2640,#2641,#2642,#2643));
#488=EDGE_LOOP('',(#2644));
#489=EDGE_LOOP('',(#2645));
#490=EDGE_LOOP('',(#2646,#2647,#2648,#2649));
#491=EDGE_LOOP('',(#2650,#2651,#2652,#2653,#2654,#2655,#2656,#2657,#2658,
#2659,#2660,#2661,#2662,#2663,#2664,#2665));
#492=EDGE_LOOP('',(#2666));
#493=EDGE_LOOP('',(#2667));
#494=EDGE_LOOP('',(#2668,#2669,#2670,#2671));
#495=EDGE_LOOP('',(#2672,#2673,#2674,#2675));
#496=EDGE_LOOP('',(#2676,#2677,#2678,#2679));
#497=EDGE_LOOP('',(#2680,#2681,#2682,#2683));
#498=EDGE_LOOP('',(#2684,#2685,#2686,#2687));
#499=EDGE_LOOP('',(#2688,#2689,#2690,#2691));
#500=EDGE_LOOP('',(#2692,#2693,#2694,#2695));
#501=EDGE_LOOP('',(#2696,#2697,#2698,#2699));
#502=EDGE_LOOP('',(#2700,#2701,#2702,#2703));
#503=EDGE_LOOP('',(#2704,#2705,#2706,#2707));
#504=EDGE_LOOP('',(#2708,#2709,#2710,#2711));
#505=EDGE_LOOP('',(#2712,#2713,#2714,#2715));
#506=EDGE_LOOP('',(#2716,#2717,#2718,#2719));
#507=EDGE_LOOP('',(#2720,#2721,#2722,#2723));
#508=EDGE_LOOP('',(#2724,#2725,#2726,#2727));
#509=EDGE_LOOP('',(#2728,#2729,#2730,#2731));
#510=EDGE_LOOP('',(#2732,#2733,#2734,#2735,#2736,#2737,#2738,#2739,#2740));
#511=EDGE_LOOP('',(#2741));
#512=EDGE_LOOP('',(#2742));
#513=EDGE_LOOP('',(#2743,#2744,#2745,#2746,#2747,#2748,#2749,#2750,#2751));
#514=EDGE_LOOP('',(#2752));
#515=EDGE_LOOP('',(#2753));
#516=EDGE_LOOP('',(#2754,#2755,#2756,#2757,#2758,#2759,#2760,#2761,#2762));
#517=EDGE_LOOP('',(#2763));
#518=EDGE_LOOP('',(#2764));
#519=EDGE_LOOP('',(#2765,#2766,#2767,#2768));
#520=EDGE_LOOP('',(#2769,#2770,#2771,#2772));
#521=EDGE_LOOP('',(#2773,#2774,#2775,#2776,#2777,#2778,#2779,#2780,#2781));
#522=EDGE_LOOP('',(#2782));
#523=EDGE_LOOP('',(#2783));
#524=EDGE_LOOP('',(#2784,#2785,#2786,#2787));
#525=EDGE_LOOP('',(#2788,#2789,#2790,#2791));
#526=EDGE_LOOP('',(#2792,#2793,#2794,#2795,#2796,#2797,#2798,#2799,#2800));
#527=EDGE_LOOP('',(#2801));
#528=EDGE_LOOP('',(#2802));
#529=EDGE_LOOP('',(#2803,#2804,#2805,#2806));
#530=EDGE_LOOP('',(#2807,#2808,#2809,#2810,#2811,#2812,#2813,#2814,#2815));
#531=EDGE_LOOP('',(#2816));
#532=EDGE_LOOP('',(#2817));
#533=EDGE_LOOP('',(#2818,#2819,#2820,#2821));
#534=EDGE_LOOP('',(#2822,#2823,#2824,#2825));
#535=EDGE_LOOP('',(#2826,#2827,#2828,#2829,#2830,#2831,#2832,#2833,#2834,
#2835));
#536=EDGE_LOOP('',(#2836,#2837,#2838,#2839));
#537=EDGE_LOOP('',(#2840,#2841,#2842,#2843,#2844,#2845,#2846,#2847,#2848,
#2849));
#538=EDGE_LOOP('',(#2850,#2851,#2852,#2853,#2854,#2855,#2856,#2857,#2858,
#2859,#2860,#2861,#2862,#2863));
#539=EDGE_LOOP('',(#2864,#2865,#2866,#2867));
#540=LINE('',#4178,#894);
#541=LINE('',#4185,#895);
#542=LINE('',#4192,#896);
#543=LINE('',#4199,#897);
#544=LINE('',#4207,#898);
#545=LINE('',#4210,#899);
#546=LINE('',#4213,#900);
#547=LINE('',#4215,#901);
#548=LINE('',#4217,#902);
#549=LINE('',#4218,#903);
#550=LINE('',#4224,#904);
#551=LINE('',#4227,#905);
#552=LINE('',#4229,#906);
#553=LINE('',#4231,#907);
#554=LINE('',#4233,#908);
#555=LINE('',#4235,#909);
#556=LINE('',#4237,#910);
#557=LINE('',#4238,#911);
#558=LINE('',#4244,#912);
#559=LINE('',#4247,#913);
#560=LINE('',#4250,#914);
#561=LINE('',#4252,#915);
#562=LINE('',#4254,#916);
#563=LINE('',#4255,#917);
#564=LINE('',#4261,#918);
#565=LINE('',#4264,#919);
#566=LINE('',#4266,#920);
#567=LINE('',#4268,#921);
#568=LINE('',#4270,#922);
#569=LINE('',#4272,#923);
#570=LINE('',#4274,#924);
#571=LINE('',#4275,#925);
#572=LINE('',#4281,#926);
#573=LINE('',#4285,#927);
#574=LINE('',#4288,#928);
#575=LINE('',#4294,#929);
#576=LINE('',#4297,#930);
#577=LINE('',#4300,#931);
#578=LINE('',#4302,#932);
#579=LINE('',#4303,#933);
#580=LINE('',#4309,#934);
#581=LINE('',#4313,#935);
#582=LINE('',#4316,#936);
#583=LINE('',#4322,#937);
#584=LINE('',#4325,#938);
#585=LINE('',#4328,#939);
#586=LINE('',#4330,#940);
#587=LINE('',#4331,#941);
#588=LINE('',#4335,#942);
#589=LINE('',#4339,#943);
#590=LINE('',#4343,#944);
#591=LINE('',#4345,#945);
#592=LINE('',#4349,#946);
#593=LINE('',#4351,#947);
#594=LINE('',#4354,#948);
#595=LINE('',#4355,#949);
#596=LINE('',#4358,#950);
#597=LINE('',#4360,#951);
#598=LINE('',#4361,#952);
#599=LINE('',#4364,#953);
#600=LINE('',#4365,#954);
#601=LINE('',#4369,#955);
#602=LINE('',#4370,#956);
#603=LINE('',#4372,#957);
#604=LINE('',#4374,#958);
#605=LINE('',#4375,#959);
#606=LINE('',#4377,#960);
#607=LINE('',#4379,#961);
#608=LINE('',#4381,#962);
#609=LINE('',#4383,#963);
#610=LINE('',#4385,#964);
#611=LINE('',#4387,#965);
#612=LINE('',#4389,#966);
#613=LINE('',#4391,#967);
#614=LINE('',#4393,#968);
#615=LINE('',#4395,#969);
#616=LINE('',#4397,#970);
#617=LINE('',#4399,#971);
#618=LINE('',#4401,#972);
#619=LINE('',#4403,#973);
#620=LINE('',#4405,#974);
#621=LINE('',#4406,#975);
#622=LINE('',#4408,#976);
#623=LINE('',#4410,#977);
#624=LINE('',#4411,#978);
#625=LINE('',#4413,#979);
#626=LINE('',#4415,#980);
#627=LINE('',#4417,#981);
#628=LINE('',#4419,#982);
#629=LINE('',#4421,#983);
#630=LINE('',#4423,#984);
#631=LINE('',#4425,#985);
#632=LINE('',#4427,#986);
#633=LINE('',#4429,#987);
#634=LINE('',#4430,#988);
#635=LINE('',#4433,#989);
#636=LINE('',#4435,#990);
#637=LINE('',#4437,#991);
#638=LINE('',#4438,#992);
#639=LINE('',#4441,#993);
#640=LINE('',#4443,#994);
#641=LINE('',#4445,#995);
#642=LINE('',#4446,#996);
#643=LINE('',#4449,#997);
#644=LINE('',#4451,#998);
#645=LINE('',#4453,#999);
#646=LINE('',#4454,#1000);
#647=LINE('',#4459,#1001);
#648=LINE('',#4463,#1002);
#649=LINE('',#4467,#1003);
#650=LINE('',#4470,#1004);
#651=LINE('',#4473,#1005);
#652=LINE('',#4475,#1006);
#653=LINE('',#4476,#1007);
#654=LINE('',#4479,#1008);
#655=LINE('',#4480,#1009);
#656=LINE('',#4485,#1010);
#657=LINE('',#4489,#1011);
#658=LINE('',#4493,#1012);
#659=LINE('',#4496,#1013);
#660=LINE('',#4499,#1014);
#661=LINE('',#4501,#1015);
#662=LINE('',#4502,#1016);
#663=LINE('',#4505,#1017);
#664=LINE('',#4506,#1018);
#665=LINE('',#4510,#1019);
#666=LINE('',#4515,#1020);
#667=LINE('',#4519,#1021);
#668=LINE('',#4522,#1022);
#669=LINE('',#4525,#1023);
#670=LINE('',#4527,#1024);
#671=LINE('',#4528,#1025);
#672=LINE('',#4531,#1026);
#673=LINE('',#4532,#1027);
#674=LINE('',#4536,#1028);
#675=LINE('',#4538,#1029);
#676=LINE('',#4540,#1030);
#677=LINE('',#4541,#1031);
#678=LINE('',#4545,#1032);
#679=LINE('',#4547,#1033);
#680=LINE('',#4549,#1034);
#681=LINE('',#4550,#1035);
#682=LINE('',#4552,#1036);
#683=LINE('',#4553,#1037);
#684=LINE('',#4556,#1038);
#685=LINE('',#4558,#1039);
#686=LINE('',#4560,#1040);
#687=LINE('',#4561,#1041);
#688=LINE('',#4563,#1042);
#689=LINE('',#4565,#1043);
#690=LINE('',#4567,#1044);
#691=LINE('',#4568,#1045);
#692=LINE('',#4571,#1046);
#693=LINE('',#4573,#1047);
#694=LINE('',#4575,#1048);
#695=LINE('',#4576,#1049);
#696=LINE('',#4578,#1050);
#697=LINE('',#4580,#1051);
#698=LINE('',#4582,#1052);
#699=LINE('',#4583,#1053);
#700=LINE('',#4588,#1054);
#701=LINE('',#4595,#1055);
#702=LINE('',#4602,#1056);
#703=LINE('',#4609,#1057);
#704=LINE('',#4614,#1058);
#705=LINE('',#4615,#1059);
#706=LINE('',#4618,#1060);
#707=LINE('',#4619,#1061);
#708=LINE('',#4622,#1062);
#709=LINE('',#4623,#1063);
#710=LINE('',#4626,#1064);
#711=LINE('',#4627,#1065);
#712=LINE('',#4629,#1066);
#713=LINE('',#4634,#1067);
#714=LINE('',#4636,#1068);
#715=LINE('',#4638,#1069);
#716=LINE('',#4640,#1070);
#717=LINE('',#4642,#1071);
#718=LINE('',#4644,#1072);
#719=LINE('',#4646,#1073);
#720=LINE('',#4647,#1074);
#721=LINE('',#4650,#1075);
#722=LINE('',#4652,#1076);
#723=LINE('',#4653,#1077);
#724=LINE('',#4656,#1078);
#725=LINE('',#4658,#1079);
#726=LINE('',#4659,#1080);
#727=LINE('',#4662,#1081);
#728=LINE('',#4664,#1082);
#729=LINE('',#4665,#1083);
#730=LINE('',#4666,#1084);
#731=LINE('',#4668,#1085);
#732=LINE('',#4669,#1086);
#733=LINE('',#4671,#1087);
#734=LINE('',#4673,#1088);
#735=LINE('',#4675,#1089);
#736=LINE('',#4676,#1090);
#737=LINE('',#4679,#1091);
#738=LINE('',#4680,#1092);
#739=LINE('',#4683,#1093);
#740=LINE('',#4684,#1094);
#741=LINE('',#4686,#1095);
#742=LINE('',#4687,#1096);
#743=LINE('',#4690,#1097);
#744=LINE('',#4691,#1098);
#745=LINE('',#4693,#1099);
#746=LINE('',#4695,#1100);
#747=LINE('',#4699,#1101);
#748=LINE('',#4700,#1102);
#749=LINE('',#4703,#1103);
#750=LINE('',#4704,#1104);
#751=LINE('',#4706,#1105);
#752=LINE('',#4710,#1106);
#753=LINE('',#4711,#1107);
#754=LINE('',#4714,#1108);
#755=LINE('',#4715,#1109);
#756=LINE('',#4717,#1110);
#757=LINE('',#4720,#1111);
#758=LINE('',#4725,#1112);
#759=LINE('',#4727,#1113);
#760=LINE('',#4729,#1114);
#761=LINE('',#4731,#1115);
#762=LINE('',#4733,#1116);
#763=LINE('',#4735,#1117);
#764=LINE('',#4737,#1118);
#765=LINE('',#4738,#1119);
#766=LINE('',#4741,#1120);
#767=LINE('',#4743,#1121);
#768=LINE('',#4744,#1122);
#769=LINE('',#4747,#1123);
#770=LINE('',#4749,#1124);
#771=LINE('',#4750,#1125);
#772=LINE('',#4753,#1126);
#773=LINE('',#4755,#1127);
#774=LINE('',#4756,#1128);
#775=LINE('',#4757,#1129);
#776=LINE('',#4759,#1130);
#777=LINE('',#4760,#1131);
#778=LINE('',#4762,#1132);
#779=LINE('',#4764,#1133);
#780=LINE('',#4766,#1134);
#781=LINE('',#4767,#1135);
#782=LINE('',#4770,#1136);
#783=LINE('',#4771,#1137);
#784=LINE('',#4774,#1138);
#785=LINE('',#4775,#1139);
#786=LINE('',#4777,#1140);
#787=LINE('',#4778,#1141);
#788=LINE('',#4781,#1142);
#789=LINE('',#4782,#1143);
#790=LINE('',#4784,#1144);
#791=LINE('',#4786,#1145);
#792=LINE('',#4790,#1146);
#793=LINE('',#4791,#1147);
#794=LINE('',#4795,#1148);
#795=LINE('',#4797,#1149);
#796=LINE('',#4799,#1150);
#797=LINE('',#4800,#1151);
#798=LINE('',#4802,#1152);
#799=LINE('',#4803,#1153);
#800=LINE('',#4806,#1154);
#801=LINE('',#4807,#1155);
#802=LINE('',#4810,#1156);
#803=LINE('',#4811,#1157);
#804=LINE('',#4814,#1158);
#805=LINE('',#4816,#1159);
#806=LINE('',#4817,#1160);
#807=LINE('',#4821,#1161);
#808=LINE('',#4823,#1162);
#809=LINE('',#4825,#1163);
#810=LINE('',#4826,#1164);
#811=LINE('',#4828,#1165);
#812=LINE('',#4829,#1166);
#813=LINE('',#4831,#1167);
#814=LINE('',#4832,#1168);
#815=LINE('',#4835,#1169);
#816=LINE('',#4836,#1170);
#817=LINE('',#4839,#1171);
#818=LINE('',#4841,#1172);
#819=LINE('',#4842,#1173);
#820=LINE('',#4845,#1174);
#821=LINE('',#4846,#1175);
#822=LINE('',#4850,#1176);
#823=LINE('',#4852,#1177);
#824=LINE('',#4854,#1178);
#825=LINE('',#4855,#1179);
#826=LINE('',#4858,#1180);
#827=LINE('',#4860,#1181);
#828=LINE('',#4861,#1182);
#829=LINE('',#4864,#1183);
#830=LINE('',#4866,#1184);
#831=LINE('',#4867,#1185);
#832=LINE('',#4869,#1186);
#833=LINE('',#4870,#1187);
#834=LINE('',#4874,#1188);
#835=LINE('',#4876,#1189);
#836=LINE('',#4877,#1190);
#837=LINE('',#4880,#1191);
#838=LINE('',#4881,#1192);
#839=LINE('',#4884,#1193);
#840=LINE('',#4885,#1194);
#841=LINE('',#4887,#1195);
#842=LINE('',#4890,#1196);
#843=LINE('',#4891,#1197);
#844=LINE('',#4893,#1198);
#845=LINE('',#4895,#1199);
#846=LINE('',#4898,#1200);
#847=LINE('',#4900,#1201);
#848=LINE('',#4901,#1202);
#849=LINE('',#4904,#1203);
#850=LINE('',#4907,#1204);
#851=LINE('',#4910,#1205);
#852=LINE('',#4916,#1206);
#853=LINE('',#4919,#1207);
#854=LINE('',#4922,#1208);
#855=LINE('',#4929,#1209);
#856=LINE('',#4932,#1210);
#857=LINE('',#4936,#1211);
#858=LINE('',#4940,#1212);
#859=LINE('',#4945,#1213);
#860=LINE('',#4950,#1214);
#861=LINE('',#4956,#1215);
#862=LINE('',#4960,#1216);
#863=LINE('',#4965,#1217);
#864=LINE('',#4970,#1218);
#865=LINE('',#4974,#1219);
#866=LINE('',#4977,#1220);
#867=LINE('',#4981,#1221);
#868=LINE('',#4985,#1222);
#869=LINE('',#4991,#1223);
#870=LINE('',#4995,#1224);
#871=LINE('',#4998,#1225);
#872=LINE('',#5001,#1226);
#873=LINE('',#5003,#1227);
#874=LINE('',#5004,#1228);
#875=LINE('',#5007,#1229);
#876=LINE('',#5009,#1230);
#877=LINE('',#5010,#1231);
#878=LINE('',#5012,#1232);
#879=LINE('',#5014,#1233);
#880=LINE('',#5015,#1234);
#881=LINE('',#5017,#1235);
#882=LINE('',#5018,#1236);
#883=LINE('',#5020,#1237);
#884=LINE('',#5021,#1238);
#885=LINE('',#5024,#1239);
#886=LINE('',#5026,#1240);
#887=LINE('',#5029,#1241);
#888=LINE('',#5031,#1242);
#889=LINE('',#5034,#1243);
#890=LINE('',#5035,#1244);
#891=LINE('',#5038,#1245);
#892=LINE('',#5041,#1246);
#893=LINE('',#5043,#1247);
#894=VECTOR('',#3345,0.650000000000001);
#895=VECTOR('',#3354,1.);
#896=VECTOR('',#3363,0.649999999999998);
#897=VECTOR('',#3372,1.);
#898=VECTOR('',#3381,10.);
#899=VECTOR('',#3384,10.);
#900=VECTOR('',#3387,10.);
#901=VECTOR('',#3388,10.);
#902=VECTOR('',#3389,10.);
#903=VECTOR('',#3390,10.);
#904=VECTOR('',#3395,10.);
#905=VECTOR('',#3398,10.);
#906=VECTOR('',#3401,10.);
#907=VECTOR('',#3402,10.);
#908=VECTOR('',#3403,10.);
#909=VECTOR('',#3404,10.);
#910=VECTOR('',#3405,10.);
#911=VECTOR('',#3406,10.);
#912=VECTOR('',#3411,10.);
#913=VECTOR('',#3414,10.);
#914=VECTOR('',#3417,10.);
#915=VECTOR('',#3418,10.);
#916=VECTOR('',#3419,10.);
#917=VECTOR('',#3420,10.);
#918=VECTOR('',#3425,10.);
#919=VECTOR('',#3428,10.);
#920=VECTOR('',#3431,10.);
#921=VECTOR('',#3432,10.);
#922=VECTOR('',#3433,10.);
#923=VECTOR('',#3434,10.);
#924=VECTOR('',#3435,10.);
#925=VECTOR('',#3436,10.);
#926=VECTOR('',#3441,10.);
#927=VECTOR('',#3444,10.);
#928=VECTOR('',#3447,10.);
#929=VECTOR('',#3452,10.);
#930=VECTOR('',#3455,10.);
#931=VECTOR('',#3458,10.);
#932=VECTOR('',#3459,10.);
#933=VECTOR('',#3460,10.);
#934=VECTOR('',#3465,10.);
#935=VECTOR('',#3468,10.);
#936=VECTOR('',#3471,10.);
#937=VECTOR('',#3476,10.);
#938=VECTOR('',#3479,10.);
#939=VECTOR('',#3482,10.);
#940=VECTOR('',#3483,10.);
#941=VECTOR('',#3484,10.);
#942=VECTOR('',#3487,10.);
#943=VECTOR('',#3490,10.);
#944=VECTOR('',#3495,10.);
#945=VECTOR('',#3496,10.);
#946=VECTOR('',#3501,10.);
#947=VECTOR('',#3502,10.);
#948=VECTOR('',#3507,10.);
#949=VECTOR('',#3508,10.);
#950=VECTOR('',#3511,10.);
#951=VECTOR('',#3512,10.);
#952=VECTOR('',#3513,10.);
#953=VECTOR('',#3516,10.);
#954=VECTOR('',#3517,10.);
#955=VECTOR('',#3520,10.);
#956=VECTOR('',#3521,10.);
#957=VECTOR('',#3522,10.);
#958=VECTOR('',#3523,10.);
#959=VECTOR('',#3524,10.);
#960=VECTOR('',#3525,10.);
#961=VECTOR('',#3526,10.);
#962=VECTOR('',#3527,10.);
#963=VECTOR('',#3528,10.);
#964=VECTOR('',#3529,10.);
#965=VECTOR('',#3530,10.);
#966=VECTOR('',#3531,10.);
#967=VECTOR('',#3532,10.);
#968=VECTOR('',#3533,10.);
#969=VECTOR('',#3534,10.);
#970=VECTOR('',#3535,10.);
#971=VECTOR('',#3536,10.);
#972=VECTOR('',#3537,10.);
#973=VECTOR('',#3538,10.);
#974=VECTOR('',#3539,10.);
#975=VECTOR('',#3540,10.);
#976=VECTOR('',#3541,10.);
#977=VECTOR('',#3542,10.);
#978=VECTOR('',#3543,10.);
#979=VECTOR('',#3544,10.);
#980=VECTOR('',#3545,10.);
#981=VECTOR('',#3546,10.);
#982=VECTOR('',#3547,10.);
#983=VECTOR('',#3548,10.);
#984=VECTOR('',#3549,10.);
#985=VECTOR('',#3550,10.);
#986=VECTOR('',#3551,10.);
#987=VECTOR('',#3552,10.);
#988=VECTOR('',#3553,10.);
#989=VECTOR('',#3554,10.);
#990=VECTOR('',#3555,10.);
#991=VECTOR('',#3556,10.);
#992=VECTOR('',#3557,10.);
#993=VECTOR('',#3558,10.);
#994=VECTOR('',#3559,10.);
#995=VECTOR('',#3560,10.);
#996=VECTOR('',#3561,10.);
#997=VECTOR('',#3562,10.);
#998=VECTOR('',#3563,10.);
#999=VECTOR('',#3564,10.);
#1000=VECTOR('',#3565,10.);
#1001=VECTOR('',#3570,10.);
#1002=VECTOR('',#3575,10.);
#1003=VECTOR('',#3580,10.);
#1004=VECTOR('',#3585,10.);
#1005=VECTOR('',#3588,10.);
#1006=VECTOR('',#3589,10.);
#1007=VECTOR('',#3590,10.);
#1008=VECTOR('',#3593,10.);
#1009=VECTOR('',#3594,10.);
#1010=VECTOR('',#3599,10.);
#1011=VECTOR('',#3604,10.);
#1012=VECTOR('',#3609,10.);
#1013=VECTOR('',#3614,10.);
#1014=VECTOR('',#3617,10.);
#1015=VECTOR('',#3618,10.);
#1016=VECTOR('',#3619,10.);
#1017=VECTOR('',#3622,10.);
#1018=VECTOR('',#3623,10.);
#1019=VECTOR('',#3626,10.);
#1020=VECTOR('',#3633,10.);
#1021=VECTOR('',#3638,10.);
#1022=VECTOR('',#3643,10.);
#1023=VECTOR('',#3646,10.);
#1024=VECTOR('',#3647,10.);
#1025=VECTOR('',#3648,10.);
#1026=VECTOR('',#3651,10.);
#1027=VECTOR('',#3652,10.);
#1028=VECTOR('',#3655,10.);
#1029=VECTOR('',#3656,10.);
#1030=VECTOR('',#3657,10.);
#1031=VECTOR('',#3658,10.);
#1032=VECTOR('',#3661,10.);
#1033=VECTOR('',#3662,10.);
#1034=VECTOR('',#3663,10.);
#1035=VECTOR('',#3664,10.);
#1036=VECTOR('',#3667,10.);
#1037=VECTOR('',#3668,10.);
#1038=VECTOR('',#3671,10.);
#1039=VECTOR('',#3672,10.);
#1040=VECTOR('',#3673,10.);
#1041=VECTOR('',#3674,10.);
#1042=VECTOR('',#3675,10.);
#1043=VECTOR('',#3676,10.);
#1044=VECTOR('',#3677,10.);
#1045=VECTOR('',#3678,10.);
#1046=VECTOR('',#3681,10.);
#1047=VECTOR('',#3682,10.);
#1048=VECTOR('',#3683,10.);
#1049=VECTOR('',#3684,10.);
#1050=VECTOR('',#3685,10.);
#1051=VECTOR('',#3686,10.);
#1052=VECTOR('',#3687,10.);
#1053=VECTOR('',#3688,10.);
#1054=VECTOR('',#3693,1.5);
#1055=VECTOR('',#3702,1.5);
#1056=VECTOR('',#3711,1.5);
#1057=VECTOR('',#3720,1.5);
#1058=VECTOR('',#3727,10.);
#1059=VECTOR('',#3728,10.);
#1060=VECTOR('',#3731,10.);
#1061=VECTOR('',#3732,10.);
#1062=VECTOR('',#3735,10.);
#1063=VECTOR('',#3736,10.);
#1064=VECTOR('',#3739,10.);
#1065=VECTOR('',#3740,10.);
#1066=VECTOR('',#3743,10.);
#1067=VECTOR('',#3748,10.);
#1068=VECTOR('',#3749,10.);
#1069=VECTOR('',#3750,10.);
#1070=VECTOR('',#3751,10.);
#1071=VECTOR('',#3752,10.);
#1072=VECTOR('',#3753,10.);
#1073=VECTOR('',#3754,10.);
#1074=VECTOR('',#3755,10.);
#1075=VECTOR('',#3758,10.);
#1076=VECTOR('',#3759,10.);
#1077=VECTOR('',#3760,10.);
#1078=VECTOR('',#3763,10.);
#1079=VECTOR('',#3764,10.);
#1080=VECTOR('',#3765,10.);
#1081=VECTOR('',#3768,10.);
#1082=VECTOR('',#3769,10.);
#1083=VECTOR('',#3770,10.);
#1084=VECTOR('',#3771,10.);
#1085=VECTOR('',#3774,10.);
#1086=VECTOR('',#3775,10.);
#1087=VECTOR('',#3778,10.);
#1088=VECTOR('',#3779,10.);
#1089=VECTOR('',#3780,10.);
#1090=VECTOR('',#3781,10.);
#1091=VECTOR('',#3784,10.);
#1092=VECTOR('',#3785,10.);
#1093=VECTOR('',#3788,10.);
#1094=VECTOR('',#3789,10.);
#1095=VECTOR('',#3792,10.);
#1096=VECTOR('',#3793,10.);
#1097=VECTOR('',#3796,10.);
#1098=VECTOR('',#3797,10.);
#1099=VECTOR('',#3800,10.);
#1100=VECTOR('',#3803,10.);
#1101=VECTOR('',#3808,10.);
#1102=VECTOR('',#3809,10.);
#1103=VECTOR('',#3812,10.);
#1104=VECTOR('',#3813,10.);
#1105=VECTOR('',#3816,10.);
#1106=VECTOR('',#3821,10.);
#1107=VECTOR('',#3822,10.);
#1108=VECTOR('',#3825,10.);
#1109=VECTOR('',#3826,10.);
#1110=VECTOR('',#3829,10.);
#1111=VECTOR('',#3834,10.);
#1112=VECTOR('',#3839,10.);
#1113=VECTOR('',#3840,10.);
#1114=VECTOR('',#3841,10.);
#1115=VECTOR('',#3842,10.);
#1116=VECTOR('',#3843,10.);
#1117=VECTOR('',#3844,10.);
#1118=VECTOR('',#3845,10.);
#1119=VECTOR('',#3846,10.);
#1120=VECTOR('',#3849,10.);
#1121=VECTOR('',#3850,10.);
#1122=VECTOR('',#3851,10.);
#1123=VECTOR('',#3854,10.);
#1124=VECTOR('',#3855,10.);
#1125=VECTOR('',#3856,10.);
#1126=VECTOR('',#3859,10.);
#1127=VECTOR('',#3860,10.);
#1128=VECTOR('',#3861,10.);
#1129=VECTOR('',#3862,10.);
#1130=VECTOR('',#3865,10.);
#1131=VECTOR('',#3866,10.);
#1132=VECTOR('',#3869,10.);
#1133=VECTOR('',#3870,10.);
#1134=VECTOR('',#3871,10.);
#1135=VECTOR('',#3872,10.);
#1136=VECTOR('',#3875,10.);
#1137=VECTOR('',#3876,10.);
#1138=VECTOR('',#3879,10.);
#1139=VECTOR('',#3880,10.);
#1140=VECTOR('',#3883,10.);
#1141=VECTOR('',#3884,10.);
#1142=VECTOR('',#3887,10.);
#1143=VECTOR('',#3888,10.);
#1144=VECTOR('',#3891,10.);
#1145=VECTOR('',#3894,10.);
#1146=VECTOR('',#3899,10.);
#1147=VECTOR('',#3900,10.);
#1148=VECTOR('',#3903,10.);
#1149=VECTOR('',#3904,10.);
#1150=VECTOR('',#3905,10.);
#1151=VECTOR('',#3906,10.);
#1152=VECTOR('',#3909,10.);
#1153=VECTOR('',#3910,10.);
#1154=VECTOR('',#3913,10.);
#1155=VECTOR('',#3914,10.);
#1156=VECTOR('',#3917,10.);
#1157=VECTOR('',#3918,10.);
#1158=VECTOR('',#3921,10.);
#1159=VECTOR('',#3922,10.);
#1160=VECTOR('',#3923,10.);
#1161=VECTOR('',#3926,10.);
#1162=VECTOR('',#3927,10.);
#1163=VECTOR('',#3928,10.);
#1164=VECTOR('',#3929,10.);
#1165=VECTOR('',#3932,10.);
#1166=VECTOR('',#3933,10.);
#1167=VECTOR('',#3936,10.);
#1168=VECTOR('',#3937,10.);
#1169=VECTOR('',#3940,10.);
#1170=VECTOR('',#3941,10.);
#1171=VECTOR('',#3944,10.);
#1172=VECTOR('',#3945,10.);
#1173=VECTOR('',#3946,10.);
#1174=VECTOR('',#3949,10.);
#1175=VECTOR('',#3950,10.);
#1176=VECTOR('',#3953,10.);
#1177=VECTOR('',#3954,10.);
#1178=VECTOR('',#3955,10.);
#1179=VECTOR('',#3956,10.);
#1180=VECTOR('',#3959,10.);
#1181=VECTOR('',#3960,10.);
#1182=VECTOR('',#3961,10.);
#1183=VECTOR('',#3964,10.);
#1184=VECTOR('',#3965,10.);
#1185=VECTOR('',#3966,10.);
#1186=VECTOR('',#3969,10.);
#1187=VECTOR('',#3970,10.);
#1188=VECTOR('',#3975,10.);
#1189=VECTOR('',#3976,10.);
#1190=VECTOR('',#3977,10.);
#1191=VECTOR('',#3980,10.);
#1192=VECTOR('',#3981,10.);
#1193=VECTOR('',#3984,10.);
#1194=VECTOR('',#3985,10.);
#1195=VECTOR('',#3988,10.);
#1196=VECTOR('',#3991,10.);
#1197=VECTOR('',#3992,10.);
#1198=VECTOR('',#3995,10.);
#1199=VECTOR('',#3998,10.);
#1200=VECTOR('',#4001,10.);
#1201=VECTOR('',#4002,10.);
#1202=VECTOR('',#4003,10.);
#1203=VECTOR('',#4008,10.);
#1204=VECTOR('',#4011,10.);
#1205=VECTOR('',#4014,10.);
#1206=VECTOR('',#4021,10.);
#1207=VECTOR('',#4024,10.);
#1208=VECTOR('',#4027,10.);
#1209=VECTOR('',#4034,10.);
#1210=VECTOR('',#4037,10.);
#1211=VECTOR('',#4040,10.);
#1212=VECTOR('',#4043,10.);
#1213=VECTOR('',#4050,2.5);
#1214=VECTOR('',#4055,2.5);
#1215=VECTOR('',#4062,2.5);
#1216=VECTOR('',#4067,2.5);
#1217=VECTOR('',#4074,5.);
#1218=VECTOR('',#4079,5.);
#1219=VECTOR('',#4084,10.);
#1220=VECTOR('',#4087,10.);
#1221=VECTOR('',#4090,10.);
#1222=VECTOR('',#4093,10.);
#1223=VECTOR('',#4100,5.);
#1224=VECTOR('',#4105,5.);
#1225=VECTOR('',#4110,10.);
#1226=VECTOR('',#4113,10.);
#1227=VECTOR('',#4114,10.);
#1228=VECTOR('',#4115,10.);
#1229=VECTOR('',#4118,10.);
#1230=VECTOR('',#4119,10.);
#1231=VECTOR('',#4120,10.);
#1232=VECTOR('',#4123,10.);
#1233=VECTOR('',#4126,10.);
#1234=VECTOR('',#4127,10.);
#1235=VECTOR('',#4130,10.);
#1236=VECTOR('',#4131,10.);
#1237=VECTOR('',#4134,10.);
#1238=VECTOR('',#4135,10.);
#1239=VECTOR('',#4140,10.);
#1240=VECTOR('',#4143,10.);
#1241=VECTOR('',#4148,10.);
#1242=VECTOR('',#4151,10.);
#1243=VECTOR('',#4156,10.);
#1244=VECTOR('',#4157,10.);
#1245=VECTOR('',#4162,10.);
#1246=VECTOR('',#4167,10.);
#1247=VECTOR('',#4170,10.);
#1248=CIRCLE('',#3101,0.650000000000001);
#1249=CIRCLE('',#3102,0.650000000000001);
#1250=CIRCLE('',#3105,1.);
#1251=CIRCLE('',#3106,1.);
#1252=CIRCLE('',#3109,0.649999999999998);
#1253=CIRCLE('',#3110,0.649999999999998);
#1254=CIRCLE('',#3113,1.);
#1255=CIRCLE('',#3114,1.);
#1256=CIRCLE('',#3117,4.5);
#1257=CIRCLE('',#3118,4.5);
#1258=CIRCLE('',#3121,4.5);
#1259=CIRCLE('',#3122,4.5);
#1260=CIRCLE('',#3125,4.5);
#1261=CIRCLE('',#3126,4.5);
#1262=CIRCLE('',#3129,4.5);
#1263=CIRCLE('',#3130,4.5);
#1264=CIRCLE('',#3133,2.6);
#1265=CIRCLE('',#3134,2.6);
#1266=CIRCLE('',#3135,2.6);
#1267=CIRCLE('',#3137,2.6);
#1268=CIRCLE('',#3138,2.6);
#1269=CIRCLE('',#3141,2.6);
#1270=CIRCLE('',#3142,2.6);
#1271=CIRCLE('',#3143,2.6);
#1272=CIRCLE('',#3145,2.6);
#1273=CIRCLE('',#3146,2.6);
#1274=CIRCLE('',#3195,1.5);
#1275=CIRCLE('',#3196,1.5);
#1276=CIRCLE('',#3199,1.5);
#1277=CIRCLE('',#3200,1.5);
#1278=CIRCLE('',#3203,1.5);
#1279=CIRCLE('',#3204,1.5);
#1280=CIRCLE('',#3207,1.5);
#1281=CIRCLE('',#3208,1.5);
#1282=CIRCLE('',#3280,2.25000000000001);
#1283=CIRCLE('',#3281,2.5);
#1284=CIRCLE('',#3282,5.);
#1285=CIRCLE('',#3285,2.25);
#1286=CIRCLE('',#3286,2.5);
#1287=CIRCLE('',#3287,5.);
#1288=CIRCLE('',#3289,2.25000000000001);
#1289=CIRCLE('',#3291,2.25000000000001);
#1290=CIRCLE('',#3292,2.25000000000001);
#1291=CIRCLE('',#3294,2.5);
#1292=CIRCLE('',#3296,2.5);
#1293=CIRCLE('',#3297,2.5);
#1294=CIRCLE('',#3299,2.5);
#1295=CIRCLE('',#3300,2.5);
#1296=CIRCLE('',#3302,2.5);
#1297=CIRCLE('',#3304,5.);
#1298=CIRCLE('',#3306,5.);
#1299=CIRCLE('',#3307,5.);
#1300=CIRCLE('',#3309,2.25);
#1301=CIRCLE('',#3311,2.25);
#1302=CIRCLE('',#3312,2.25);
#1303=CIRCLE('',#3314,5.);
#1304=CIRCLE('',#3315,5.);
#1305=CIRCLE('',#3317,5.);
#1306=VERTEX_POINT('',#4175);
#1307=VERTEX_POINT('',#4177);
#1308=VERTEX_POINT('',#4182);
#1309=VERTEX_POINT('',#4184);
#1310=VERTEX_POINT('',#4189);
#1311=VERTEX_POINT('',#4191);
#1312=VERTEX_POINT('',#4196);
#1313=VERTEX_POINT('',#4198);
#1314=VERTEX_POINT('',#4203);
#1315=VERTEX_POINT('',#4204);
#1316=VERTEX_POINT('',#4206);
#1317=VERTEX_POINT('',#4208);
#1318=VERTEX_POINT('',#4212);
#1319=VERTEX_POINT('',#4214);
#1320=VERTEX_POINT('',#4216);
#1321=VERTEX_POINT('',#4220);
#1322=VERTEX_POINT('',#4221);
#1323=VERTEX_POINT('',#4223);
#1324=VERTEX_POINT('',#4225);
#1325=VERTEX_POINT('',#4230);
#1326=VERTEX_POINT('',#4232);
#1327=VERTEX_POINT('',#4234);
#1328=VERTEX_POINT('',#4236);
#1329=VERTEX_POINT('',#4240);
#1330=VERTEX_POINT('',#4241);
#1331=VERTEX_POINT('',#4243);
#1332=VERTEX_POINT('',#4245);
#1333=VERTEX_POINT('',#4249);
#1334=VERTEX_POINT('',#4251);
#1335=VERTEX_POINT('',#4253);
#1336=VERTEX_POINT('',#4257);
#1337=VERTEX_POINT('',#4258);
#1338=VERTEX_POINT('',#4260);
#1339=VERTEX_POINT('',#4262);
#1340=VERTEX_POINT('',#4267);
#1341=VERTEX_POINT('',#4269);
#1342=VERTEX_POINT('',#4271);
#1343=VERTEX_POINT('',#4273);
#1344=VERTEX_POINT('',#4277);
#1345=VERTEX_POINT('',#4278);
#1346=VERTEX_POINT('',#4280);
#1347=VERTEX_POINT('',#4282);
#1348=VERTEX_POINT('',#4284);
#1349=VERTEX_POINT('',#4286);
#1350=VERTEX_POINT('',#4290);
#1351=VERTEX_POINT('',#4291);
#1352=VERTEX_POINT('',#4293);
#1353=VERTEX_POINT('',#4295);
#1354=VERTEX_POINT('',#4299);
#1355=VERTEX_POINT('',#4301);
#1356=VERTEX_POINT('',#4305);
#1357=VERTEX_POINT('',#4306);
#1358=VERTEX_POINT('',#4308);
#1359=VERTEX_POINT('',#4310);
#1360=VERTEX_POINT('',#4312);
#1361=VERTEX_POINT('',#4314);
#1362=VERTEX_POINT('',#4318);
#1363=VERTEX_POINT('',#4319);
#1364=VERTEX_POINT('',#4321);
#1365=VERTEX_POINT('',#4323);
#1366=VERTEX_POINT('',#4327);
#1367=VERTEX_POINT('',#4329);
#1368=VERTEX_POINT('',#4333);
#1369=VERTEX_POINT('',#4334);
#1370=VERTEX_POINT('',#4336);
#1371=VERTEX_POINT('',#4338);
#1372=VERTEX_POINT('',#4342);
#1373=VERTEX_POINT('',#4344);
#1374=VERTEX_POINT('',#4348);
#1375=VERTEX_POINT('',#4350);
#1376=VERTEX_POINT('',#4357);
#1377=VERTEX_POINT('',#4359);
#1378=VERTEX_POINT('',#4363);
#1379=VERTEX_POINT('',#4367);
#1380=VERTEX_POINT('',#4368);
#1381=VERTEX_POINT('',#4371);
#1382=VERTEX_POINT('',#4373);
#1383=VERTEX_POINT('',#4376);
#1384=VERTEX_POINT('',#4378);
#1385=VERTEX_POINT('',#4380);
#1386=VERTEX_POINT('',#4382);
#1387=VERTEX_POINT('',#4384);
#1388=VERTEX_POINT('',#4386);
#1389=VERTEX_POINT('',#4388);
#1390=VERTEX_POINT('',#4390);
#1391=VERTEX_POINT('',#4392);
#1392=VERTEX_POINT('',#4394);
#1393=VERTEX_POINT('',#4396);
#1394=VERTEX_POINT('',#4398);
#1395=VERTEX_POINT('',#4400);
#1396=VERTEX_POINT('',#4402);
#1397=VERTEX_POINT('',#4404);
#1398=VERTEX_POINT('',#4407);
#1399=VERTEX_POINT('',#4409);
#1400=VERTEX_POINT('',#4412);
#1401=VERTEX_POINT('',#4414);
#1402=VERTEX_POINT('',#4416);
#1403=VERTEX_POINT('',#4418);
#1404=VERTEX_POINT('',#4420);
#1405=VERTEX_POINT('',#4422);
#1406=VERTEX_POINT('',#4424);
#1407=VERTEX_POINT('',#4426);
#1408=VERTEX_POINT('',#4428);
#1409=VERTEX_POINT('',#4431);
#1410=VERTEX_POINT('',#4432);
#1411=VERTEX_POINT('',#4434);
#1412=VERTEX_POINT('',#4436);
#1413=VERTEX_POINT('',#4439);
#1414=VERTEX_POINT('',#4440);
#1415=VERTEX_POINT('',#4442);
#1416=VERTEX_POINT('',#4444);
#1417=VERTEX_POINT('',#4447);
#1418=VERTEX_POINT('',#4448);
#1419=VERTEX_POINT('',#4450);
#1420=VERTEX_POINT('',#4452);
#1421=VERTEX_POINT('',#4456);
#1422=VERTEX_POINT('',#4458);
#1423=VERTEX_POINT('',#4462);
#1424=VERTEX_POINT('',#4466);
#1425=VERTEX_POINT('',#4472);
#1426=VERTEX_POINT('',#4474);
#1427=VERTEX_POINT('',#4478);
#1428=VERTEX_POINT('',#4482);
#1429=VERTEX_POINT('',#4484);
#1430=VERTEX_POINT('',#4488);
#1431=VERTEX_POINT('',#4492);
#1432=VERTEX_POINT('',#4498);
#1433=VERTEX_POINT('',#4500);
#1434=VERTEX_POINT('',#4504);
#1435=VERTEX_POINT('',#4508);
#1436=VERTEX_POINT('',#4509);
#1437=VERTEX_POINT('',#4514);
#1438=VERTEX_POINT('',#4518);
#1439=VERTEX_POINT('',#4524);
#1440=VERTEX_POINT('',#4526);
#1441=VERTEX_POINT('',#4530);
#1442=VERTEX_POINT('',#4534);
#1443=VERTEX_POINT('',#4535);
#1444=VERTEX_POINT('',#4537);
#1445=VERTEX_POINT('',#4539);
#1446=VERTEX_POINT('',#4543);
#1447=VERTEX_POINT('',#4544);
#1448=VERTEX_POINT('',#4546);
#1449=VERTEX_POINT('',#4548);
#1450=VERTEX_POINT('',#4555);
#1451=VERTEX_POINT('',#4557);
#1452=VERTEX_POINT('',#4559);
#1453=VERTEX_POINT('',#4562);
#1454=VERTEX_POINT('',#4564);
#1455=VERTEX_POINT('',#4566);
#1456=VERTEX_POINT('',#4570);
#1457=VERTEX_POINT('',#4572);
#1458=VERTEX_POINT('',#4574);
#1459=VERTEX_POINT('',#4577);
#1460=VERTEX_POINT('',#4579);
#1461=VERTEX_POINT('',#4581);
#1462=VERTEX_POINT('',#4585);
#1463=VERTEX_POINT('',#4587);
#1464=VERTEX_POINT('',#4592);
#1465=VERTEX_POINT('',#4594);
#1466=VERTEX_POINT('',#4599);
#1467=VERTEX_POINT('',#4601);
#1468=VERTEX_POINT('',#4606);
#1469=VERTEX_POINT('',#4608);
#1470=VERTEX_POINT('',#4613);
#1471=VERTEX_POINT('',#4617);
#1472=VERTEX_POINT('',#4621);
#1473=VERTEX_POINT('',#4625);
#1474=VERTEX_POINT('',#4632);
#1475=VERTEX_POINT('',#4633);
#1476=VERTEX_POINT('',#4635);
#1477=VERTEX_POINT('',#4637);
#1478=VERTEX_POINT('',#4639);
#1479=VERTEX_POINT('',#4641);
#1480=VERTEX_POINT('',#4643);
#1481=VERTEX_POINT('',#4645);
#1482=VERTEX_POINT('',#4649);
#1483=VERTEX_POINT('',#4651);
#1484=VERTEX_POINT('',#4655);
#1485=VERTEX_POINT('',#4657);
#1486=VERTEX_POINT('',#4661);
#1487=VERTEX_POINT('',#4663);
#1488=VERTEX_POINT('',#4672);
#1489=VERTEX_POINT('',#4674);
#1490=VERTEX_POINT('',#4678);
#1491=VERTEX_POINT('',#4682);
#1492=VERTEX_POINT('',#4689);
#1493=VERTEX_POINT('',#4698);
#1494=VERTEX_POINT('',#4702);
#1495=VERTEX_POINT('',#4709);
#1496=VERTEX_POINT('',#4713);
#1497=VERTEX_POINT('',#4723);
#1498=VERTEX_POINT('',#4724);
#1499=VERTEX_POINT('',#4726);
#1500=VERTEX_POINT('',#4728);
#1501=VERTEX_POINT('',#4730);
#1502=VERTEX_POINT('',#4732);
#1503=VERTEX_POINT('',#4734);
#1504=VERTEX_POINT('',#4736);
#1505=VERTEX_POINT('',#4740);
#1506=VERTEX_POINT('',#4742);
#1507=VERTEX_POINT('',#4746);
#1508=VERTEX_POINT('',#4748);
#1509=VERTEX_POINT('',#4752);
#1510=VERTEX_POINT('',#4754);
#1511=VERTEX_POINT('',#4763);
#1512=VERTEX_POINT('',#4765);
#1513=VERTEX_POINT('',#4769);
#1514=VERTEX_POINT('',#4773);
#1515=VERTEX_POINT('',#4780);
#1516=VERTEX_POINT('',#4789);
#1517=VERTEX_POINT('',#4793);
#1518=VERTEX_POINT('',#4794);
#1519=VERTEX_POINT('',#4796);
#1520=VERTEX_POINT('',#4798);
#1521=VERTEX_POINT('',#4805);
#1522=VERTEX_POINT('',#4809);
#1523=VERTEX_POINT('',#4813);
#1524=VERTEX_POINT('',#4815);
#1525=VERTEX_POINT('',#4819);
#1526=VERTEX_POINT('',#4820);
#1527=VERTEX_POINT('',#4822);
#1528=VERTEX_POINT('',#4824);
#1529=VERTEX_POINT('',#4834);
#1530=VERTEX_POINT('',#4838);
#1531=VERTEX_POINT('',#4840);
#1532=VERTEX_POINT('',#4844);
#1533=VERTEX_POINT('',#4848);
#1534=VERTEX_POINT('',#4849);
#1535=VERTEX_POINT('',#4851);
#1536=VERTEX_POINT('',#4853);
#1537=VERTEX_POINT('',#4857);
#1538=VERTEX_POINT('',#4859);
#1539=VERTEX_POINT('',#4863);
#1540=VERTEX_POINT('',#4865);
#1541=VERTEX_POINT('',#4873);
#1542=VERTEX_POINT('',#4875);
#1543=VERTEX_POINT('',#4879);
#1544=VERTEX_POINT('',#4883);
#1545=VERTEX_POINT('',#4889);
#1546=VERTEX_POINT('',#4897);
#1547=VERTEX_POINT('',#4899);
#1548=VERTEX_POINT('',#4906);
#1549=VERTEX_POINT('',#4908);
#1550=VERTEX_POINT('',#4911);
#1551=VERTEX_POINT('',#4913);
#1552=VERTEX_POINT('',#4918);
#1553=VERTEX_POINT('',#4920);
#1554=VERTEX_POINT('',#4923);
#1555=VERTEX_POINT('',#4925);
#1556=VERTEX_POINT('',#4928);
#1557=VERTEX_POINT('',#4930);
#1558=VERTEX_POINT('',#4934);
#1559=VERTEX_POINT('',#4935);
#1560=VERTEX_POINT('',#4937);
#1561=VERTEX_POINT('',#4939);
#1562=VERTEX_POINT('',#4943);
#1563=VERTEX_POINT('',#4947);
#1564=VERTEX_POINT('',#4949);
#1565=VERTEX_POINT('',#4953);
#1566=VERTEX_POINT('',#4955);
#1567=VERTEX_POINT('',#4959);
#1568=VERTEX_POINT('',#4963);
#1569=VERTEX_POINT('',#4967);
#1570=VERTEX_POINT('',#4969);
#1571=VERTEX_POINT('',#4973);
#1572=VERTEX_POINT('',#4975);
#1573=VERTEX_POINT('',#4979);
#1574=VERTEX_POINT('',#4980);
#1575=VERTEX_POINT('',#4982);
#1576=VERTEX_POINT('',#4984);
#1577=VERTEX_POINT('',#4988);
#1578=VERTEX_POINT('',#4990);
#1579=VERTEX_POINT('',#4994);
#1580=VERTEX_POINT('',#5000);
#1581=VERTEX_POINT('',#5002);
#1582=VERTEX_POINT('',#5006);
#1583=VERTEX_POINT('',#5008);
#1584=EDGE_CURVE('',#1306,#1306,#1248,.T.);
#1585=EDGE_CURVE('',#1306,#1307,#540,.T.);
#1586=EDGE_CURVE('',#1307,#1307,#1249,.T.);
#1587=EDGE_CURVE('',#1308,#1308,#1250,.T.);
#1588=EDGE_CURVE('',#1308,#1309,#541,.T.);
#1589=EDGE_CURVE('',#1309,#1309,#1251,.T.);
#1590=EDGE_CURVE('',#1310,#1310,#1252,.T.);
#1591=EDGE_CURVE('',#1310,#1311,#542,.T.);
#1592=EDGE_CURVE('',#1311,#1311,#1253,.T.);
#1593=EDGE_CURVE('',#1312,#1312,#1254,.T.);
#1594=EDGE_CURVE('',#1312,#1313,#543,.T.);
#1595=EDGE_CURVE('',#1313,#1313,#1255,.T.);
#1596=EDGE_CURVE('',#1314,#1315,#1256,.F.);
#1597=EDGE_CURVE('',#1316,#1314,#544,.T.);
#1598=EDGE_CURVE('',#1316,#1317,#1257,.T.);
#1599=EDGE_CURVE('',#1317,#1315,#545,.T.);
#1600=EDGE_CURVE('',#1314,#1318,#546,.T.);
#1601=EDGE_CURVE('',#1318,#1319,#547,.T.);
#1602=EDGE_CURVE('',#1320,#1319,#548,.T.);
#1603=EDGE_CURVE('',#1314,#1320,#549,.T.);
#1604=EDGE_CURVE('',#1321,#1322,#1258,.T.);
#1605=EDGE_CURVE('',#1322,#1323,#550,.T.);
#1606=EDGE_CURVE('',#1323,#1324,#1259,.T.);
#1607=EDGE_CURVE('',#1324,#1321,#551,.T.);
#1608=EDGE_CURVE('',#1317,#1323,#552,.T.);
#1609=EDGE_CURVE('',#1325,#1322,#553,.T.);
#1610=EDGE_CURVE('',#1325,#1326,#554,.T.);
#1611=EDGE_CURVE('',#1327,#1326,#555,.T.);
#1612=EDGE_CURVE('',#1328,#1327,#556,.T.);
#1613=EDGE_CURVE('',#1315,#1328,#557,.T.);
#1614=EDGE_CURVE('',#1329,#1330,#1260,.F.);
#1615=EDGE_CURVE('',#1331,#1329,#558,.T.);
#1616=EDGE_CURVE('',#1331,#1332,#1261,.T.);
#1617=EDGE_CURVE('',#1332,#1330,#559,.T.);
#1618=EDGE_CURVE('',#1329,#1333,#560,.T.);
#1619=EDGE_CURVE('',#1333,#1334,#561,.T.);
#1620=EDGE_CURVE('',#1335,#1334,#562,.T.);
#1621=EDGE_CURVE('',#1329,#1335,#563,.T.);
#1622=EDGE_CURVE('',#1336,#1337,#1262,.T.);
#1623=EDGE_CURVE('',#1337,#1338,#564,.T.);
#1624=EDGE_CURVE('',#1338,#1339,#1263,.T.);
#1625=EDGE_CURVE('',#1339,#1336,#565,.T.);
#1626=EDGE_CURVE('',#1332,#1338,#566,.T.);
#1627=EDGE_CURVE('',#1340,#1337,#567,.T.);
#1628=EDGE_CURVE('',#1340,#1341,#568,.T.);
#1629=EDGE_CURVE('',#1342,#1341,#569,.T.);
#1630=EDGE_CURVE('',#1343,#1342,#570,.T.);
#1631=EDGE_CURVE('',#1330,#1343,#571,.T.);
#1632=EDGE_CURVE('',#1344,#1345,#1264,.F.);
#1633=EDGE_CURVE('',#1344,#1346,#572,.T.);
#1634=EDGE_CURVE('',#1347,#1346,#1265,.F.);
#1635=EDGE_CURVE('',#1347,#1348,#573,.T.);
#1636=EDGE_CURVE('',#1348,#1349,#1266,.T.);
#1637=EDGE_CURVE('',#1349,#1345,#574,.T.);
#1638=EDGE_CURVE('',#1350,#1351,#1267,.T.);
#1639=EDGE_CURVE('',#1351,#1352,#575,.T.);
#1640=EDGE_CURVE('',#1352,#1353,#1268,.T.);
#1641=EDGE_CURVE('',#1353,#1350,#576,.T.);
#1642=EDGE_CURVE('',#1351,#1354,#577,.T.);
#1643=EDGE_CURVE('',#1355,#1354,#578,.T.);
#1644=EDGE_CURVE('',#1352,#1355,#579,.T.);
#1645=EDGE_CURVE('',#1356,#1357,#1269,.F.);
#1646=EDGE_CURVE('',#1356,#1358,#580,.T.);
#1647=EDGE_CURVE('',#1359,#1358,#1270,.F.);
#1648=EDGE_CURVE('',#1359,#1360,#581,.T.);
#1649=EDGE_CURVE('',#1360,#1361,#1271,.T.);
#1650=EDGE_CURVE('',#1361,#1357,#582,.T.);
#1651=EDGE_CURVE('',#1362,#1363,#1272,.T.);
#1652=EDGE_CURVE('',#1363,#1364,#583,.T.);
#1653=EDGE_CURVE('',#1364,#1365,#1273,.T.);
#1654=EDGE_CURVE('',#1365,#1362,#584,.T.);
#1655=EDGE_CURVE('',#1363,#1366,#585,.T.);
#1656=EDGE_CURVE('',#1367,#1366,#586,.T.);
#1657=EDGE_CURVE('',#1364,#1367,#587,.T.);
#1658=EDGE_CURVE('',#1368,#1369,#588,.T.);
#1659=EDGE_CURVE('',#1369,#1370,#44,.T.);
#1660=EDGE_CURVE('',#1370,#1371,#589,.T.);
#1661=EDGE_CURVE('',#1371,#1368,#45,.T.);
#1662=EDGE_CURVE('',#1372,#1370,#590,.T.);
#1663=EDGE_CURVE('',#1369,#1373,#591,.T.);
#1664=EDGE_CURVE('',#1373,#1372,#46,.T.);
#1665=EDGE_CURVE('',#1374,#1372,#592,.T.);
#1666=EDGE_CURVE('',#1373,#1375,#593,.T.);
#1667=EDGE_CURVE('',#1375,#1374,#47,.T.);
#1668=EDGE_CURVE('',#1371,#1374,#594,.T.);
#1669=EDGE_CURVE('',#1375,#1368,#595,.T.);
#1670=EDGE_CURVE('',#1369,#1376,#596,.T.);
#1671=EDGE_CURVE('',#1377,#1376,#597,.T.);
#1672=EDGE_CURVE('',#1373,#1377,#598,.T.);
#1673=EDGE_CURVE('',#1368,#1378,#599,.T.);
#1674=EDGE_CURVE('',#1376,#1378,#600,.T.);
#1675=EDGE_CURVE('',#1379,#1380,#601,.T.);
#1676=EDGE_CURVE('',#1380,#1318,#602,.T.);
#1677=EDGE_CURVE('',#1328,#1381,#603,.T.);
#1678=EDGE_CURVE('',#1381,#1382,#604,.T.);
#1679=EDGE_CURVE('',#1382,#1325,#605,.T.);
#1680=EDGE_CURVE('',#1383,#1321,#606,.T.);
#1681=EDGE_CURVE('',#1383,#1384,#607,.T.);
#1682=EDGE_CURVE('',#1384,#1385,#608,.T.);
#1683=EDGE_CURVE('',#1385,#1386,#609,.T.);
#1684=EDGE_CURVE('',#1386,#1387,#610,.T.);
#1685=EDGE_CURVE('',#1387,#1388,#611,.T.);
#1686=EDGE_CURVE('',#1388,#1389,#612,.T.);
#1687=EDGE_CURVE('',#1389,#1390,#613,.T.);
#1688=EDGE_CURVE('',#1390,#1391,#614,.T.);
#1689=EDGE_CURVE('',#1391,#1392,#615,.T.);
#1690=EDGE_CURVE('',#1392,#1393,#616,.T.);
#1691=EDGE_CURVE('',#1393,#1394,#617,.T.);
#1692=EDGE_CURVE('',#1394,#1395,#618,.T.);
#1693=EDGE_CURVE('',#1395,#1396,#619,.T.);
#1694=EDGE_CURVE('',#1396,#1397,#620,.T.);
#1695=EDGE_CURVE('',#1397,#1333,#621,.T.);
#1696=EDGE_CURVE('',#1343,#1398,#622,.T.);
#1697=EDGE_CURVE('',#1398,#1399,#623,.T.);
#1698=EDGE_CURVE('',#1399,#1340,#624,.T.);
#1699=EDGE_CURVE('',#1400,#1336,#625,.T.);
#1700=EDGE_CURVE('',#1400,#1401,#626,.T.);
#1701=EDGE_CURVE('',#1401,#1402,#627,.T.);
#1702=EDGE_CURVE('',#1402,#1403,#628,.T.);
#1703=EDGE_CURVE('',#1403,#1404,#629,.T.);
#1704=EDGE_CURVE('',#1404,#1405,#630,.T.);
#1705=EDGE_CURVE('',#1405,#1406,#631,.T.);
#1706=EDGE_CURVE('',#1406,#1407,#632,.T.);
#1707=EDGE_CURVE('',#1407,#1408,#633,.T.);
#1708=EDGE_CURVE('',#1408,#1379,#634,.T.);
#1709=EDGE_CURVE('',#1409,#1410,#635,.T.);
#1710=EDGE_CURVE('',#1411,#1409,#636,.T.);
#1711=EDGE_CURVE('',#1412,#1411,#637,.T.);
#1712=EDGE_CURVE('',#1410,#1412,#638,.T.);
#1713=EDGE_CURVE('',#1413,#1414,#639,.T.);
#1714=EDGE_CURVE('',#1415,#1413,#640,.T.);
#1715=EDGE_CURVE('',#1416,#1415,#641,.T.);
#1716=EDGE_CURVE('',#1414,#1416,#642,.T.);
#1717=EDGE_CURVE('',#1417,#1418,#643,.T.);
#1718=EDGE_CURVE('',#1419,#1417,#644,.T.);
#1719=EDGE_CURVE('',#1420,#1419,#645,.T.);
#1720=EDGE_CURVE('',#1418,#1420,#646,.T.);
#1721=EDGE_CURVE('',#1410,#1421,#48,.T.);
#1722=EDGE_CURVE('',#1421,#1422,#647,.T.);
#1723=EDGE_CURVE('',#1422,#1409,#49,.T.);
#1724=EDGE_CURVE('',#1423,#1421,#648,.T.);
#1725=EDGE_CURVE('',#1423,#1412,#50,.T.);
#1726=EDGE_CURVE('',#1422,#1424,#649,.T.);
#1727=EDGE_CURVE('',#1424,#1411,#51,.T.);
#1728=EDGE_CURVE('',#1424,#1423,#650,.T.);
#1729=EDGE_CURVE('',#1422,#1425,#651,.T.);
#1730=EDGE_CURVE('',#1426,#1425,#652,.T.);
#1731=EDGE_CURVE('',#1424,#1426,#653,.T.);
#1732=EDGE_CURVE('',#1421,#1427,#654,.T.);
#1733=EDGE_CURVE('',#1425,#1427,#655,.T.);
#1734=EDGE_CURVE('',#1418,#1428,#52,.T.);
#1735=EDGE_CURVE('',#1428,#1429,#656,.T.);
#1736=EDGE_CURVE('',#1429,#1417,#53,.T.);
#1737=EDGE_CURVE('',#1430,#1428,#657,.T.);
#1738=EDGE_CURVE('',#1430,#1420,#54,.T.);
#1739=EDGE_CURVE('',#1429,#1431,#658,.T.);
#1740=EDGE_CURVE('',#1431,#1419,#55,.T.);
#1741=EDGE_CURVE('',#1431,#1430,#659,.T.);
#1742=EDGE_CURVE('',#1429,#1432,#660,.T.);
#1743=EDGE_CURVE('',#1433,#1432,#661,.T.);
#1744=EDGE_CURVE('',#1431,#1433,#662,.T.);
#1745=EDGE_CURVE('',#1428,#1434,#663,.T.);
#1746=EDGE_CURVE('',#1432,#1434,#664,.T.);
#1747=EDGE_CURVE('',#1435,#1436,#665,.T.);
#1748=EDGE_CURVE('',#1436,#1413,#56,.T.);
#1749=EDGE_CURVE('',#1414,#1435,#57,.T.);
#1750=EDGE_CURVE('',#1436,#1437,#666,.T.);
#1751=EDGE_CURVE('',#1437,#1415,#58,.T.);
#1752=EDGE_CURVE('',#1437,#1438,#667,.T.);
#1753=EDGE_CURVE('',#1438,#1416,#59,.T.);
#1754=EDGE_CURVE('',#1438,#1435,#668,.T.);
#1755=EDGE_CURVE('',#1436,#1439,#669,.T.);
#1756=EDGE_CURVE('',#1440,#1439,#670,.T.);
#1757=EDGE_CURVE('',#1437,#1440,#671,.T.);
#1758=EDGE_CURVE('',#1435,#1441,#672,.T.);
#1759=EDGE_CURVE('',#1439,#1441,#673,.T.);
#1760=EDGE_CURVE('',#1442,#1443,#674,.T.);
#1761=EDGE_CURVE('',#1442,#1444,#675,.T.);
#1762=EDGE_CURVE('',#1445,#1444,#676,.T.);
#1763=EDGE_CURVE('',#1443,#1445,#677,.T.);
#1764=EDGE_CURVE('',#1446,#1447,#678,.T.);
#1765=EDGE_CURVE('',#1446,#1448,#679,.T.);
#1766=EDGE_CURVE('',#1449,#1448,#680,.T.);
#1767=EDGE_CURVE('',#1447,#1449,#681,.T.);
#1768=EDGE_CURVE('',#1444,#1449,#682,.T.);
#1769=EDGE_CURVE('',#1448,#1445,#683,.T.);
#1770=EDGE_CURVE('',#1450,#1443,#684,.T.);
#1771=EDGE_CURVE('',#1451,#1450,#685,.T.);
#1772=EDGE_CURVE('',#1452,#1451,#686,.T.);
#1773=EDGE_CURVE('',#1339,#1452,#687,.T.);
#1774=EDGE_CURVE('',#1453,#1331,#688,.T.);
#1775=EDGE_CURVE('',#1454,#1453,#689,.T.);
#1776=EDGE_CURVE('',#1455,#1454,#690,.T.);
#1777=EDGE_CURVE('',#1442,#1455,#691,.T.);
#1778=EDGE_CURVE('',#1456,#1447,#692,.T.);
#1779=EDGE_CURVE('',#1457,#1456,#693,.T.);
#1780=EDGE_CURVE('',#1458,#1457,#694,.T.);
#1781=EDGE_CURVE('',#1324,#1458,#695,.T.);
#1782=EDGE_CURVE('',#1459,#1316,#696,.T.);
#1783=EDGE_CURVE('',#1460,#1459,#697,.T.);
#1784=EDGE_CURVE('',#1461,#1460,#698,.T.);
#1785=EDGE_CURVE('',#1446,#1461,#699,.T.);
#1786=EDGE_CURVE('',#1462,#1462,#1274,.T.);
#1787=EDGE_CURVE('',#1462,#1463,#700,.T.);
#1788=EDGE_CURVE('',#1463,#1463,#1275,.T.);
#1789=EDGE_CURVE('',#1464,#1464,#1276,.T.);
#1790=EDGE_CURVE('',#1464,#1465,#701,.T.);
#1791=EDGE_CURVE('',#1465,#1465,#1277,.T.);
#1792=EDGE_CURVE('',#1466,#1466,#1278,.T.);
#1793=EDGE_CURVE('',#1466,#1467,#702,.T.);
#1794=EDGE_CURVE('',#1467,#1467,#1279,.T.);
#1795=EDGE_CURVE('',#1468,#1468,#1280,.T.);
#1796=EDGE_CURVE('',#1468,#1469,#703,.T.);
#1797=EDGE_CURVE('',#1469,#1469,#1281,.T.);
#1798=EDGE_CURVE('',#1378,#1470,#704,.T.);
#1799=EDGE_CURVE('',#1470,#1377,#705,.T.);
#1800=EDGE_CURVE('',#1427,#1471,#706,.T.);
#1801=EDGE_CURVE('',#1471,#1426,#707,.T.);
#1802=EDGE_CURVE('',#1434,#1472,#708,.T.);
#1803=EDGE_CURVE('',#1472,#1433,#709,.T.);
#1804=EDGE_CURVE('',#1441,#1473,#710,.T.);
#1805=EDGE_CURVE('',#1473,#1440,#711,.T.);
#1806=EDGE_CURVE('',#1375,#1470,#712,.T.);
#1807=EDGE_CURVE('',#1474,#1475,#713,.T.);
#1808=EDGE_CURVE('',#1476,#1474,#714,.T.);
#1809=EDGE_CURVE('',#1477,#1476,#715,.T.);
#1810=EDGE_CURVE('',#1478,#1477,#716,.T.);
#1811=EDGE_CURVE('',#1479,#1478,#717,.T.);
#1812=EDGE_CURVE('',#1479,#1480,#718,.T.);
#1813=EDGE_CURVE('',#1481,#1480,#719,.T.);
#1814=EDGE_CURVE('',#1475,#1481,#720,.T.);
#1815=EDGE_CURVE('',#1482,#1479,#721,.T.);
#1816=EDGE_CURVE('',#1483,#1482,#722,.T.);
#1817=EDGE_CURVE('',#1480,#1483,#723,.T.);
#1818=EDGE_CURVE('',#1379,#1484,#724,.T.);
#1819=EDGE_CURVE('',#1485,#1484,#725,.T.);
#1820=EDGE_CURVE('',#1380,#1485,#726,.T.);
#1821=EDGE_CURVE('',#1475,#1486,#727,.T.);
#1822=EDGE_CURVE('',#1487,#1481,#728,.T.);
#1823=EDGE_CURVE('',#1346,#1487,#729,.F.);
#1824=EDGE_CURVE('',#1486,#1344,#730,.T.);
#1825=EDGE_CURVE('',#1485,#1483,#731,.T.);
#1826=EDGE_CURVE('',#1484,#1487,#732,.T.);
#1827=EDGE_CURVE('',#1388,#1456,#733,.T.);
#1828=EDGE_CURVE('',#1387,#1488,#734,.T.);
#1829=EDGE_CURVE('',#1489,#1488,#735,.T.);
#1830=EDGE_CURVE('',#1457,#1489,#736,.T.);
#1831=EDGE_CURVE('',#1386,#1490,#737,.T.);
#1832=EDGE_CURVE('',#1488,#1490,#738,.T.);
#1833=EDGE_CURVE('',#1385,#1491,#739,.T.);
#1834=EDGE_CURVE('',#1490,#1491,#740,.T.);
#1835=EDGE_CURVE('',#1362,#1489,#741,.T.);
#1836=EDGE_CURVE('',#1458,#1365,#742,.T.);
#1837=EDGE_CURVE('',#1384,#1492,#743,.T.);
#1838=EDGE_CURVE('',#1491,#1492,#744,.T.);
#1839=EDGE_CURVE('',#1492,#1362,#745,.T.);
#1840=EDGE_CURVE('',#1430,#1472,#746,.T.);
#1841=EDGE_CURVE('',#1493,#1327,#747,.T.);
#1842=EDGE_CURVE('',#1381,#1493,#748,.T.);
#1843=EDGE_CURVE('',#1494,#1493,#749,.T.);
#1844=EDGE_CURVE('',#1382,#1494,#750,.T.);
#1845=EDGE_CURVE('',#1326,#1494,#751,.T.);
#1846=EDGE_CURVE('',#1495,#1342,#752,.T.);
#1847=EDGE_CURVE('',#1398,#1495,#753,.T.);
#1848=EDGE_CURVE('',#1496,#1495,#754,.T.);
#1849=EDGE_CURVE('',#1399,#1496,#755,.T.);
#1850=EDGE_CURVE('',#1341,#1496,#756,.T.);
#1851=EDGE_CURVE('',#1423,#1471,#757,.T.);
#1852=EDGE_CURVE('',#1497,#1498,#758,.T.);
#1853=EDGE_CURVE('',#1499,#1497,#759,.T.);
#1854=EDGE_CURVE('',#1500,#1499,#760,.T.);
#1855=EDGE_CURVE('',#1501,#1500,#761,.T.);
#1856=EDGE_CURVE('',#1502,#1501,#762,.T.);
#1857=EDGE_CURVE('',#1502,#1503,#763,.T.);
#1858=EDGE_CURVE('',#1504,#1503,#764,.T.);
#1859=EDGE_CURVE('',#1498,#1504,#765,.T.);
#1860=EDGE_CURVE('',#1505,#1502,#766,.T.);
#1861=EDGE_CURVE('',#1506,#1505,#767,.T.);
#1862=EDGE_CURVE('',#1503,#1506,#768,.T.);
#1863=EDGE_CURVE('',#1396,#1507,#769,.T.);
#1864=EDGE_CURVE('',#1508,#1507,#770,.T.);
#1865=EDGE_CURVE('',#1397,#1508,#771,.T.);
#1866=EDGE_CURVE('',#1498,#1509,#772,.T.);
#1867=EDGE_CURVE('',#1510,#1504,#773,.T.);
#1868=EDGE_CURVE('',#1358,#1510,#774,.F.);
#1869=EDGE_CURVE('',#1509,#1356,#775,.T.);
#1870=EDGE_CURVE('',#1508,#1506,#776,.T.);
#1871=EDGE_CURVE('',#1507,#1510,#777,.T.);
#1872=EDGE_CURVE('',#1405,#1450,#778,.T.);
#1873=EDGE_CURVE('',#1404,#1511,#779,.T.);
#1874=EDGE_CURVE('',#1512,#1511,#780,.T.);
#1875=EDGE_CURVE('',#1451,#1512,#781,.T.);
#1876=EDGE_CURVE('',#1403,#1513,#782,.T.);
#1877=EDGE_CURVE('',#1511,#1513,#783,.T.);
#1878=EDGE_CURVE('',#1402,#1514,#784,.T.);
#1879=EDGE_CURVE('',#1513,#1514,#785,.T.);
#1880=EDGE_CURVE('',#1350,#1512,#786,.T.);
#1881=EDGE_CURVE('',#1452,#1353,#787,.T.);
#1882=EDGE_CURVE('',#1401,#1515,#788,.T.);
#1883=EDGE_CURVE('',#1514,#1515,#789,.T.);
#1884=EDGE_CURVE('',#1515,#1350,#790,.T.);
#1885=EDGE_CURVE('',#1438,#1473,#791,.T.);
#1886=EDGE_CURVE('',#1486,#1516,#792,.T.);
#1887=EDGE_CURVE('',#1516,#1474,#793,.T.);
#1888=EDGE_CURVE('',#1517,#1518,#794,.T.);
#1889=EDGE_CURVE('',#1518,#1519,#795,.T.);
#1890=EDGE_CURVE('',#1519,#1520,#796,.T.);
#1891=EDGE_CURVE('',#1520,#1517,#797,.T.);
#1892=EDGE_CURVE('',#1518,#1408,#798,.T.);
#1893=EDGE_CURVE('',#1407,#1519,#799,.T.);
#1894=EDGE_CURVE('',#1509,#1521,#800,.T.);
#1895=EDGE_CURVE('',#1521,#1497,#801,.T.);
#1896=EDGE_CURVE('',#1521,#1522,#802,.T.);
#1897=EDGE_CURVE('',#1499,#1522,#803,.T.);
#1898=EDGE_CURVE('',#1361,#1523,#804,.T.);
#1899=EDGE_CURVE('',#1524,#1523,#805,.T.);
#1900=EDGE_CURVE('',#1357,#1524,#806,.T.);
#1901=EDGE_CURVE('',#1525,#1526,#807,.T.);
#1902=EDGE_CURVE('',#1526,#1527,#808,.T.);
#1903=EDGE_CURVE('',#1527,#1528,#809,.T.);
#1904=EDGE_CURVE('',#1528,#1525,#810,.T.);
#1905=EDGE_CURVE('',#1526,#1395,#811,.T.);
#1906=EDGE_CURVE('',#1394,#1527,#812,.T.);
#1907=EDGE_CURVE('',#1461,#1517,#813,.T.);
#1908=EDGE_CURVE('',#1406,#1520,#814,.T.);
#1909=EDGE_CURVE('',#1516,#1529,#815,.T.);
#1910=EDGE_CURVE('',#1476,#1529,#816,.T.);
#1911=EDGE_CURVE('',#1349,#1530,#817,.T.);
#1912=EDGE_CURVE('',#1531,#1530,#818,.T.);
#1913=EDGE_CURVE('',#1345,#1531,#819,.T.);
#1914=EDGE_CURVE('',#1501,#1532,#820,.T.);
#1915=EDGE_CURVE('',#1532,#1505,#821,.T.);
#1916=EDGE_CURVE('',#1533,#1534,#822,.T.);
#1917=EDGE_CURVE('',#1533,#1535,#823,.T.);
#1918=EDGE_CURVE('',#1535,#1536,#824,.T.);
#1919=EDGE_CURVE('',#1534,#1536,#825,.T.);
#1920=EDGE_CURVE('',#1537,#1533,#826,.T.);
#1921=EDGE_CURVE('',#1537,#1538,#827,.T.);
#1922=EDGE_CURVE('',#1538,#1535,#828,.T.);
#1923=EDGE_CURVE('',#1539,#1537,#829,.T.);
#1924=EDGE_CURVE('',#1539,#1540,#830,.T.);
#1925=EDGE_CURVE('',#1540,#1538,#831,.T.);
#1926=EDGE_CURVE('',#1534,#1539,#832,.T.);
#1927=EDGE_CURVE('',#1536,#1540,#833,.T.);
#1928=EDGE_CURVE('',#1389,#1541,#834,.T.);
#1929=EDGE_CURVE('',#1542,#1541,#835,.T.);
#1930=EDGE_CURVE('',#1390,#1542,#836,.T.);
#1931=EDGE_CURVE('',#1543,#1542,#837,.T.);
#1932=EDGE_CURVE('',#1391,#1543,#838,.T.);
#1933=EDGE_CURVE('',#1544,#1543,#839,.T.);
#1934=EDGE_CURVE('',#1392,#1544,#840,.T.);
#1935=EDGE_CURVE('',#1541,#1544,#841,.T.);
#1936=EDGE_CURVE('',#1545,#1500,#842,.T.);
#1937=EDGE_CURVE('',#1532,#1545,#843,.T.);
#1938=EDGE_CURVE('',#1393,#1528,#844,.T.);
#1939=EDGE_CURVE('',#1545,#1522,#845,.T.);
#1940=EDGE_CURVE('',#1546,#1477,#846,.T.);
#1941=EDGE_CURVE('',#1547,#1546,#847,.T.);
#1942=EDGE_CURVE('',#1478,#1547,#848,.T.);
#1943=EDGE_CURVE('',#1546,#1529,#849,.T.);
#1944=EDGE_CURVE('',#1548,#1524,#850,.T.);
#1945=EDGE_CURVE('',#1548,#1549,#1282,.T.);
#1946=EDGE_CURVE('',#1334,#1549,#851,.T.);
#1947=EDGE_CURVE('',#1550,#1550,#1283,.T.);
#1948=EDGE_CURVE('',#1551,#1551,#1284,.T.);
#1949=EDGE_CURVE('',#1547,#1482,#852,.T.);
#1950=EDGE_CURVE('',#1552,#1531,#853,.T.);
#1951=EDGE_CURVE('',#1552,#1553,#1285,.T.);
#1952=EDGE_CURVE('',#1319,#1553,#854,.T.);
#1953=EDGE_CURVE('',#1554,#1554,#1286,.T.);
#1954=EDGE_CURVE('',#1555,#1555,#1287,.T.);
#1955=EDGE_CURVE('',#1556,#1548,#855,.T.);
#1956=EDGE_CURVE('',#1557,#1556,#1288,.T.);
#1957=EDGE_CURVE('',#1549,#1557,#856,.T.);
#1958=EDGE_CURVE('',#1558,#1559,#857,.T.);
#1959=EDGE_CURVE('',#1560,#1558,#1289,.T.);
#1960=EDGE_CURVE('',#1561,#1560,#858,.T.);
#1961=EDGE_CURVE('',#1559,#1561,#1290,.T.);
#1962=EDGE_CURVE('',#1562,#1562,#1291,.T.);
#1963=EDGE_CURVE('',#1562,#1554,#859,.T.);
#1964=EDGE_CURVE('',#1563,#1563,#1292,.T.);
#1965=EDGE_CURVE('',#1563,#1564,#860,.T.);
#1966=EDGE_CURVE('',#1564,#1564,#1293,.T.);
#1967=EDGE_CURVE('',#1565,#1565,#1294,.T.);
#1968=EDGE_CURVE('',#1565,#1566,#861,.T.);
#1969=EDGE_CURVE('',#1566,#1566,#1295,.T.);
#1970=EDGE_CURVE('',#1550,#1567,#862,.T.);
#1971=EDGE_CURVE('',#1567,#1567,#1296,.T.);
#1972=EDGE_CURVE('',#1568,#1568,#1297,.T.);
#1973=EDGE_CURVE('',#1568,#1555,#863,.T.);
#1974=EDGE_CURVE('',#1569,#1569,#1298,.T.);
#1975=EDGE_CURVE('',#1569,#1570,#864,.T.);
#1976=EDGE_CURVE('',#1570,#1570,#1299,.T.);
#1977=EDGE_CURVE('',#1571,#1552,#865,.T.);
#1978=EDGE_CURVE('',#1572,#1571,#1300,.T.);
#1979=EDGE_CURVE('',#1553,#1572,#866,.T.);
#1980=EDGE_CURVE('',#1573,#1574,#867,.T.);
#1981=EDGE_CURVE('',#1575,#1573,#1301,.T.);
#1982=EDGE_CURVE('',#1576,#1575,#868,.T.);
#1983=EDGE_CURVE('',#1574,#1576,#1302,.T.);
#1984=EDGE_CURVE('',#1577,#1577,#1303,.T.);
#1985=EDGE_CURVE('',#1577,#1578,#869,.T.);
#1986=EDGE_CURVE('',#1578,#1578,#1304,.T.);
#1987=EDGE_CURVE('',#1551,#1579,#870,.T.);
#1988=EDGE_CURVE('',#1579,#1579,#1305,.T.);
#1989=EDGE_CURVE('',#1557,#1335,#871,.T.);
#1990=EDGE_CURVE('',#1560,#1580,#872,.T.);
#1991=EDGE_CURVE('',#1580,#1581,#873,.T.);
#1992=EDGE_CURVE('',#1581,#1561,#874,.T.);
#1993=EDGE_CURVE('',#1575,#1582,#875,.T.);
#1994=EDGE_CURVE('',#1582,#1583,#876,.T.);
#1995=EDGE_CURVE('',#1583,#1576,#877,.T.);
#1996=EDGE_CURVE('',#1572,#1320,#878,.T.);
#1997=EDGE_CURVE('',#1336,#1583,#879,.T.);
#1998=EDGE_CURVE('',#1574,#1355,#880,.T.);
#1999=EDGE_CURVE('',#1321,#1581,#881,.T.);
#2000=EDGE_CURVE('',#1559,#1367,#882,.T.);
#2001=EDGE_CURVE('',#1523,#1556,#883,.T.);
#2002=EDGE_CURVE('',#1453,#1360,#884,.T.);
#2003=EDGE_CURVE('',#1400,#1582,#885,.T.);
#2004=EDGE_CURVE('',#1354,#1573,#886,.T.);
#2005=EDGE_CURVE('',#1383,#1580,#887,.T.);
#2006=EDGE_CURVE('',#1366,#1558,#888,.T.);
#2007=EDGE_CURVE('',#1530,#1571,#889,.T.);
#2008=EDGE_CURVE('',#1459,#1348,#890,.T.);
#2009=EDGE_CURVE('',#1460,#1347,#891,.T.);
#2010=EDGE_CURVE('',#1454,#1359,#892,.T.);
#2011=EDGE_CURVE('',#1455,#1525,#893,.T.);
#2012=ORIENTED_EDGE('',*,*,#1584,.F.);
#2013=ORIENTED_EDGE('',*,*,#1585,.T.);
#2014=ORIENTED_EDGE('',*,*,#1586,.F.);
#2015=ORIENTED_EDGE('',*,*,#1585,.F.);
#2016=ORIENTED_EDGE('',*,*,#1584,.T.);
#2017=ORIENTED_EDGE('',*,*,#1587,.F.);
#2018=ORIENTED_EDGE('',*,*,#1588,.T.);
#2019=ORIENTED_EDGE('',*,*,#1589,.F.);
#2020=ORIENTED_EDGE('',*,*,#1588,.F.);
#2021=ORIENTED_EDGE('',*,*,#1587,.T.);
#2022=ORIENTED_EDGE('',*,*,#1590,.F.);
#2023=ORIENTED_EDGE('',*,*,#1591,.T.);
#2024=ORIENTED_EDGE('',*,*,#1592,.F.);
#2025=ORIENTED_EDGE('',*,*,#1591,.F.);
#2026=ORIENTED_EDGE('',*,*,#1590,.T.);
#2027=ORIENTED_EDGE('',*,*,#1593,.F.);
#2028=ORIENTED_EDGE('',*,*,#1594,.T.);
#2029=ORIENTED_EDGE('',*,*,#1595,.F.);
#2030=ORIENTED_EDGE('',*,*,#1594,.F.);
#2031=ORIENTED_EDGE('',*,*,#1593,.T.);
#2032=ORIENTED_EDGE('',*,*,#1596,.F.);
#2033=ORIENTED_EDGE('',*,*,#1597,.F.);
#2034=ORIENTED_EDGE('',*,*,#1598,.T.);
#2035=ORIENTED_EDGE('',*,*,#1599,.T.);
#2036=ORIENTED_EDGE('',*,*,#1600,.T.);
#2037=ORIENTED_EDGE('',*,*,#1601,.T.);
#2038=ORIENTED_EDGE('',*,*,#1602,.F.);
#2039=ORIENTED_EDGE('',*,*,#1603,.F.);
#2040=ORIENTED_EDGE('',*,*,#1604,.T.);
#2041=ORIENTED_EDGE('',*,*,#1605,.T.);
#2042=ORIENTED_EDGE('',*,*,#1606,.T.);
#2043=ORIENTED_EDGE('',*,*,#1607,.T.);
#2044=ORIENTED_EDGE('',*,*,#1599,.F.);
#2045=ORIENTED_EDGE('',*,*,#1608,.T.);
#2046=ORIENTED_EDGE('',*,*,#1605,.F.);
#2047=ORIENTED_EDGE('',*,*,#1609,.F.);
#2048=ORIENTED_EDGE('',*,*,#1610,.T.);
#2049=ORIENTED_EDGE('',*,*,#1611,.F.);
#2050=ORIENTED_EDGE('',*,*,#1612,.F.);
#2051=ORIENTED_EDGE('',*,*,#1613,.F.);
#2052=ORIENTED_EDGE('',*,*,#1614,.F.);
#2053=ORIENTED_EDGE('',*,*,#1615,.F.);
#2054=ORIENTED_EDGE('',*,*,#1616,.T.);
#2055=ORIENTED_EDGE('',*,*,#1617,.T.);
#2056=ORIENTED_EDGE('',*,*,#1618,.T.);
#2057=ORIENTED_EDGE('',*,*,#1619,.T.);
#2058=ORIENTED_EDGE('',*,*,#1620,.F.);
#2059=ORIENTED_EDGE('',*,*,#1621,.F.);
#2060=ORIENTED_EDGE('',*,*,#1622,.T.);
#2061=ORIENTED_EDGE('',*,*,#1623,.T.);
#2062=ORIENTED_EDGE('',*,*,#1624,.T.);
#2063=ORIENTED_EDGE('',*,*,#1625,.T.);
#2064=ORIENTED_EDGE('',*,*,#1617,.F.);
#2065=ORIENTED_EDGE('',*,*,#1626,.T.);
#2066=ORIENTED_EDGE('',*,*,#1623,.F.);
#2067=ORIENTED_EDGE('',*,*,#1627,.F.);
#2068=ORIENTED_EDGE('',*,*,#1628,.T.);
#2069=ORIENTED_EDGE('',*,*,#1629,.F.);
#2070=ORIENTED_EDGE('',*,*,#1630,.F.);
#2071=ORIENTED_EDGE('',*,*,#1631,.F.);
#2072=ORIENTED_EDGE('',*,*,#1632,.F.);
#2073=ORIENTED_EDGE('',*,*,#1633,.T.);
#2074=ORIENTED_EDGE('',*,*,#1634,.F.);
#2075=ORIENTED_EDGE('',*,*,#1635,.T.);
#2076=ORIENTED_EDGE('',*,*,#1636,.T.);
#2077=ORIENTED_EDGE('',*,*,#1637,.T.);
#2078=ORIENTED_EDGE('',*,*,#1638,.T.);
#2079=ORIENTED_EDGE('',*,*,#1639,.T.);
#2080=ORIENTED_EDGE('',*,*,#1640,.T.);
#2081=ORIENTED_EDGE('',*,*,#1641,.T.);
#2082=ORIENTED_EDGE('',*,*,#1639,.F.);
#2083=ORIENTED_EDGE('',*,*,#1642,.T.);
#2084=ORIENTED_EDGE('',*,*,#1643,.F.);
#2085=ORIENTED_EDGE('',*,*,#1644,.F.);
#2086=ORIENTED_EDGE('',*,*,#1645,.F.);
#2087=ORIENTED_EDGE('',*,*,#1646,.T.);
#2088=ORIENTED_EDGE('',*,*,#1647,.F.);
#2089=ORIENTED_EDGE('',*,*,#1648,.T.);
#2090=ORIENTED_EDGE('',*,*,#1649,.T.);
#2091=ORIENTED_EDGE('',*,*,#1650,.T.);
#2092=ORIENTED_EDGE('',*,*,#1651,.T.);
#2093=ORIENTED_EDGE('',*,*,#1652,.T.);
#2094=ORIENTED_EDGE('',*,*,#1653,.T.);
#2095=ORIENTED_EDGE('',*,*,#1654,.T.);
#2096=ORIENTED_EDGE('',*,*,#1652,.F.);
#2097=ORIENTED_EDGE('',*,*,#1655,.T.);
#2098=ORIENTED_EDGE('',*,*,#1656,.F.);
#2099=ORIENTED_EDGE('',*,*,#1657,.F.);
#2100=ORIENTED_EDGE('',*,*,#1658,.T.);
#2101=ORIENTED_EDGE('',*,*,#1659,.T.);
#2102=ORIENTED_EDGE('',*,*,#1660,.T.);
#2103=ORIENTED_EDGE('',*,*,#1661,.T.);
#2104=ORIENTED_EDGE('',*,*,#1662,.T.);
#2105=ORIENTED_EDGE('',*,*,#1659,.F.);
#2106=ORIENTED_EDGE('',*,*,#1663,.T.);
#2107=ORIENTED_EDGE('',*,*,#1664,.T.);
#2108=ORIENTED_EDGE('',*,*,#1665,.T.);
#2109=ORIENTED_EDGE('',*,*,#1664,.F.);
#2110=ORIENTED_EDGE('',*,*,#1666,.T.);
#2111=ORIENTED_EDGE('',*,*,#1667,.T.);
#2112=ORIENTED_EDGE('',*,*,#1668,.T.);
#2113=ORIENTED_EDGE('',*,*,#1667,.F.);
#2114=ORIENTED_EDGE('',*,*,#1669,.T.);
#2115=ORIENTED_EDGE('',*,*,#1661,.F.);
#2116=ORIENTED_EDGE('',*,*,#1663,.F.);
#2117=ORIENTED_EDGE('',*,*,#1670,.T.);
#2118=ORIENTED_EDGE('',*,*,#1671,.F.);
#2119=ORIENTED_EDGE('',*,*,#1672,.F.);
#2120=ORIENTED_EDGE('',*,*,#1658,.F.);
#2121=ORIENTED_EDGE('',*,*,#1673,.T.);
#2122=ORIENTED_EDGE('',*,*,#1674,.F.);
#2123=ORIENTED_EDGE('',*,*,#1670,.F.);
#2124=ORIENTED_EDGE('',*,*,#1675,.T.);
#2125=ORIENTED_EDGE('',*,*,#1676,.T.);
#2126=ORIENTED_EDGE('',*,*,#1600,.F.);
#2127=ORIENTED_EDGE('',*,*,#1596,.T.);
#2128=ORIENTED_EDGE('',*,*,#1613,.T.);
#2129=ORIENTED_EDGE('',*,*,#1677,.T.);
#2130=ORIENTED_EDGE('',*,*,#1678,.T.);
#2131=ORIENTED_EDGE('',*,*,#1679,.T.);
#2132=ORIENTED_EDGE('',*,*,#1609,.T.);
#2133=ORIENTED_EDGE('',*,*,#1604,.F.);
#2134=ORIENTED_EDGE('',*,*,#1680,.F.);
#2135=ORIENTED_EDGE('',*,*,#1681,.T.);
#2136=ORIENTED_EDGE('',*,*,#1682,.T.);
#2137=ORIENTED_EDGE('',*,*,#1683,.T.);
#2138=ORIENTED_EDGE('',*,*,#1684,.T.);
#2139=ORIENTED_EDGE('',*,*,#1685,.T.);
#2140=ORIENTED_EDGE('',*,*,#1686,.T.);
#2141=ORIENTED_EDGE('',*,*,#1687,.T.);
#2142=ORIENTED_EDGE('',*,*,#1688,.T.);
#2143=ORIENTED_EDGE('',*,*,#1689,.T.);
#2144=ORIENTED_EDGE('',*,*,#1690,.T.);
#2145=ORIENTED_EDGE('',*,*,#1691,.T.);
#2146=ORIENTED_EDGE('',*,*,#1692,.T.);
#2147=ORIENTED_EDGE('',*,*,#1693,.T.);
#2148=ORIENTED_EDGE('',*,*,#1694,.T.);
#2149=ORIENTED_EDGE('',*,*,#1695,.T.);
#2150=ORIENTED_EDGE('',*,*,#1618,.F.);
#2151=ORIENTED_EDGE('',*,*,#1614,.T.);
#2152=ORIENTED_EDGE('',*,*,#1631,.T.);
#2153=ORIENTED_EDGE('',*,*,#1696,.T.);
#2154=ORIENTED_EDGE('',*,*,#1697,.T.);
#2155=ORIENTED_EDGE('',*,*,#1698,.T.);
#2156=ORIENTED_EDGE('',*,*,#1627,.T.);
#2157=ORIENTED_EDGE('',*,*,#1622,.F.);
#2158=ORIENTED_EDGE('',*,*,#1699,.F.);
#2159=ORIENTED_EDGE('',*,*,#1700,.T.);
#2160=ORIENTED_EDGE('',*,*,#1701,.T.);
#2161=ORIENTED_EDGE('',*,*,#1702,.T.);
#2162=ORIENTED_EDGE('',*,*,#1703,.T.);
#2163=ORIENTED_EDGE('',*,*,#1704,.T.);
#2164=ORIENTED_EDGE('',*,*,#1705,.T.);
#2165=ORIENTED_EDGE('',*,*,#1706,.T.);
#2166=ORIENTED_EDGE('',*,*,#1707,.T.);
#2167=ORIENTED_EDGE('',*,*,#1708,.T.);
#2168=ORIENTED_EDGE('',*,*,#1586,.T.);
#2169=ORIENTED_EDGE('',*,*,#1589,.T.);
#2170=ORIENTED_EDGE('',*,*,#1592,.T.);
#2171=ORIENTED_EDGE('',*,*,#1595,.T.);
#2172=ORIENTED_EDGE('',*,*,#1709,.F.);
#2173=ORIENTED_EDGE('',*,*,#1710,.F.);
#2174=ORIENTED_EDGE('',*,*,#1711,.F.);
#2175=ORIENTED_EDGE('',*,*,#1712,.F.);
#2176=ORIENTED_EDGE('',*,*,#1713,.F.);
#2177=ORIENTED_EDGE('',*,*,#1714,.F.);
#2178=ORIENTED_EDGE('',*,*,#1715,.F.);
#2179=ORIENTED_EDGE('',*,*,#1716,.F.);
#2180=ORIENTED_EDGE('',*,*,#1717,.F.);
#2181=ORIENTED_EDGE('',*,*,#1718,.F.);
#2182=ORIENTED_EDGE('',*,*,#1719,.F.);
#2183=ORIENTED_EDGE('',*,*,#1720,.F.);
#2184=ORIENTED_EDGE('',*,*,#1660,.F.);
#2185=ORIENTED_EDGE('',*,*,#1662,.F.);
#2186=ORIENTED_EDGE('',*,*,#1665,.F.);
#2187=ORIENTED_EDGE('',*,*,#1668,.F.);
#2188=ORIENTED_EDGE('',*,*,#1709,.T.);
#2189=ORIENTED_EDGE('',*,*,#1721,.T.);
#2190=ORIENTED_EDGE('',*,*,#1722,.T.);
#2191=ORIENTED_EDGE('',*,*,#1723,.T.);
#2192=ORIENTED_EDGE('',*,*,#1724,.T.);
#2193=ORIENTED_EDGE('',*,*,#1721,.F.);
#2194=ORIENTED_EDGE('',*,*,#1712,.T.);
#2195=ORIENTED_EDGE('',*,*,#1725,.F.);
#2196=ORIENTED_EDGE('',*,*,#1710,.T.);
#2197=ORIENTED_EDGE('',*,*,#1723,.F.);
#2198=ORIENTED_EDGE('',*,*,#1726,.T.);
#2199=ORIENTED_EDGE('',*,*,#1727,.T.);
#2200=ORIENTED_EDGE('',*,*,#1711,.T.);
#2201=ORIENTED_EDGE('',*,*,#1727,.F.);
#2202=ORIENTED_EDGE('',*,*,#1728,.T.);
#2203=ORIENTED_EDGE('',*,*,#1725,.T.);
#2204=ORIENTED_EDGE('',*,*,#1726,.F.);
#2205=ORIENTED_EDGE('',*,*,#1729,.T.);
#2206=ORIENTED_EDGE('',*,*,#1730,.F.);
#2207=ORIENTED_EDGE('',*,*,#1731,.F.);
#2208=ORIENTED_EDGE('',*,*,#1722,.F.);
#2209=ORIENTED_EDGE('',*,*,#1732,.T.);
#2210=ORIENTED_EDGE('',*,*,#1733,.F.);
#2211=ORIENTED_EDGE('',*,*,#1729,.F.);
#2212=ORIENTED_EDGE('',*,*,#1717,.T.);
#2213=ORIENTED_EDGE('',*,*,#1734,.T.);
#2214=ORIENTED_EDGE('',*,*,#1735,.T.);
#2215=ORIENTED_EDGE('',*,*,#1736,.T.);
#2216=ORIENTED_EDGE('',*,*,#1737,.T.);
#2217=ORIENTED_EDGE('',*,*,#1734,.F.);
#2218=ORIENTED_EDGE('',*,*,#1720,.T.);
#2219=ORIENTED_EDGE('',*,*,#1738,.F.);
#2220=ORIENTED_EDGE('',*,*,#1718,.T.);
#2221=ORIENTED_EDGE('',*,*,#1736,.F.);
#2222=ORIENTED_EDGE('',*,*,#1739,.T.);
#2223=ORIENTED_EDGE('',*,*,#1740,.T.);
#2224=ORIENTED_EDGE('',*,*,#1719,.T.);
#2225=ORIENTED_EDGE('',*,*,#1740,.F.);
#2226=ORIENTED_EDGE('',*,*,#1741,.T.);
#2227=ORIENTED_EDGE('',*,*,#1738,.T.);
#2228=ORIENTED_EDGE('',*,*,#1739,.F.);
#2229=ORIENTED_EDGE('',*,*,#1742,.T.);
#2230=ORIENTED_EDGE('',*,*,#1743,.F.);
#2231=ORIENTED_EDGE('',*,*,#1744,.F.);
#2232=ORIENTED_EDGE('',*,*,#1735,.F.);
#2233=ORIENTED_EDGE('',*,*,#1745,.T.);
#2234=ORIENTED_EDGE('',*,*,#1746,.F.);
#2235=ORIENTED_EDGE('',*,*,#1742,.F.);
#2236=ORIENTED_EDGE('',*,*,#1747,.T.);
#2237=ORIENTED_EDGE('',*,*,#1748,.T.);
#2238=ORIENTED_EDGE('',*,*,#1713,.T.);
#2239=ORIENTED_EDGE('',*,*,#1749,.T.);
#2240=ORIENTED_EDGE('',*,*,#1714,.T.);
#2241=ORIENTED_EDGE('',*,*,#1748,.F.);
#2242=ORIENTED_EDGE('',*,*,#1750,.T.);
#2243=ORIENTED_EDGE('',*,*,#1751,.T.);
#2244=ORIENTED_EDGE('',*,*,#1715,.T.);
#2245=ORIENTED_EDGE('',*,*,#1751,.F.);
#2246=ORIENTED_EDGE('',*,*,#1752,.T.);
#2247=ORIENTED_EDGE('',*,*,#1753,.T.);
#2248=ORIENTED_EDGE('',*,*,#1716,.T.);
#2249=ORIENTED_EDGE('',*,*,#1753,.F.);
#2250=ORIENTED_EDGE('',*,*,#1754,.T.);
#2251=ORIENTED_EDGE('',*,*,#1749,.F.);
#2252=ORIENTED_EDGE('',*,*,#1750,.F.);
#2253=ORIENTED_EDGE('',*,*,#1755,.T.);
#2254=ORIENTED_EDGE('',*,*,#1756,.F.);
#2255=ORIENTED_EDGE('',*,*,#1757,.F.);
#2256=ORIENTED_EDGE('',*,*,#1747,.F.);
#2257=ORIENTED_EDGE('',*,*,#1758,.T.);
#2258=ORIENTED_EDGE('',*,*,#1759,.F.);
#2259=ORIENTED_EDGE('',*,*,#1755,.F.);
#2260=ORIENTED_EDGE('',*,*,#1760,.F.);
#2261=ORIENTED_EDGE('',*,*,#1761,.T.);
#2262=ORIENTED_EDGE('',*,*,#1762,.F.);
#2263=ORIENTED_EDGE('',*,*,#1763,.F.);
#2264=ORIENTED_EDGE('',*,*,#1764,.F.);
#2265=ORIENTED_EDGE('',*,*,#1765,.T.);
#2266=ORIENTED_EDGE('',*,*,#1766,.F.);
#2267=ORIENTED_EDGE('',*,*,#1767,.F.);
#2268=ORIENTED_EDGE('',*,*,#1768,.T.);
#2269=ORIENTED_EDGE('',*,*,#1766,.T.);
#2270=ORIENTED_EDGE('',*,*,#1769,.T.);
#2271=ORIENTED_EDGE('',*,*,#1762,.T.);
#2272=ORIENTED_EDGE('',*,*,#1760,.T.);
#2273=ORIENTED_EDGE('',*,*,#1770,.F.);
#2274=ORIENTED_EDGE('',*,*,#1771,.F.);
#2275=ORIENTED_EDGE('',*,*,#1772,.F.);
#2276=ORIENTED_EDGE('',*,*,#1773,.F.);
#2277=ORIENTED_EDGE('',*,*,#1624,.F.);
#2278=ORIENTED_EDGE('',*,*,#1626,.F.);
#2279=ORIENTED_EDGE('',*,*,#1616,.F.);
#2280=ORIENTED_EDGE('',*,*,#1774,.F.);
#2281=ORIENTED_EDGE('',*,*,#1775,.F.);
#2282=ORIENTED_EDGE('',*,*,#1776,.F.);
#2283=ORIENTED_EDGE('',*,*,#1777,.F.);
#2284=ORIENTED_EDGE('',*,*,#1764,.T.);
#2285=ORIENTED_EDGE('',*,*,#1778,.F.);
#2286=ORIENTED_EDGE('',*,*,#1779,.F.);
#2287=ORIENTED_EDGE('',*,*,#1780,.F.);
#2288=ORIENTED_EDGE('',*,*,#1781,.F.);
#2289=ORIENTED_EDGE('',*,*,#1606,.F.);
#2290=ORIENTED_EDGE('',*,*,#1608,.F.);
#2291=ORIENTED_EDGE('',*,*,#1598,.F.);
#2292=ORIENTED_EDGE('',*,*,#1782,.F.);
#2293=ORIENTED_EDGE('',*,*,#1783,.F.);
#2294=ORIENTED_EDGE('',*,*,#1784,.F.);
#2295=ORIENTED_EDGE('',*,*,#1785,.F.);
#2296=ORIENTED_EDGE('',*,*,#1786,.F.);
#2297=ORIENTED_EDGE('',*,*,#1787,.T.);
#2298=ORIENTED_EDGE('',*,*,#1788,.F.);
#2299=ORIENTED_EDGE('',*,*,#1787,.F.);
#2300=ORIENTED_EDGE('',*,*,#1786,.T.);
#2301=ORIENTED_EDGE('',*,*,#1789,.F.);
#2302=ORIENTED_EDGE('',*,*,#1790,.T.);
#2303=ORIENTED_EDGE('',*,*,#1791,.F.);
#2304=ORIENTED_EDGE('',*,*,#1790,.F.);
#2305=ORIENTED_EDGE('',*,*,#1789,.T.);
#2306=ORIENTED_EDGE('',*,*,#1792,.F.);
#2307=ORIENTED_EDGE('',*,*,#1793,.T.);
#2308=ORIENTED_EDGE('',*,*,#1794,.F.);
#2309=ORIENTED_EDGE('',*,*,#1793,.F.);
#2310=ORIENTED_EDGE('',*,*,#1792,.T.);
#2311=ORIENTED_EDGE('',*,*,#1795,.F.);
#2312=ORIENTED_EDGE('',*,*,#1796,.T.);
#2313=ORIENTED_EDGE('',*,*,#1797,.F.);
#2314=ORIENTED_EDGE('',*,*,#1796,.F.);
#2315=ORIENTED_EDGE('',*,*,#1795,.T.);
#2316=ORIENTED_EDGE('',*,*,#1674,.T.);
#2317=ORIENTED_EDGE('',*,*,#1798,.T.);
#2318=ORIENTED_EDGE('',*,*,#1799,.T.);
#2319=ORIENTED_EDGE('',*,*,#1671,.T.);
#2320=ORIENTED_EDGE('',*,*,#1788,.T.);
#2321=ORIENTED_EDGE('',*,*,#1733,.T.);
#2322=ORIENTED_EDGE('',*,*,#1800,.T.);
#2323=ORIENTED_EDGE('',*,*,#1801,.T.);
#2324=ORIENTED_EDGE('',*,*,#1730,.T.);
#2325=ORIENTED_EDGE('',*,*,#1791,.T.);
#2326=ORIENTED_EDGE('',*,*,#1743,.T.);
#2327=ORIENTED_EDGE('',*,*,#1746,.T.);
#2328=ORIENTED_EDGE('',*,*,#1802,.T.);
#2329=ORIENTED_EDGE('',*,*,#1803,.T.);
#2330=ORIENTED_EDGE('',*,*,#1794,.T.);
#2331=ORIENTED_EDGE('',*,*,#1759,.T.);
#2332=ORIENTED_EDGE('',*,*,#1804,.T.);
#2333=ORIENTED_EDGE('',*,*,#1805,.T.);
#2334=ORIENTED_EDGE('',*,*,#1756,.T.);
#2335=ORIENTED_EDGE('',*,*,#1797,.T.);
#2336=ORIENTED_EDGE('',*,*,#1666,.F.);
#2337=ORIENTED_EDGE('',*,*,#1672,.T.);
#2338=ORIENTED_EDGE('',*,*,#1799,.F.);
#2339=ORIENTED_EDGE('',*,*,#1806,.F.);
#2340=ORIENTED_EDGE('',*,*,#1669,.F.);
#2341=ORIENTED_EDGE('',*,*,#1806,.T.);
#2342=ORIENTED_EDGE('',*,*,#1798,.F.);
#2343=ORIENTED_EDGE('',*,*,#1673,.F.);
#2344=ORIENTED_EDGE('',*,*,#1807,.F.);
#2345=ORIENTED_EDGE('',*,*,#1808,.F.);
#2346=ORIENTED_EDGE('',*,*,#1809,.F.);
#2347=ORIENTED_EDGE('',*,*,#1810,.F.);
#2348=ORIENTED_EDGE('',*,*,#1811,.F.);
#2349=ORIENTED_EDGE('',*,*,#1812,.T.);
#2350=ORIENTED_EDGE('',*,*,#1813,.F.);
#2351=ORIENTED_EDGE('',*,*,#1814,.F.);
#2352=ORIENTED_EDGE('',*,*,#1815,.F.);
#2353=ORIENTED_EDGE('',*,*,#1816,.F.);
#2354=ORIENTED_EDGE('',*,*,#1817,.F.);
#2355=ORIENTED_EDGE('',*,*,#1812,.F.);
#2356=ORIENTED_EDGE('',*,*,#1675,.F.);
#2357=ORIENTED_EDGE('',*,*,#1818,.T.);
#2358=ORIENTED_EDGE('',*,*,#1819,.F.);
#2359=ORIENTED_EDGE('',*,*,#1820,.F.);
#2360=ORIENTED_EDGE('',*,*,#1821,.F.);
#2361=ORIENTED_EDGE('',*,*,#1814,.T.);
#2362=ORIENTED_EDGE('',*,*,#1822,.F.);
#2363=ORIENTED_EDGE('',*,*,#1823,.F.);
#2364=ORIENTED_EDGE('',*,*,#1633,.F.);
#2365=ORIENTED_EDGE('',*,*,#1824,.F.);
#2366=ORIENTED_EDGE('',*,*,#1822,.T.);
#2367=ORIENTED_EDGE('',*,*,#1813,.T.);
#2368=ORIENTED_EDGE('',*,*,#1817,.T.);
#2369=ORIENTED_EDGE('',*,*,#1825,.F.);
#2370=ORIENTED_EDGE('',*,*,#1819,.T.);
#2371=ORIENTED_EDGE('',*,*,#1826,.T.);
#2372=ORIENTED_EDGE('',*,*,#1827,.F.);
#2373=ORIENTED_EDGE('',*,*,#1685,.F.);
#2374=ORIENTED_EDGE('',*,*,#1828,.T.);
#2375=ORIENTED_EDGE('',*,*,#1829,.F.);
#2376=ORIENTED_EDGE('',*,*,#1830,.F.);
#2377=ORIENTED_EDGE('',*,*,#1779,.T.);
#2378=ORIENTED_EDGE('',*,*,#1684,.F.);
#2379=ORIENTED_EDGE('',*,*,#1831,.T.);
#2380=ORIENTED_EDGE('',*,*,#1832,.F.);
#2381=ORIENTED_EDGE('',*,*,#1828,.F.);
#2382=ORIENTED_EDGE('',*,*,#1683,.F.);
#2383=ORIENTED_EDGE('',*,*,#1833,.T.);
#2384=ORIENTED_EDGE('',*,*,#1834,.F.);
#2385=ORIENTED_EDGE('',*,*,#1831,.F.);
#2386=ORIENTED_EDGE('',*,*,#1780,.T.);
#2387=ORIENTED_EDGE('',*,*,#1830,.T.);
#2388=ORIENTED_EDGE('',*,*,#1835,.F.);
#2389=ORIENTED_EDGE('',*,*,#1654,.F.);
#2390=ORIENTED_EDGE('',*,*,#1836,.F.);
#2391=ORIENTED_EDGE('',*,*,#1837,.T.);
#2392=ORIENTED_EDGE('',*,*,#1838,.F.);
#2393=ORIENTED_EDGE('',*,*,#1833,.F.);
#2394=ORIENTED_EDGE('',*,*,#1682,.F.);
#2395=ORIENTED_EDGE('',*,*,#1839,.T.);
#2396=ORIENTED_EDGE('',*,*,#1835,.T.);
#2397=ORIENTED_EDGE('',*,*,#1829,.T.);
#2398=ORIENTED_EDGE('',*,*,#1832,.T.);
#2399=ORIENTED_EDGE('',*,*,#1834,.T.);
#2400=ORIENTED_EDGE('',*,*,#1838,.T.);
#2401=ORIENTED_EDGE('',*,*,#1741,.F.);
#2402=ORIENTED_EDGE('',*,*,#1744,.T.);
#2403=ORIENTED_EDGE('',*,*,#1803,.F.);
#2404=ORIENTED_EDGE('',*,*,#1840,.F.);
#2405=ORIENTED_EDGE('',*,*,#1737,.F.);
#2406=ORIENTED_EDGE('',*,*,#1840,.T.);
#2407=ORIENTED_EDGE('',*,*,#1802,.F.);
#2408=ORIENTED_EDGE('',*,*,#1745,.F.);
#2409=ORIENTED_EDGE('',*,*,#1677,.F.);
#2410=ORIENTED_EDGE('',*,*,#1612,.T.);
#2411=ORIENTED_EDGE('',*,*,#1841,.F.);
#2412=ORIENTED_EDGE('',*,*,#1842,.F.);
#2413=ORIENTED_EDGE('',*,*,#1678,.F.);
#2414=ORIENTED_EDGE('',*,*,#1842,.T.);
#2415=ORIENTED_EDGE('',*,*,#1843,.F.);
#2416=ORIENTED_EDGE('',*,*,#1844,.F.);
#2417=ORIENTED_EDGE('',*,*,#1679,.F.);
#2418=ORIENTED_EDGE('',*,*,#1844,.T.);
#2419=ORIENTED_EDGE('',*,*,#1845,.F.);
#2420=ORIENTED_EDGE('',*,*,#1610,.F.);
#2421=ORIENTED_EDGE('',*,*,#1841,.T.);
#2422=ORIENTED_EDGE('',*,*,#1611,.T.);
#2423=ORIENTED_EDGE('',*,*,#1845,.T.);
#2424=ORIENTED_EDGE('',*,*,#1843,.T.);
#2425=ORIENTED_EDGE('',*,*,#1696,.F.);
#2426=ORIENTED_EDGE('',*,*,#1630,.T.);
#2427=ORIENTED_EDGE('',*,*,#1846,.F.);
#2428=ORIENTED_EDGE('',*,*,#1847,.F.);
#2429=ORIENTED_EDGE('',*,*,#1697,.F.);
#2430=ORIENTED_EDGE('',*,*,#1847,.T.);
#2431=ORIENTED_EDGE('',*,*,#1848,.F.);
#2432=ORIENTED_EDGE('',*,*,#1849,.F.);
#2433=ORIENTED_EDGE('',*,*,#1698,.F.);
#2434=ORIENTED_EDGE('',*,*,#1849,.T.);
#2435=ORIENTED_EDGE('',*,*,#1850,.F.);
#2436=ORIENTED_EDGE('',*,*,#1628,.F.);
#2437=ORIENTED_EDGE('',*,*,#1846,.T.);
#2438=ORIENTED_EDGE('',*,*,#1629,.T.);
#2439=ORIENTED_EDGE('',*,*,#1850,.T.);
#2440=ORIENTED_EDGE('',*,*,#1848,.T.);
#2441=ORIENTED_EDGE('',*,*,#1728,.F.);
#2442=ORIENTED_EDGE('',*,*,#1731,.T.);
#2443=ORIENTED_EDGE('',*,*,#1801,.F.);
#2444=ORIENTED_EDGE('',*,*,#1851,.F.);
#2445=ORIENTED_EDGE('',*,*,#1724,.F.);
#2446=ORIENTED_EDGE('',*,*,#1851,.T.);
#2447=ORIENTED_EDGE('',*,*,#1800,.F.);
#2448=ORIENTED_EDGE('',*,*,#1732,.F.);
#2449=ORIENTED_EDGE('',*,*,#1852,.F.);
#2450=ORIENTED_EDGE('',*,*,#1853,.F.);
#2451=ORIENTED_EDGE('',*,*,#1854,.F.);
#2452=ORIENTED_EDGE('',*,*,#1855,.F.);
#2453=ORIENTED_EDGE('',*,*,#1856,.F.);
#2454=ORIENTED_EDGE('',*,*,#1857,.T.);
#2455=ORIENTED_EDGE('',*,*,#1858,.F.);
#2456=ORIENTED_EDGE('',*,*,#1859,.F.);
#2457=ORIENTED_EDGE('',*,*,#1860,.F.);
#2458=ORIENTED_EDGE('',*,*,#1861,.F.);
#2459=ORIENTED_EDGE('',*,*,#1862,.F.);
#2460=ORIENTED_EDGE('',*,*,#1857,.F.);
#2461=ORIENTED_EDGE('',*,*,#1694,.F.);
#2462=ORIENTED_EDGE('',*,*,#1863,.T.);
#2463=ORIENTED_EDGE('',*,*,#1864,.F.);
#2464=ORIENTED_EDGE('',*,*,#1865,.F.);
#2465=ORIENTED_EDGE('',*,*,#1866,.F.);
#2466=ORIENTED_EDGE('',*,*,#1859,.T.);
#2467=ORIENTED_EDGE('',*,*,#1867,.F.);
#2468=ORIENTED_EDGE('',*,*,#1868,.F.);
#2469=ORIENTED_EDGE('',*,*,#1646,.F.);
#2470=ORIENTED_EDGE('',*,*,#1869,.F.);
#2471=ORIENTED_EDGE('',*,*,#1867,.T.);
#2472=ORIENTED_EDGE('',*,*,#1858,.T.);
#2473=ORIENTED_EDGE('',*,*,#1862,.T.);
#2474=ORIENTED_EDGE('',*,*,#1870,.F.);
#2475=ORIENTED_EDGE('',*,*,#1864,.T.);
#2476=ORIENTED_EDGE('',*,*,#1871,.T.);
#2477=ORIENTED_EDGE('',*,*,#1872,.F.);
#2478=ORIENTED_EDGE('',*,*,#1704,.F.);
#2479=ORIENTED_EDGE('',*,*,#1873,.T.);
#2480=ORIENTED_EDGE('',*,*,#1874,.F.);
#2481=ORIENTED_EDGE('',*,*,#1875,.F.);
#2482=ORIENTED_EDGE('',*,*,#1771,.T.);
#2483=ORIENTED_EDGE('',*,*,#1703,.F.);
#2484=ORIENTED_EDGE('',*,*,#1876,.T.);
#2485=ORIENTED_EDGE('',*,*,#1877,.F.);
#2486=ORIENTED_EDGE('',*,*,#1873,.F.);
#2487=ORIENTED_EDGE('',*,*,#1702,.F.);
#2488=ORIENTED_EDGE('',*,*,#1878,.T.);
#2489=ORIENTED_EDGE('',*,*,#1879,.F.);
#2490=ORIENTED_EDGE('',*,*,#1876,.F.);
#2491=ORIENTED_EDGE('',*,*,#1772,.T.);
#2492=ORIENTED_EDGE('',*,*,#1875,.T.);
#2493=ORIENTED_EDGE('',*,*,#1880,.F.);
#2494=ORIENTED_EDGE('',*,*,#1641,.F.);
#2495=ORIENTED_EDGE('',*,*,#1881,.F.);
#2496=ORIENTED_EDGE('',*,*,#1882,.T.);
#2497=ORIENTED_EDGE('',*,*,#1883,.F.);
#2498=ORIENTED_EDGE('',*,*,#1878,.F.);
#2499=ORIENTED_EDGE('',*,*,#1701,.F.);
#2500=ORIENTED_EDGE('',*,*,#1884,.T.);
#2501=ORIENTED_EDGE('',*,*,#1880,.T.);
#2502=ORIENTED_EDGE('',*,*,#1874,.T.);
#2503=ORIENTED_EDGE('',*,*,#1877,.T.);
#2504=ORIENTED_EDGE('',*,*,#1879,.T.);
#2505=ORIENTED_EDGE('',*,*,#1883,.T.);
#2506=ORIENTED_EDGE('',*,*,#1752,.F.);
#2507=ORIENTED_EDGE('',*,*,#1757,.T.);
#2508=ORIENTED_EDGE('',*,*,#1805,.F.);
#2509=ORIENTED_EDGE('',*,*,#1885,.F.);
#2510=ORIENTED_EDGE('',*,*,#1754,.F.);
#2511=ORIENTED_EDGE('',*,*,#1885,.T.);
#2512=ORIENTED_EDGE('',*,*,#1804,.F.);
#2513=ORIENTED_EDGE('',*,*,#1758,.F.);
#2514=ORIENTED_EDGE('',*,*,#1807,.T.);
#2515=ORIENTED_EDGE('',*,*,#1821,.T.);
#2516=ORIENTED_EDGE('',*,*,#1886,.T.);
#2517=ORIENTED_EDGE('',*,*,#1887,.T.);
#2518=ORIENTED_EDGE('',*,*,#1888,.T.);
#2519=ORIENTED_EDGE('',*,*,#1889,.T.);
#2520=ORIENTED_EDGE('',*,*,#1890,.T.);
#2521=ORIENTED_EDGE('',*,*,#1891,.T.);
#2522=ORIENTED_EDGE('',*,*,#1892,.T.);
#2523=ORIENTED_EDGE('',*,*,#1707,.F.);
#2524=ORIENTED_EDGE('',*,*,#1893,.T.);
#2525=ORIENTED_EDGE('',*,*,#1889,.F.);
#2526=ORIENTED_EDGE('',*,*,#1852,.T.);
#2527=ORIENTED_EDGE('',*,*,#1866,.T.);
#2528=ORIENTED_EDGE('',*,*,#1894,.T.);
#2529=ORIENTED_EDGE('',*,*,#1895,.T.);
#2530=ORIENTED_EDGE('',*,*,#1896,.T.);
#2531=ORIENTED_EDGE('',*,*,#1897,.F.);
#2532=ORIENTED_EDGE('',*,*,#1853,.T.);
#2533=ORIENTED_EDGE('',*,*,#1895,.F.);
#2534=ORIENTED_EDGE('',*,*,#1650,.F.);
#2535=ORIENTED_EDGE('',*,*,#1898,.T.);
#2536=ORIENTED_EDGE('',*,*,#1899,.F.);
#2537=ORIENTED_EDGE('',*,*,#1900,.F.);
#2538=ORIENTED_EDGE('',*,*,#1901,.T.);
#2539=ORIENTED_EDGE('',*,*,#1902,.T.);
#2540=ORIENTED_EDGE('',*,*,#1903,.T.);
#2541=ORIENTED_EDGE('',*,*,#1904,.T.);
#2542=ORIENTED_EDGE('',*,*,#1905,.T.);
#2543=ORIENTED_EDGE('',*,*,#1692,.F.);
#2544=ORIENTED_EDGE('',*,*,#1906,.T.);
#2545=ORIENTED_EDGE('',*,*,#1902,.F.);
#2546=ORIENTED_EDGE('',*,*,#1907,.T.);
#2547=ORIENTED_EDGE('',*,*,#1891,.F.);
#2548=ORIENTED_EDGE('',*,*,#1908,.F.);
#2549=ORIENTED_EDGE('',*,*,#1705,.F.);
#2550=ORIENTED_EDGE('',*,*,#1872,.T.);
#2551=ORIENTED_EDGE('',*,*,#1770,.T.);
#2552=ORIENTED_EDGE('',*,*,#1763,.T.);
#2553=ORIENTED_EDGE('',*,*,#1769,.F.);
#2554=ORIENTED_EDGE('',*,*,#1765,.F.);
#2555=ORIENTED_EDGE('',*,*,#1785,.T.);
#2556=ORIENTED_EDGE('',*,*,#1909,.T.);
#2557=ORIENTED_EDGE('',*,*,#1910,.F.);
#2558=ORIENTED_EDGE('',*,*,#1808,.T.);
#2559=ORIENTED_EDGE('',*,*,#1887,.F.);
#2560=ORIENTED_EDGE('',*,*,#1637,.F.);
#2561=ORIENTED_EDGE('',*,*,#1911,.T.);
#2562=ORIENTED_EDGE('',*,*,#1912,.F.);
#2563=ORIENTED_EDGE('',*,*,#1913,.F.);
#2564=ORIENTED_EDGE('',*,*,#1856,.T.);
#2565=ORIENTED_EDGE('',*,*,#1914,.T.);
#2566=ORIENTED_EDGE('',*,*,#1915,.T.);
#2567=ORIENTED_EDGE('',*,*,#1860,.T.);
#2568=ORIENTED_EDGE('',*,*,#1916,.F.);
#2569=ORIENTED_EDGE('',*,*,#1917,.T.);
#2570=ORIENTED_EDGE('',*,*,#1918,.T.);
#2571=ORIENTED_EDGE('',*,*,#1919,.F.);
#2572=ORIENTED_EDGE('',*,*,#1920,.F.);
#2573=ORIENTED_EDGE('',*,*,#1921,.T.);
#2574=ORIENTED_EDGE('',*,*,#1922,.T.);
#2575=ORIENTED_EDGE('',*,*,#1917,.F.);
#2576=ORIENTED_EDGE('',*,*,#1923,.F.);
#2577=ORIENTED_EDGE('',*,*,#1924,.T.);
#2578=ORIENTED_EDGE('',*,*,#1925,.T.);
#2579=ORIENTED_EDGE('',*,*,#1921,.F.);
#2580=ORIENTED_EDGE('',*,*,#1926,.F.);
#2581=ORIENTED_EDGE('',*,*,#1919,.T.);
#2582=ORIENTED_EDGE('',*,*,#1927,.T.);
#2583=ORIENTED_EDGE('',*,*,#1924,.F.);
#2584=ORIENTED_EDGE('',*,*,#1927,.F.);
#2585=ORIENTED_EDGE('',*,*,#1918,.F.);
#2586=ORIENTED_EDGE('',*,*,#1922,.F.);
#2587=ORIENTED_EDGE('',*,*,#1925,.F.);
#2588=ORIENTED_EDGE('',*,*,#1687,.F.);
#2589=ORIENTED_EDGE('',*,*,#1928,.T.);
#2590=ORIENTED_EDGE('',*,*,#1929,.F.);
#2591=ORIENTED_EDGE('',*,*,#1930,.F.);
#2592=ORIENTED_EDGE('',*,*,#1688,.F.);
#2593=ORIENTED_EDGE('',*,*,#1930,.T.);
#2594=ORIENTED_EDGE('',*,*,#1931,.F.);
#2595=ORIENTED_EDGE('',*,*,#1932,.F.);
#2596=ORIENTED_EDGE('',*,*,#1689,.F.);
#2597=ORIENTED_EDGE('',*,*,#1932,.T.);
#2598=ORIENTED_EDGE('',*,*,#1933,.F.);
#2599=ORIENTED_EDGE('',*,*,#1934,.F.);
#2600=ORIENTED_EDGE('',*,*,#1935,.T.);
#2601=ORIENTED_EDGE('',*,*,#1933,.T.);
#2602=ORIENTED_EDGE('',*,*,#1931,.T.);
#2603=ORIENTED_EDGE('',*,*,#1929,.T.);
#2604=ORIENTED_EDGE('',*,*,#1855,.T.);
#2605=ORIENTED_EDGE('',*,*,#1936,.F.);
#2606=ORIENTED_EDGE('',*,*,#1937,.F.);
#2607=ORIENTED_EDGE('',*,*,#1914,.F.);
#2608=ORIENTED_EDGE('',*,*,#1691,.F.);
#2609=ORIENTED_EDGE('',*,*,#1938,.T.);
#2610=ORIENTED_EDGE('',*,*,#1903,.F.);
#2611=ORIENTED_EDGE('',*,*,#1906,.F.);
#2612=ORIENTED_EDGE('',*,*,#1854,.T.);
#2613=ORIENTED_EDGE('',*,*,#1897,.T.);
#2614=ORIENTED_EDGE('',*,*,#1939,.F.);
#2615=ORIENTED_EDGE('',*,*,#1936,.T.);
#2616=ORIENTED_EDGE('',*,*,#1810,.T.);
#2617=ORIENTED_EDGE('',*,*,#1940,.F.);
#2618=ORIENTED_EDGE('',*,*,#1941,.F.);
#2619=ORIENTED_EDGE('',*,*,#1942,.F.);
#2620=ORIENTED_EDGE('',*,*,#1706,.F.);
#2621=ORIENTED_EDGE('',*,*,#1908,.T.);
#2622=ORIENTED_EDGE('',*,*,#1890,.F.);
#2623=ORIENTED_EDGE('',*,*,#1893,.F.);
#2624=ORIENTED_EDGE('',*,*,#1809,.T.);
#2625=ORIENTED_EDGE('',*,*,#1910,.T.);
#2626=ORIENTED_EDGE('',*,*,#1943,.F.);
#2627=ORIENTED_EDGE('',*,*,#1940,.T.);
#2628=ORIENTED_EDGE('',*,*,#1861,.T.);
#2629=ORIENTED_EDGE('',*,*,#1915,.F.);
#2630=ORIENTED_EDGE('',*,*,#1937,.T.);
#2631=ORIENTED_EDGE('',*,*,#1939,.T.);
#2632=ORIENTED_EDGE('',*,*,#1896,.F.);
#2633=ORIENTED_EDGE('',*,*,#1894,.F.);
#2634=ORIENTED_EDGE('',*,*,#1869,.T.);
#2635=ORIENTED_EDGE('',*,*,#1645,.T.);
#2636=ORIENTED_EDGE('',*,*,#1900,.T.);
#2637=ORIENTED_EDGE('',*,*,#1944,.F.);
#2638=ORIENTED_EDGE('',*,*,#1945,.T.);
#2639=ORIENTED_EDGE('',*,*,#1946,.F.);
#2640=ORIENTED_EDGE('',*,*,#1619,.F.);
#2641=ORIENTED_EDGE('',*,*,#1695,.F.);
#2642=ORIENTED_EDGE('',*,*,#1865,.T.);
#2643=ORIENTED_EDGE('',*,*,#1870,.T.);
#2644=ORIENTED_EDGE('',*,*,#1947,.T.);
#2645=ORIENTED_EDGE('',*,*,#1948,.T.);
#2646=ORIENTED_EDGE('',*,*,#1811,.T.);
#2647=ORIENTED_EDGE('',*,*,#1942,.T.);
#2648=ORIENTED_EDGE('',*,*,#1949,.T.);
#2649=ORIENTED_EDGE('',*,*,#1815,.T.);
#2650=ORIENTED_EDGE('',*,*,#1816,.T.);
#2651=ORIENTED_EDGE('',*,*,#1949,.F.);
#2652=ORIENTED_EDGE('',*,*,#1941,.T.);
#2653=ORIENTED_EDGE('',*,*,#1943,.T.);
#2654=ORIENTED_EDGE('',*,*,#1909,.F.);
#2655=ORIENTED_EDGE('',*,*,#1886,.F.);
#2656=ORIENTED_EDGE('',*,*,#1824,.T.);
#2657=ORIENTED_EDGE('',*,*,#1632,.T.);
#2658=ORIENTED_EDGE('',*,*,#1913,.T.);
#2659=ORIENTED_EDGE('',*,*,#1950,.F.);
#2660=ORIENTED_EDGE('',*,*,#1951,.T.);
#2661=ORIENTED_EDGE('',*,*,#1952,.F.);
#2662=ORIENTED_EDGE('',*,*,#1601,.F.);
#2663=ORIENTED_EDGE('',*,*,#1676,.F.);
#2664=ORIENTED_EDGE('',*,*,#1820,.T.);
#2665=ORIENTED_EDGE('',*,*,#1825,.T.);
#2666=ORIENTED_EDGE('',*,*,#1953,.T.);
#2667=ORIENTED_EDGE('',*,*,#1954,.T.);
#2668=ORIENTED_EDGE('',*,*,#1955,.F.);
#2669=ORIENTED_EDGE('',*,*,#1956,.F.);
#2670=ORIENTED_EDGE('',*,*,#1957,.F.);
#2671=ORIENTED_EDGE('',*,*,#1945,.F.);
#2672=ORIENTED_EDGE('',*,*,#1958,.F.);
#2673=ORIENTED_EDGE('',*,*,#1959,.F.);
#2674=ORIENTED_EDGE('',*,*,#1960,.F.);
#2675=ORIENTED_EDGE('',*,*,#1961,.F.);
#2676=ORIENTED_EDGE('',*,*,#1962,.F.);
#2677=ORIENTED_EDGE('',*,*,#1963,.T.);
#2678=ORIENTED_EDGE('',*,*,#1953,.F.);
#2679=ORIENTED_EDGE('',*,*,#1963,.F.);
#2680=ORIENTED_EDGE('',*,*,#1964,.F.);
#2681=ORIENTED_EDGE('',*,*,#1965,.T.);
#2682=ORIENTED_EDGE('',*,*,#1966,.F.);
#2683=ORIENTED_EDGE('',*,*,#1965,.F.);
#2684=ORIENTED_EDGE('',*,*,#1967,.F.);
#2685=ORIENTED_EDGE('',*,*,#1968,.T.);
#2686=ORIENTED_EDGE('',*,*,#1969,.F.);
#2687=ORIENTED_EDGE('',*,*,#1968,.F.);
#2688=ORIENTED_EDGE('',*,*,#1947,.F.);
#2689=ORIENTED_EDGE('',*,*,#1970,.T.);
#2690=ORIENTED_EDGE('',*,*,#1971,.F.);
#2691=ORIENTED_EDGE('',*,*,#1970,.F.);
#2692=ORIENTED_EDGE('',*,*,#1972,.F.);
#2693=ORIENTED_EDGE('',*,*,#1973,.T.);
#2694=ORIENTED_EDGE('',*,*,#1954,.F.);
#2695=ORIENTED_EDGE('',*,*,#1973,.F.);
#2696=ORIENTED_EDGE('',*,*,#1974,.F.);
#2697=ORIENTED_EDGE('',*,*,#1975,.T.);
#2698=ORIENTED_EDGE('',*,*,#1976,.F.);
#2699=ORIENTED_EDGE('',*,*,#1975,.F.);
#2700=ORIENTED_EDGE('',*,*,#1977,.F.);
#2701=ORIENTED_EDGE('',*,*,#1978,.F.);
#2702=ORIENTED_EDGE('',*,*,#1979,.F.);
#2703=ORIENTED_EDGE('',*,*,#1951,.F.);
#2704=ORIENTED_EDGE('',*,*,#1980,.F.);
#2705=ORIENTED_EDGE('',*,*,#1981,.F.);
#2706=ORIENTED_EDGE('',*,*,#1982,.F.);
#2707=ORIENTED_EDGE('',*,*,#1983,.F.);
#2708=ORIENTED_EDGE('',*,*,#1984,.F.);
#2709=ORIENTED_EDGE('',*,*,#1985,.T.);
#2710=ORIENTED_EDGE('',*,*,#1986,.F.);
#2711=ORIENTED_EDGE('',*,*,#1985,.F.);
#2712=ORIENTED_EDGE('',*,*,#1948,.F.);
#2713=ORIENTED_EDGE('',*,*,#1987,.T.);
#2714=ORIENTED_EDGE('',*,*,#1988,.F.);
#2715=ORIENTED_EDGE('',*,*,#1987,.F.);
#2716=ORIENTED_EDGE('',*,*,#1957,.T.);
#2717=ORIENTED_EDGE('',*,*,#1989,.T.);
#2718=ORIENTED_EDGE('',*,*,#1620,.T.);
#2719=ORIENTED_EDGE('',*,*,#1946,.T.);
#2720=ORIENTED_EDGE('',*,*,#1960,.T.);
#2721=ORIENTED_EDGE('',*,*,#1990,.T.);
#2722=ORIENTED_EDGE('',*,*,#1991,.T.);
#2723=ORIENTED_EDGE('',*,*,#1992,.T.);
#2724=ORIENTED_EDGE('',*,*,#1982,.T.);
#2725=ORIENTED_EDGE('',*,*,#1993,.T.);
#2726=ORIENTED_EDGE('',*,*,#1994,.T.);
#2727=ORIENTED_EDGE('',*,*,#1995,.T.);
#2728=ORIENTED_EDGE('',*,*,#1979,.T.);
#2729=ORIENTED_EDGE('',*,*,#1996,.T.);
#2730=ORIENTED_EDGE('',*,*,#1602,.T.);
#2731=ORIENTED_EDGE('',*,*,#1952,.T.);
#2732=ORIENTED_EDGE('',*,*,#1983,.T.);
#2733=ORIENTED_EDGE('',*,*,#1995,.F.);
#2734=ORIENTED_EDGE('',*,*,#1997,.F.);
#2735=ORIENTED_EDGE('',*,*,#1625,.F.);
#2736=ORIENTED_EDGE('',*,*,#1773,.T.);
#2737=ORIENTED_EDGE('',*,*,#1881,.T.);
#2738=ORIENTED_EDGE('',*,*,#1640,.F.);
#2739=ORIENTED_EDGE('',*,*,#1644,.T.);
#2740=ORIENTED_EDGE('',*,*,#1998,.F.);
#2741=ORIENTED_EDGE('',*,*,#1976,.T.);
#2742=ORIENTED_EDGE('',*,*,#1966,.T.);
#2743=ORIENTED_EDGE('',*,*,#1961,.T.);
#2744=ORIENTED_EDGE('',*,*,#1992,.F.);
#2745=ORIENTED_EDGE('',*,*,#1999,.F.);
#2746=ORIENTED_EDGE('',*,*,#1607,.F.);
#2747=ORIENTED_EDGE('',*,*,#1781,.T.);
#2748=ORIENTED_EDGE('',*,*,#1836,.T.);
#2749=ORIENTED_EDGE('',*,*,#1653,.F.);
#2750=ORIENTED_EDGE('',*,*,#1657,.T.);
#2751=ORIENTED_EDGE('',*,*,#2000,.F.);
#2752=ORIENTED_EDGE('',*,*,#1984,.T.);
#2753=ORIENTED_EDGE('',*,*,#1967,.T.);
#2754=ORIENTED_EDGE('',*,*,#1956,.T.);
#2755=ORIENTED_EDGE('',*,*,#2001,.F.);
#2756=ORIENTED_EDGE('',*,*,#1898,.F.);
#2757=ORIENTED_EDGE('',*,*,#1649,.F.);
#2758=ORIENTED_EDGE('',*,*,#2002,.F.);
#2759=ORIENTED_EDGE('',*,*,#1774,.T.);
#2760=ORIENTED_EDGE('',*,*,#1615,.T.);
#2761=ORIENTED_EDGE('',*,*,#1621,.T.);
#2762=ORIENTED_EDGE('',*,*,#1989,.F.);
#2763=ORIENTED_EDGE('',*,*,#1971,.T.);
#2764=ORIENTED_EDGE('',*,*,#1988,.T.);
#2765=ORIENTED_EDGE('',*,*,#1955,.T.);
#2766=ORIENTED_EDGE('',*,*,#1944,.T.);
#2767=ORIENTED_EDGE('',*,*,#1899,.T.);
#2768=ORIENTED_EDGE('',*,*,#2001,.T.);
#2769=ORIENTED_EDGE('',*,*,#1699,.T.);
#2770=ORIENTED_EDGE('',*,*,#1997,.T.);
#2771=ORIENTED_EDGE('',*,*,#1994,.F.);
#2772=ORIENTED_EDGE('',*,*,#2003,.F.);
#2773=ORIENTED_EDGE('',*,*,#1981,.T.);
#2774=ORIENTED_EDGE('',*,*,#2004,.F.);
#2775=ORIENTED_EDGE('',*,*,#1642,.F.);
#2776=ORIENTED_EDGE('',*,*,#1638,.F.);
#2777=ORIENTED_EDGE('',*,*,#1884,.F.);
#2778=ORIENTED_EDGE('',*,*,#1882,.F.);
#2779=ORIENTED_EDGE('',*,*,#1700,.F.);
#2780=ORIENTED_EDGE('',*,*,#2003,.T.);
#2781=ORIENTED_EDGE('',*,*,#1993,.F.);
#2782=ORIENTED_EDGE('',*,*,#1964,.T.);
#2783=ORIENTED_EDGE('',*,*,#1974,.T.);
#2784=ORIENTED_EDGE('',*,*,#1980,.T.);
#2785=ORIENTED_EDGE('',*,*,#1998,.T.);
#2786=ORIENTED_EDGE('',*,*,#1643,.T.);
#2787=ORIENTED_EDGE('',*,*,#2004,.T.);
#2788=ORIENTED_EDGE('',*,*,#1680,.T.);
#2789=ORIENTED_EDGE('',*,*,#1999,.T.);
#2790=ORIENTED_EDGE('',*,*,#1991,.F.);
#2791=ORIENTED_EDGE('',*,*,#2005,.F.);
#2792=ORIENTED_EDGE('',*,*,#1959,.T.);
#2793=ORIENTED_EDGE('',*,*,#2006,.F.);
#2794=ORIENTED_EDGE('',*,*,#1655,.F.);
#2795=ORIENTED_EDGE('',*,*,#1651,.F.);
#2796=ORIENTED_EDGE('',*,*,#1839,.F.);
#2797=ORIENTED_EDGE('',*,*,#1837,.F.);
#2798=ORIENTED_EDGE('',*,*,#1681,.F.);
#2799=ORIENTED_EDGE('',*,*,#2005,.T.);
#2800=ORIENTED_EDGE('',*,*,#1990,.F.);
#2801=ORIENTED_EDGE('',*,*,#1969,.T.);
#2802=ORIENTED_EDGE('',*,*,#1986,.T.);
#2803=ORIENTED_EDGE('',*,*,#1958,.T.);
#2804=ORIENTED_EDGE('',*,*,#2000,.T.);
#2805=ORIENTED_EDGE('',*,*,#1656,.T.);
#2806=ORIENTED_EDGE('',*,*,#2006,.T.);
#2807=ORIENTED_EDGE('',*,*,#1978,.T.);
#2808=ORIENTED_EDGE('',*,*,#2007,.F.);
#2809=ORIENTED_EDGE('',*,*,#1911,.F.);
#2810=ORIENTED_EDGE('',*,*,#1636,.F.);
#2811=ORIENTED_EDGE('',*,*,#2008,.F.);
#2812=ORIENTED_EDGE('',*,*,#1782,.T.);
#2813=ORIENTED_EDGE('',*,*,#1597,.T.);
#2814=ORIENTED_EDGE('',*,*,#1603,.T.);
#2815=ORIENTED_EDGE('',*,*,#1996,.F.);
#2816=ORIENTED_EDGE('',*,*,#1962,.T.);
#2817=ORIENTED_EDGE('',*,*,#1972,.T.);
#2818=ORIENTED_EDGE('',*,*,#1977,.T.);
#2819=ORIENTED_EDGE('',*,*,#1950,.T.);
#2820=ORIENTED_EDGE('',*,*,#1912,.T.);
#2821=ORIENTED_EDGE('',*,*,#2007,.T.);
#2822=ORIENTED_EDGE('',*,*,#1783,.T.);
#2823=ORIENTED_EDGE('',*,*,#2008,.T.);
#2824=ORIENTED_EDGE('',*,*,#1635,.F.);
#2825=ORIENTED_EDGE('',*,*,#2009,.F.);
#2826=ORIENTED_EDGE('',*,*,#1784,.T.);
#2827=ORIENTED_EDGE('',*,*,#2009,.T.);
#2828=ORIENTED_EDGE('',*,*,#1634,.T.);
#2829=ORIENTED_EDGE('',*,*,#1823,.T.);
#2830=ORIENTED_EDGE('',*,*,#1826,.F.);
#2831=ORIENTED_EDGE('',*,*,#1818,.F.);
#2832=ORIENTED_EDGE('',*,*,#1708,.F.);
#2833=ORIENTED_EDGE('',*,*,#1892,.F.);
#2834=ORIENTED_EDGE('',*,*,#1888,.F.);
#2835=ORIENTED_EDGE('',*,*,#1907,.F.);
#2836=ORIENTED_EDGE('',*,*,#1775,.T.);
#2837=ORIENTED_EDGE('',*,*,#2002,.T.);
#2838=ORIENTED_EDGE('',*,*,#1648,.F.);
#2839=ORIENTED_EDGE('',*,*,#2010,.F.);
#2840=ORIENTED_EDGE('',*,*,#1776,.T.);
#2841=ORIENTED_EDGE('',*,*,#2010,.T.);
#2842=ORIENTED_EDGE('',*,*,#1647,.T.);
#2843=ORIENTED_EDGE('',*,*,#1868,.T.);
#2844=ORIENTED_EDGE('',*,*,#1871,.F.);
#2845=ORIENTED_EDGE('',*,*,#1863,.F.);
#2846=ORIENTED_EDGE('',*,*,#1693,.F.);
#2847=ORIENTED_EDGE('',*,*,#1905,.F.);
#2848=ORIENTED_EDGE('',*,*,#1901,.F.);
#2849=ORIENTED_EDGE('',*,*,#2011,.F.);
#2850=ORIENTED_EDGE('',*,*,#1827,.T.);
#2851=ORIENTED_EDGE('',*,*,#1778,.T.);
#2852=ORIENTED_EDGE('',*,*,#1767,.T.);
#2853=ORIENTED_EDGE('',*,*,#1768,.F.);
#2854=ORIENTED_EDGE('',*,*,#1761,.F.);
#2855=ORIENTED_EDGE('',*,*,#1777,.T.);
#2856=ORIENTED_EDGE('',*,*,#2011,.T.);
#2857=ORIENTED_EDGE('',*,*,#1904,.F.);
#2858=ORIENTED_EDGE('',*,*,#1938,.F.);
#2859=ORIENTED_EDGE('',*,*,#1690,.F.);
#2860=ORIENTED_EDGE('',*,*,#1934,.T.);
#2861=ORIENTED_EDGE('',*,*,#1935,.F.);
#2862=ORIENTED_EDGE('',*,*,#1928,.F.);
#2863=ORIENTED_EDGE('',*,*,#1686,.F.);
#2864=ORIENTED_EDGE('',*,*,#1916,.T.);
#2865=ORIENTED_EDGE('',*,*,#1926,.T.);
#2866=ORIENTED_EDGE('',*,*,#1923,.T.);
#2867=ORIENTED_EDGE('',*,*,#1920,.T.);
#2868=CYLINDRICAL_SURFACE('',#3100,0.650000000000001);
#2869=CYLINDRICAL_SURFACE('',#3104,1.);
#2870=CYLINDRICAL_SURFACE('',#3108,0.649999999999998);
#2871=CYLINDRICAL_SURFACE('',#3112,1.);
#2872=CYLINDRICAL_SURFACE('',#3116,4.5);
#2873=CYLINDRICAL_SURFACE('',#3120,4.5);
#2874=CYLINDRICAL_SURFACE('',#3124,4.5);
#2875=CYLINDRICAL_SURFACE('',#3128,4.5);
#2876=CYLINDRICAL_SURFACE('',#3132,2.6);
#2877=CYLINDRICAL_SURFACE('',#3136,2.6);
#2878=CYLINDRICAL_SURFACE('',#3140,2.6);
#2879=CYLINDRICAL_SURFACE('',#3144,2.6);
#2880=CYLINDRICAL_SURFACE('',#3148,2.);
#2881=CYLINDRICAL_SURFACE('',#3151,2.);
#2882=CYLINDRICAL_SURFACE('',#3153,2.);
#2883=CYLINDRICAL_SURFACE('',#3155,2.);
#2884=CYLINDRICAL_SURFACE('',#3159,2.);
#2885=CYLINDRICAL_SURFACE('',#3162,2.);
#2886=CYLINDRICAL_SURFACE('',#3164,2.);
#2887=CYLINDRICAL_SURFACE('',#3166,2.);
#2888=CYLINDRICAL_SURFACE('',#3169,2.);
#2889=CYLINDRICAL_SURFACE('',#3172,2.);
#2890=CYLINDRICAL_SURFACE('',#3174,2.);
#2891=CYLINDRICAL_SURFACE('',#3176,2.);
#2892=CYLINDRICAL_SURFACE('',#3179,2.);
#2893=CYLINDRICAL_SURFACE('',#3182,2.);
#2894=CYLINDRICAL_SURFACE('',#3184,2.);
#2895=CYLINDRICAL_SURFACE('',#3186,2.);
#2896=CYLINDRICAL_SURFACE('',#3194,1.5);
#2897=CYLINDRICAL_SURFACE('',#3198,1.5);
#2898=CYLINDRICAL_SURFACE('',#3202,1.5);
#2899=CYLINDRICAL_SURFACE('',#3206,1.5);
#2900=CYLINDRICAL_SURFACE('',#3288,2.25000000000001);
#2901=CYLINDRICAL_SURFACE('',#3290,2.25000000000001);
#2902=CYLINDRICAL_SURFACE('',#3293,2.5);
#2903=CYLINDRICAL_SURFACE('',#3295,2.5);
#2904=CYLINDRICAL_SURFACE('',#3298,2.5);
#2905=CYLINDRICAL_SURFACE('',#3301,2.5);
#2906=CYLINDRICAL_SURFACE('',#3303,5.);
#2907=CYLINDRICAL_SURFACE('',#3305,5.);
#2908=CYLINDRICAL_SURFACE('',#3308,2.25);
#2909=CYLINDRICAL_SURFACE('',#3310,2.25);
#2910=CYLINDRICAL_SURFACE('',#3313,5.);
#2911=CYLINDRICAL_SURFACE('',#3316,5.);
#2912=ADVANCED_FACE('',(#181),#2868,.T.);
#2913=ADVANCED_FACE('',(#182),#60,.T.);
#2914=ADVANCED_FACE('',(#183),#2869,.T.);
#2915=ADVANCED_FACE('',(#184),#61,.T.);
#2916=ADVANCED_FACE('',(#185),#2870,.T.);
#2917=ADVANCED_FACE('',(#186),#62,.T.);
#2918=ADVANCED_FACE('',(#187),#2871,.T.);
#2919=ADVANCED_FACE('',(#188),#63,.T.);
#2920=ADVANCED_FACE('',(#189),#2872,.F.);
#2921=ADVANCED_FACE('',(#190),#64,.T.);
#2922=ADVANCED_FACE('',(#191),#2873,.F.);
#2923=ADVANCED_FACE('',(#192),#65,.T.);
#2924=ADVANCED_FACE('',(#193),#2874,.F.);
#2925=ADVANCED_FACE('',(#194),#66,.T.);
#2926=ADVANCED_FACE('',(#195),#2875,.F.);
#2927=ADVANCED_FACE('',(#196),#67,.T.);
#2928=ADVANCED_FACE('',(#197),#2876,.F.);
#2929=ADVANCED_FACE('',(#198),#2877,.F.);
#2930=ADVANCED_FACE('',(#199),#68,.T.);
#2931=ADVANCED_FACE('',(#200),#2878,.F.);
#2932=ADVANCED_FACE('',(#201),#2879,.F.);
#2933=ADVANCED_FACE('',(#202),#69,.T.);
#2934=ADVANCED_FACE('',(#203),#2880,.F.);
#2935=ADVANCED_FACE('',(#204),#2881,.F.);
#2936=ADVANCED_FACE('',(#205),#2882,.F.);
#2937=ADVANCED_FACE('',(#206),#2883,.F.);
#2938=ADVANCED_FACE('',(#207),#70,.T.);
#2939=ADVANCED_FACE('',(#208),#71,.T.);
#2940=ADVANCED_FACE('',(#209,#15,#16,#17,#18,#19,#20,#21,#22),#72,.T.);
#2941=ADVANCED_FACE('',(#210),#2884,.F.);
#2942=ADVANCED_FACE('',(#211),#2885,.F.);
#2943=ADVANCED_FACE('',(#212),#2886,.F.);
#2944=ADVANCED_FACE('',(#213),#2887,.F.);
#2945=ADVANCED_FACE('',(#214),#73,.T.);
#2946=ADVANCED_FACE('',(#215),#74,.T.);
#2947=ADVANCED_FACE('',(#216),#2888,.F.);
#2948=ADVANCED_FACE('',(#217),#2889,.F.);
#2949=ADVANCED_FACE('',(#218),#2890,.F.);
#2950=ADVANCED_FACE('',(#219),#2891,.F.);
#2951=ADVANCED_FACE('',(#220),#75,.T.);
#2952=ADVANCED_FACE('',(#221),#76,.T.);
#2953=ADVANCED_FACE('',(#222),#2892,.F.);
#2954=ADVANCED_FACE('',(#223),#2893,.F.);
#2955=ADVANCED_FACE('',(#224),#2894,.F.);
#2956=ADVANCED_FACE('',(#225),#2895,.F.);
#2957=ADVANCED_FACE('',(#226),#77,.T.);
#2958=ADVANCED_FACE('',(#227),#78,.T.);
#2959=ADVANCED_FACE('',(#228),#79,.T.);
#2960=ADVANCED_FACE('',(#229),#80,.T.);
#2961=ADVANCED_FACE('',(#230),#81,.T.);
#2962=ADVANCED_FACE('',(#231),#82,.F.);
#2963=ADVANCED_FACE('',(#232),#83,.F.);
#2964=ADVANCED_FACE('',(#233),#2896,.T.);
#2965=ADVANCED_FACE('',(#234),#84,.T.);
#2966=ADVANCED_FACE('',(#235),#2897,.T.);
#2967=ADVANCED_FACE('',(#236),#85,.T.);
#2968=ADVANCED_FACE('',(#237),#2898,.T.);
#2969=ADVANCED_FACE('',(#238),#86,.T.);
#2970=ADVANCED_FACE('',(#239),#2899,.T.);
#2971=ADVANCED_FACE('',(#240),#87,.T.);
#2972=ADVANCED_FACE('',(#241,#23),#88,.T.);
#2973=ADVANCED_FACE('',(#242,#24),#89,.T.);
#2974=ADVANCED_FACE('',(#243,#25),#90,.T.);
#2975=ADVANCED_FACE('',(#244,#26),#91,.T.);
#2976=ADVANCED_FACE('',(#245),#92,.T.);
#2977=ADVANCED_FACE('',(#246),#93,.T.);
#2978=ADVANCED_FACE('',(#247),#94,.T.);
#2979=ADVANCED_FACE('',(#248),#95,.T.);
#2980=ADVANCED_FACE('',(#249),#96,.T.);
#2981=ADVANCED_FACE('',(#250),#97,.T.);
#2982=ADVANCED_FACE('',(#251),#98,.T.);
#2983=ADVANCED_FACE('',(#252),#99,.T.);
#2984=ADVANCED_FACE('',(#253),#100,.T.);
#2985=ADVANCED_FACE('',(#254),#101,.T.);
#2986=ADVANCED_FACE('',(#255),#102,.T.);
#2987=ADVANCED_FACE('',(#256),#103,.T.);
#2988=ADVANCED_FACE('',(#257),#104,.T.);
#2989=ADVANCED_FACE('',(#258),#105,.T.);
#2990=ADVANCED_FACE('',(#259),#106,.T.);
#2991=ADVANCED_FACE('',(#260),#107,.T.);
#2992=ADVANCED_FACE('',(#261),#108,.T.);
#2993=ADVANCED_FACE('',(#262),#109,.T.);
#2994=ADVANCED_FACE('',(#263),#110,.T.);
#2995=ADVANCED_FACE('',(#264),#111,.T.);
#2996=ADVANCED_FACE('',(#265),#112,.T.);
#2997=ADVANCED_FACE('',(#266),#113,.T.);
#2998=ADVANCED_FACE('',(#267),#114,.T.);
#2999=ADVANCED_FACE('',(#268),#115,.T.);
#3000=ADVANCED_FACE('',(#269),#116,.T.);
#3001=ADVANCED_FACE('',(#270),#117,.T.);
#3002=ADVANCED_FACE('',(#271),#118,.T.);
#3003=ADVANCED_FACE('',(#272),#119,.T.);
#3004=ADVANCED_FACE('',(#273),#120,.T.);
#3005=ADVANCED_FACE('',(#274),#121,.T.);
#3006=ADVANCED_FACE('',(#275),#122,.T.);
#3007=ADVANCED_FACE('',(#276),#123,.T.);
#3008=ADVANCED_FACE('',(#277),#124,.T.);
#3009=ADVANCED_FACE('',(#278),#125,.T.);
#3010=ADVANCED_FACE('',(#279),#126,.T.);
#3011=ADVANCED_FACE('',(#280),#127,.T.);
#3012=ADVANCED_FACE('',(#281),#128,.T.);
#3013=ADVANCED_FACE('',(#282),#129,.T.);
#3014=ADVANCED_FACE('',(#283),#130,.T.);
#3015=ADVANCED_FACE('',(#284),#131,.T.);
#3016=ADVANCED_FACE('',(#285),#132,.T.);
#3017=ADVANCED_FACE('',(#286),#133,.T.);
#3018=ADVANCED_FACE('',(#287),#134,.T.);
#3019=ADVANCED_FACE('',(#288),#135,.T.);
#3020=ADVANCED_FACE('',(#289),#136,.T.);
#3021=ADVANCED_FACE('',(#290),#137,.T.);
#3022=ADVANCED_FACE('',(#291),#138,.T.);
#3023=ADVANCED_FACE('',(#292),#139,.T.);
#3024=ADVANCED_FACE('',(#293),#140,.T.);
#3025=ADVANCED_FACE('',(#294),#141,.T.);
#3026=ADVANCED_FACE('',(#295),#142,.F.);
#3027=ADVANCED_FACE('',(#296),#143,.F.);
#3028=ADVANCED_FACE('',(#297),#144,.F.);
#3029=ADVANCED_FACE('',(#298),#145,.F.);
#3030=ADVANCED_FACE('',(#299),#146,.F.);
#3031=ADVANCED_FACE('',(#300),#147,.T.);
#3032=ADVANCED_FACE('',(#301),#148,.T.);
#3033=ADVANCED_FACE('',(#302),#149,.T.);
#3034=ADVANCED_FACE('',(#303),#150,.T.);
#3035=ADVANCED_FACE('',(#304),#151,.T.);
#3036=ADVANCED_FACE('',(#305),#152,.T.);
#3037=ADVANCED_FACE('',(#306),#153,.T.);
#3038=ADVANCED_FACE('',(#307),#154,.T.);
#3039=ADVANCED_FACE('',(#308),#155,.T.);
#3040=ADVANCED_FACE('',(#309),#156,.T.);
#3041=ADVANCED_FACE('',(#310,#27,#28),#157,.T.);
#3042=ADVANCED_FACE('',(#311),#158,.T.);
#3043=ADVANCED_FACE('',(#312,#29,#30),#159,.T.);
#3044=ADVANCED_FACE('',(#313),#2900,.F.);
#3045=ADVANCED_FACE('',(#314),#2901,.F.);
#3046=ADVANCED_FACE('',(#315),#2902,.F.);
#3047=ADVANCED_FACE('',(#316),#2903,.F.);
#3048=ADVANCED_FACE('',(#317),#2904,.F.);
#3049=ADVANCED_FACE('',(#318),#2905,.F.);
#3050=ADVANCED_FACE('',(#319),#2906,.F.);
#3051=ADVANCED_FACE('',(#320),#2907,.F.);
#3052=ADVANCED_FACE('',(#321),#2908,.F.);
#3053=ADVANCED_FACE('',(#322),#2909,.F.);
#3054=ADVANCED_FACE('',(#323),#2910,.F.);
#3055=ADVANCED_FACE('',(#324),#2911,.F.);
#3056=ADVANCED_FACE('',(#325),#160,.T.);
#3057=ADVANCED_FACE('',(#326),#161,.T.);
#3058=ADVANCED_FACE('',(#327),#162,.T.);
#3059=ADVANCED_FACE('',(#328),#163,.T.);
#3060=ADVANCED_FACE('',(#329,#31,#32),#164,.T.);
#3061=ADVANCED_FACE('',(#330,#33,#34),#165,.T.);
#3062=ADVANCED_FACE('',(#331,#35,#36),#166,.T.);
#3063=ADVANCED_FACE('',(#332),#167,.T.);
#3064=ADVANCED_FACE('',(#333),#168,.T.);
#3065=ADVANCED_FACE('',(#334,#37,#38),#169,.T.);
#3066=ADVANCED_FACE('',(#335),#170,.T.);
#3067=ADVANCED_FACE('',(#336),#171,.T.);
#3068=ADVANCED_FACE('',(#337,#39,#40),#172,.T.);
#3069=ADVANCED_FACE('',(#338),#173,.T.);
#3070=ADVANCED_FACE('',(#339,#41,#42),#174,.T.);
#3071=ADVANCED_FACE('',(#340),#175,.T.);
#3072=ADVANCED_FACE('',(#341),#176,.T.);
#3073=ADVANCED_FACE('',(#342),#177,.T.);
#3074=ADVANCED_FACE('',(#343),#178,.T.);
#3075=ADVANCED_FACE('',(#344),#179,.T.);
#3076=ADVANCED_FACE('',(#345,#43),#180,.T.);
#3077=CLOSED_SHELL('',(#2912,#2913,#2914,#2915,#2916,#2917,#2918,#2919,
#2920,#2921,#2922,#2923,#2924,#2925,#2926,#2927,#2928,#2929,#2930,#2931,
#2932,#2933,#2934,#2935,#2936,#2937,#2938,#2939,#2940,#2941,#2942,#2943,
#2944,#2945,#2946,#2947,#2948,#2949,#2950,#2951,#2952,#2953,#2954,#2955,
#2956,#2957,#2958,#2959,#2960,#2961,#2962,#2963,#2964,#2965,#2966,#2967,
#2968,#2969,#2970,#2971,#2972,#2973,#2974,#2975,#2976,#2977,#2978,#2979,
#2980,#2981,#2982,#2983,#2984,#2985,#2986,#2987,#2988,#2989,#2990,#2991,
#2992,#2993,#2994,#2995,#2996,#2997,#2998,#2999,#3000,#3001,#3002,#3003,
#3004,#3005,#3006,#3007,#3008,#3009,#3010,#3011,#3012,#3013,#3014,#3015,
#3016,#3017,#3018,#3019,#3020,#3021,#3022,#3023,#3024,#3025,#3026,#3027,
#3028,#3029,#3030,#3031,#3032,#3033,#3034,#3035,#3036,#3037,#3038,#3039,
#3040,#3041,#3042,#3043,#3044,#3045,#3046,#3047,#3048,#3049,#3050,#3051,
#3052,#3053,#3054,#3055,#3056,#3057,#3058,#3059,#3060,#3061,#3062,#3063,
#3064,#3065,#3066,#3067,#3068,#3069,#3070,#3071,#3072,#3073,#3074,#3075,
#3076));
#3078=DERIVED_UNIT_ELEMENT(#3081,1.);
#3079=DERIVED_UNIT_ELEMENT(#5050,-3.);
#3080=DIMENSIONAL_EXPONENTS(0.,1.,0.,0.,0.,0.,0.);
#3081=(
CONVERSION_BASED_UNIT('gram',#3083)
MASS_UNIT()
NAMED_UNIT(#3080)
);
#3082=(
MASS_UNIT()
NAMED_UNIT(*)
SI_UNIT(.KILO.,.GRAM.)
);
#3083=MASS_MEASURE_WITH_UNIT(MASS_MEASURE(0.001),#3082);
#3084=DERIVED_UNIT((#3078,#3079));
#3085=MEASURE_REPRESENTATION_ITEM('density measure',
POSITIVE_RATIO_MEASURE(1.),#3084);
#3086=PROPERTY_DEFINITION_REPRESENTATION(#3091,#3088);
#3087=PROPERTY_DEFINITION_REPRESENTATION(#3092,#3089);
#3088=REPRESENTATION('material name',(#3090),#5047);
#3089=REPRESENTATION('density',(#3085),#5047);
#3090=DESCRIPTIVE_REPRESENTATION_ITEM('Generic','Generic');
#3091=PROPERTY_DEFINITION('material property','material name',#5057);
#3092=PROPERTY_DEFINITION('material property','density of part',#5057);
#3093=DATE_TIME_ROLE('creation_date');
#3094=APPLIED_DATE_AND_TIME_ASSIGNMENT(#3095,#3093,(#5057));
#3095=DATE_AND_TIME(#3096,#3097);
#3096=CALENDAR_DATE(2026,4,5);
#3097=LOCAL_TIME(0,0,0.,#3098);
#3098=COORDINATED_UNIVERSAL_TIME_OFFSET(0,0,.BEHIND.);
#3099=AXIS2_PLACEMENT_3D('',#4173,#3339,#3340);
#3100=AXIS2_PLACEMENT_3D('',#4174,#3341,#3342);
#3101=AXIS2_PLACEMENT_3D('',#4176,#3343,#3344);
#3102=AXIS2_PLACEMENT_3D('',#4179,#3346,#3347);
#3103=AXIS2_PLACEMENT_3D('',#4180,#3348,#3349);
#3104=AXIS2_PLACEMENT_3D('',#4181,#3350,#3351);
#3105=AXIS2_PLACEMENT_3D('',#4183,#3352,#3353);
#3106=AXIS2_PLACEMENT_3D('',#4186,#3355,#3356);
#3107=AXIS2_PLACEMENT_3D('',#4187,#3357,#3358);
#3108=AXIS2_PLACEMENT_3D('',#4188,#3359,#3360);
#3109=AXIS2_PLACEMENT_3D('',#4190,#3361,#3362);
#3110=AXIS2_PLACEMENT_3D('',#4193,#3364,#3365);
#3111=AXIS2_PLACEMENT_3D('',#4194,#3366,#3367);
#3112=AXIS2_PLACEMENT_3D('',#4195,#3368,#3369);
#3113=AXIS2_PLACEMENT_3D('',#4197,#3370,#3371);
#3114=AXIS2_PLACEMENT_3D('',#4200,#3373,#3374);
#3115=AXIS2_PLACEMENT_3D('',#4201,#3375,#3376);
#3116=AXIS2_PLACEMENT_3D('',#4202,#3377,#3378);
#3117=AXIS2_PLACEMENT_3D('',#4205,#3379,#3380);
#3118=AXIS2_PLACEMENT_3D('',#4209,#3382,#3383);
#3119=AXIS2_PLACEMENT_3D('',#4211,#3385,#3386);
#3120=AXIS2_PLACEMENT_3D('',#4219,#3391,#3392);
#3121=AXIS2_PLACEMENT_3D('',#4222,#3393,#3394);
#3122=AXIS2_PLACEMENT_3D('',#4226,#3396,#3397);
#3123=AXIS2_PLACEMENT_3D('',#4228,#3399,#3400);
#3124=AXIS2_PLACEMENT_3D('',#4239,#3407,#3408);
#3125=AXIS2_PLACEMENT_3D('',#4242,#3409,#3410);
#3126=AXIS2_PLACEMENT_3D('',#4246,#3412,#3413);
#3127=AXIS2_PLACEMENT_3D('',#4248,#3415,#3416);
#3128=AXIS2_PLACEMENT_3D('',#4256,#3421,#3422);
#3129=AXIS2_PLACEMENT_3D('',#4259,#3423,#3424);
#3130=AXIS2_PLACEMENT_3D('',#4263,#3426,#3427);
#3131=AXIS2_PLACEMENT_3D('',#4265,#3429,#3430);
#3132=AXIS2_PLACEMENT_3D('',#4276,#3437,#3438);
#3133=AXIS2_PLACEMENT_3D('',#4279,#3439,#3440);
#3134=AXIS2_PLACEMENT_3D('',#4283,#3442,#3443);
#3135=AXIS2_PLACEMENT_3D('',#4287,#3445,#3446);
#3136=AXIS2_PLACEMENT_3D('',#4289,#3448,#3449);
#3137=AXIS2_PLACEMENT_3D('',#4292,#3450,#3451);
#3138=AXIS2_PLACEMENT_3D('',#4296,#3453,#3454);
#3139=AXIS2_PLACEMENT_3D('',#4298,#3456,#3457);
#3140=AXIS2_PLACEMENT_3D('',#4304,#3461,#3462);
#3141=AXIS2_PLACEMENT_3D('',#4307,#3463,#3464);
#3142=AXIS2_PLACEMENT_3D('',#4311,#3466,#3467);
#3143=AXIS2_PLACEMENT_3D('',#4315,#3469,#3470);
#3144=AXIS2_PLACEMENT_3D('',#4317,#3472,#3473);
#3145=AXIS2_PLACEMENT_3D('',#4320,#3474,#3475);
#3146=AXIS2_PLACEMENT_3D('',#4324,#3477,#3478);
#3147=AXIS2_PLACEMENT_3D('',#4326,#3480,#3481);
#3148=AXIS2_PLACEMENT_3D('',#4332,#3485,#3486);
#3149=AXIS2_PLACEMENT_3D('',#4337,#3488,#3489);
#3150=AXIS2_PLACEMENT_3D('',#4340,#3491,#3492);
#3151=AXIS2_PLACEMENT_3D('',#4341,#3493,#3494);
#3152=AXIS2_PLACEMENT_3D('',#4346,#3497,#3498);
#3153=AXIS2_PLACEMENT_3D('',#4347,#3499,#3500);
#3154=AXIS2_PLACEMENT_3D('',#4352,#3503,#3504);
#3155=AXIS2_PLACEMENT_3D('',#4353,#3505,#3506);
#3156=AXIS2_PLACEMENT_3D('',#4356,#3509,#3510);
#3157=AXIS2_PLACEMENT_3D('',#4362,#3514,#3515);
#3158=AXIS2_PLACEMENT_3D('',#4366,#3518,#3519);
#3159=AXIS2_PLACEMENT_3D('',#4455,#3566,#3567);
#3160=AXIS2_PLACEMENT_3D('',#4457,#3568,#3569);
#3161=AXIS2_PLACEMENT_3D('',#4460,#3571,#3572);
#3162=AXIS2_PLACEMENT_3D('',#4461,#3573,#3574);
#3163=AXIS2_PLACEMENT_3D('',#4464,#3576,#3577);
#3164=AXIS2_PLACEMENT_3D('',#4465,#3578,#3579);
#3165=AXIS2_PLACEMENT_3D('',#4468,#3581,#3582);
#3166=AXIS2_PLACEMENT_3D('',#4469,#3583,#3584);
#3167=AXIS2_PLACEMENT_3D('',#4471,#3586,#3587);
#3168=AXIS2_PLACEMENT_3D('',#4477,#3591,#3592);
#3169=AXIS2_PLACEMENT_3D('',#4481,#3595,#3596);
#3170=AXIS2_PLACEMENT_3D('',#4483,#3597,#3598);
#3171=AXIS2_PLACEMENT_3D('',#4486,#3600,#3601);
#3172=AXIS2_PLACEMENT_3D('',#4487,#3602,#3603);
#3173=AXIS2_PLACEMENT_3D('',#4490,#3605,#3606);
#3174=AXIS2_PLACEMENT_3D('',#4491,#3607,#3608);
#3175=AXIS2_PLACEMENT_3D('',#4494,#3610,#3611);
#3176=AXIS2_PLACEMENT_3D('',#4495,#3612,#3613);
#3177=AXIS2_PLACEMENT_3D('',#4497,#3615,#3616);
#3178=AXIS2_PLACEMENT_3D('',#4503,#3620,#3621);
#3179=AXIS2_PLACEMENT_3D('',#4507,#3624,#3625);
#3180=AXIS2_PLACEMENT_3D('',#4511,#3627,#3628);
#3181=AXIS2_PLACEMENT_3D('',#4512,#3629,#3630);
#3182=AXIS2_PLACEMENT_3D('',#4513,#3631,#3632);
#3183=AXIS2_PLACEMENT_3D('',#4516,#3634,#3635);
#3184=AXIS2_PLACEMENT_3D('',#4517,#3636,#3637);
#3185=AXIS2_PLACEMENT_3D('',#4520,#3639,#3640);
#3186=AXIS2_PLACEMENT_3D('',#4521,#3641,#3642);
#3187=AXIS2_PLACEMENT_3D('',#4523,#3644,#3645);
#3188=AXIS2_PLACEMENT_3D('',#4529,#3649,#3650);
#3189=AXIS2_PLACEMENT_3D('',#4533,#3653,#3654);
#3190=AXIS2_PLACEMENT_3D('',#4542,#3659,#3660);
#3191=AXIS2_PLACEMENT_3D('',#4551,#3665,#3666);
#3192=AXIS2_PLACEMENT_3D('',#4554,#3669,#3670);
#3193=AXIS2_PLACEMENT_3D('',#4569,#3679,#3680);
#3194=AXIS2_PLACEMENT_3D('',#4584,#3689,#3690);
#3195=AXIS2_PLACEMENT_3D('',#4586,#3691,#3692);
#3196=AXIS2_PLACEMENT_3D('',#4589,#3694,#3695);
#3197=AXIS2_PLACEMENT_3D('',#4590,#3696,#3697);
#3198=AXIS2_PLACEMENT_3D('',#4591,#3698,#3699);
#3199=AXIS2_PLACEMENT_3D('',#4593,#3700,#3701);
#3200=AXIS2_PLACEMENT_3D('',#4596,#3703,#3704);
#3201=AXIS2_PLACEMENT_3D('',#4597,#3705,#3706);
#3202=AXIS2_PLACEMENT_3D('',#4598,#3707,#3708);
#3203=AXIS2_PLACEMENT_3D('',#4600,#3709,#3710);
#3204=AXIS2_PLACEMENT_3D('',#4603,#3712,#3713);
#3205=AXIS2_PLACEMENT_3D('',#4604,#3714,#3715);
#3206=AXIS2_PLACEMENT_3D('',#4605,#3716,#3717);
#3207=AXIS2_PLACEMENT_3D('',#4607,#3718,#3719);
#3208=AXIS2_PLACEMENT_3D('',#4610,#3721,#3722);
#3209=AXIS2_PLACEMENT_3D('',#4611,#3723,#3724);
#3210=AXIS2_PLACEMENT_3D('',#4612,#3725,#3726);
#3211=AXIS2_PLACEMENT_3D('',#4616,#3729,#3730);
#3212=AXIS2_PLACEMENT_3D('',#4620,#3733,#3734);
#3213=AXIS2_PLACEMENT_3D('',#4624,#3737,#3738);
#3214=AXIS2_PLACEMENT_3D('',#4628,#3741,#3742);
#3215=AXIS2_PLACEMENT_3D('',#4630,#3744,#3745);
#3216=AXIS2_PLACEMENT_3D('',#4631,#3746,#3747);
#3217=AXIS2_PLACEMENT_3D('',#4648,#3756,#3757);
#3218=AXIS2_PLACEMENT_3D('',#4654,#3761,#3762);
#3219=AXIS2_PLACEMENT_3D('',#4660,#3766,#3767);
#3220=AXIS2_PLACEMENT_3D('',#4667,#3772,#3773);
#3221=AXIS2_PLACEMENT_3D('',#4670,#3776,#3777);
#3222=AXIS2_PLACEMENT_3D('',#4677,#3782,#3783);
#3223=AXIS2_PLACEMENT_3D('',#4681,#3786,#3787);
#3224=AXIS2_PLACEMENT_3D('',#4685,#3790,#3791);
#3225=AXIS2_PLACEMENT_3D('',#4688,#3794,#3795);
#3226=AXIS2_PLACEMENT_3D('',#4692,#3798,#3799);
#3227=AXIS2_PLACEMENT_3D('',#4694,#3801,#3802);
#3228=AXIS2_PLACEMENT_3D('',#4696,#3804,#3805);
#3229=AXIS2_PLACEMENT_3D('',#4697,#3806,#3807);
#3230=AXIS2_PLACEMENT_3D('',#4701,#3810,#3811);
#3231=AXIS2_PLACEMENT_3D('',#4705,#3814,#3815);
#3232=AXIS2_PLACEMENT_3D('',#4707,#3817,#3818);
#3233=AXIS2_PLACEMENT_3D('',#4708,#3819,#3820);
#3234=AXIS2_PLACEMENT_3D('',#4712,#3823,#3824);
#3235=AXIS2_PLACEMENT_3D('',#4716,#3827,#3828);
#3236=AXIS2_PLACEMENT_3D('',#4718,#3830,#3831);
#3237=AXIS2_PLACEMENT_3D('',#4719,#3832,#3833);
#3238=AXIS2_PLACEMENT_3D('',#4721,#3835,#3836);
#3239=AXIS2_PLACEMENT_3D('',#4722,#3837,#3838);
#3240=AXIS2_PLACEMENT_3D('',#4739,#3847,#3848);
#3241=AXIS2_PLACEMENT_3D('',#4745,#3852,#3853);
#3242=AXIS2_PLACEMENT_3D('',#4751,#3857,#3858);
#3243=AXIS2_PLACEMENT_3D('',#4758,#3863,#3864);
#3244=AXIS2_PLACEMENT_3D('',#4761,#3867,#3868);
#3245=AXIS2_PLACEMENT_3D('',#4768,#3873,#3874);
#3246=AXIS2_PLACEMENT_3D('',#4772,#3877,#3878);
#3247=AXIS2_PLACEMENT_3D('',#4776,#3881,#3882);
#3248=AXIS2_PLACEMENT_3D('',#4779,#3885,#3886);
#3249=AXIS2_PLACEMENT_3D('',#4783,#3889,#3890);
#3250=AXIS2_PLACEMENT_3D('',#4785,#3892,#3893);
#3251=AXIS2_PLACEMENT_3D('',#4787,#3895,#3896);
#3252=AXIS2_PLACEMENT_3D('',#4788,#3897,#3898);
#3253=AXIS2_PLACEMENT_3D('',#4792,#3901,#3902);
#3254=AXIS2_PLACEMENT_3D('',#4801,#3907,#3908);
#3255=AXIS2_PLACEMENT_3D('',#4804,#3911,#3912);
#3256=AXIS2_PLACEMENT_3D('',#4808,#3915,#3916);
#3257=AXIS2_PLACEMENT_3D('',#4812,#3919,#3920);
#3258=AXIS2_PLACEMENT_3D('',#4818,#3924,#3925);
#3259=AXIS2_PLACEMENT_3D('',#4827,#3930,#3931);
#3260=AXIS2_PLACEMENT_3D('',#4830,#3934,#3935);
#3261=AXIS2_PLACEMENT_3D('',#4833,#3938,#3939);
#3262=AXIS2_PLACEMENT_3D('',#4837,#3942,#3943);
#3263=AXIS2_PLACEMENT_3D('',#4843,#3947,#3948);
#3264=AXIS2_PLACEMENT_3D('',#4847,#3951,#3952);
#3265=AXIS2_PLACEMENT_3D('',#4856,#3957,#3958);
#3266=AXIS2_PLACEMENT_3D('',#4862,#3962,#3963);
#3267=AXIS2_PLACEMENT_3D('',#4868,#3967,#3968);
#3268=AXIS2_PLACEMENT_3D('',#4871,#3971,#3972);
#3269=AXIS2_PLACEMENT_3D('',#4872,#3973,#3974);
#3270=AXIS2_PLACEMENT_3D('',#4878,#3978,#3979);
#3271=AXIS2_PLACEMENT_3D('',#4882,#3982,#3983);
#3272=AXIS2_PLACEMENT_3D('',#4886,#3986,#3987);
#3273=AXIS2_PLACEMENT_3D('',#4888,#3989,#3990);
#3274=AXIS2_PLACEMENT_3D('',#4892,#3993,#3994);
#3275=AXIS2_PLACEMENT_3D('',#4894,#3996,#3997);
#3276=AXIS2_PLACEMENT_3D('',#4896,#3999,#4000);
#3277=AXIS2_PLACEMENT_3D('',#4902,#4004,#4005);
#3278=AXIS2_PLACEMENT_3D('',#4903,#4006,#4007);
#3279=AXIS2_PLACEMENT_3D('',#4905,#4009,#4010);
#3280=AXIS2_PLACEMENT_3D('',#4909,#4012,#4013);
#3281=AXIS2_PLACEMENT_3D('',#4912,#4015,#4016);
#3282=AXIS2_PLACEMENT_3D('',#4914,#4017,#4018);
#3283=AXIS2_PLACEMENT_3D('',#4915,#4019,#4020);
#3284=AXIS2_PLACEMENT_3D('',#4917,#4022,#4023);
#3285=AXIS2_PLACEMENT_3D('',#4921,#4025,#4026);
#3286=AXIS2_PLACEMENT_3D('',#4924,#4028,#4029);
#3287=AXIS2_PLACEMENT_3D('',#4926,#4030,#4031);
#3288=AXIS2_PLACEMENT_3D('',#4927,#4032,#4033);
#3289=AXIS2_PLACEMENT_3D('',#4931,#4035,#4036);
#3290=AXIS2_PLACEMENT_3D('',#4933,#4038,#4039);
#3291=AXIS2_PLACEMENT_3D('',#4938,#4041,#4042);
#3292=AXIS2_PLACEMENT_3D('',#4941,#4044,#4045);
#3293=AXIS2_PLACEMENT_3D('',#4942,#4046,#4047);
#3294=AXIS2_PLACEMENT_3D('',#4944,#4048,#4049);
#3295=AXIS2_PLACEMENT_3D('',#4946,#4051,#4052);
#3296=AXIS2_PLACEMENT_3D('',#4948,#4053,#4054);
#3297=AXIS2_PLACEMENT_3D('',#4951,#4056,#4057);
#3298=AXIS2_PLACEMENT_3D('',#4952,#4058,#4059);
#3299=AXIS2_PLACEMENT_3D('',#4954,#4060,#4061);
#3300=AXIS2_PLACEMENT_3D('',#4957,#4063,#4064);
#3301=AXIS2_PLACEMENT_3D('',#4958,#4065,#4066);
#3302=AXIS2_PLACEMENT_3D('',#4961,#4068,#4069);
#3303=AXIS2_PLACEMENT_3D('',#4962,#4070,#4071);
#3304=AXIS2_PLACEMENT_3D('',#4964,#4072,#4073);
#3305=AXIS2_PLACEMENT_3D('',#4966,#4075,#4076);
#3306=AXIS2_PLACEMENT_3D('',#4968,#4077,#4078);
#3307=AXIS2_PLACEMENT_3D('',#4971,#4080,#4081);
#3308=AXIS2_PLACEMENT_3D('',#4972,#4082,#4083);
#3309=AXIS2_PLACEMENT_3D('',#4976,#4085,#4086);
#3310=AXIS2_PLACEMENT_3D('',#4978,#4088,#4089);
#3311=AXIS2_PLACEMENT_3D('',#4983,#4091,#4092);
#3312=AXIS2_PLACEMENT_3D('',#4986,#4094,#4095);
#3313=AXIS2_PLACEMENT_3D('',#4987,#4096,#4097);
#3314=AXIS2_PLACEMENT_3D('',#4989,#4098,#4099);
#3315=AXIS2_PLACEMENT_3D('',#4992,#4101,#4102);
#3316=AXIS2_PLACEMENT_3D('',#4993,#4103,#4104);
#3317=AXIS2_PLACEMENT_3D('',#4996,#4106,#4107);
#3318=AXIS2_PLACEMENT_3D('',#4997,#4108,#4109);
#3319=AXIS2_PLACEMENT_3D('',#4999,#4111,#4112);
#3320=AXIS2_PLACEMENT_3D('',#5005,#4116,#4117);
#3321=AXIS2_PLACEMENT_3D('',#5011,#4121,#4122);
#3322=AXIS2_PLACEMENT_3D('',#5013,#4124,#4125);
#3323=AXIS2_PLACEMENT_3D('',#5016,#4128,#4129);
#3324=AXIS2_PLACEMENT_3D('',#5019,#4132,#4133);
#3325=AXIS2_PLACEMENT_3D('',#5022,#4136,#4137);
#3326=AXIS2_PLACEMENT_3D('',#5023,#4138,#4139);
#3327=AXIS2_PLACEMENT_3D('',#5025,#4141,#4142);
#3328=AXIS2_PLACEMENT_3D('',#5027,#4144,#4145);
#3329=AXIS2_PLACEMENT_3D('',#5028,#4146,#4147);
#3330=AXIS2_PLACEMENT_3D('',#5030,#4149,#4150);
#3331=AXIS2_PLACEMENT_3D('',#5032,#4152,#4153);
#3332=AXIS2_PLACEMENT_3D('',#5033,#4154,#4155);
#3333=AXIS2_PLACEMENT_3D('',#5036,#4158,#4159);
#3334=AXIS2_PLACEMENT_3D('',#5037,#4160,#4161);
#3335=AXIS2_PLACEMENT_3D('',#5039,#4163,#4164);
#3336=AXIS2_PLACEMENT_3D('',#5040,#4165,#4166);
#3337=AXIS2_PLACEMENT_3D('',#5042,#4168,#4169);
#3338=AXIS2_PLACEMENT_3D('',#5044,#4171,#4172);
#3339=DIRECTION('axis',(0.,0.,1.));
#3340=DIRECTION('refdir',(1.,0.,0.));
#3341=DIRECTION('center_axis',(0.,1.,0.));
#3342=DIRECTION('ref_axis',(-1.,0.,0.));
#3343=DIRECTION('center_axis',(0.,1.,0.));
#3344=DIRECTION('ref_axis',(-1.,0.,0.));
#3345=DIRECTION('',(0.,-1.,0.));
#3346=DIRECTION('center_axis',(0.,-1.,0.));
#3347=DIRECTION('ref_axis',(-1.,0.,0.));
#3348=DIRECTION('center_axis',(0.,1.,0.));
#3349=DIRECTION('ref_axis',(0.,0.,1.));
#3350=DIRECTION('center_axis',(0.,1.,0.));
#3351=DIRECTION('ref_axis',(-1.,0.,0.));
#3352=DIRECTION('center_axis',(0.,1.,0.));
#3353=DIRECTION('ref_axis',(-1.,0.,0.));
#3354=DIRECTION('',(0.,-1.,0.));
#3355=DIRECTION('center_axis',(0.,-1.,0.));
#3356=DIRECTION('ref_axis',(-1.,0.,0.));
#3357=DIRECTION('center_axis',(0.,1.,0.));
#3358=DIRECTION('ref_axis',(0.,0.,1.));
#3359=DIRECTION('center_axis',(0.,1.,0.));
#3360=DIRECTION('ref_axis',(-1.,0.,0.));
#3361=DIRECTION('center_axis',(0.,1.,0.));
#3362=DIRECTION('ref_axis',(-1.,0.,0.));
#3363=DIRECTION('',(0.,-1.,0.));
#3364=DIRECTION('center_axis',(0.,-1.,0.));
#3365=DIRECTION('ref_axis',(-1.,0.,0.));
#3366=DIRECTION('center_axis',(0.,1.,0.));
#3367=DIRECTION('ref_axis',(0.,0.,1.));
#3368=DIRECTION('center_axis',(0.,1.,0.));
#3369=DIRECTION('ref_axis',(-1.,0.,0.));
#3370=DIRECTION('center_axis',(0.,1.,0.));
#3371=DIRECTION('ref_axis',(-1.,0.,0.));
#3372=DIRECTION('',(0.,-1.,0.));
#3373=DIRECTION('center_axis',(0.,-1.,0.));
#3374=DIRECTION('ref_axis',(-1.,0.,0.));
#3375=DIRECTION('center_axis',(0.,1.,0.));
#3376=DIRECTION('ref_axis',(0.,0.,1.));
#3377=DIRECTION('center_axis',(0.,-1.,0.));
#3378=DIRECTION('ref_axis',(-0.707106781186547,0.,0.707106781186547));
#3379=DIRECTION('center_axis',(0.,1.,0.));
#3380=DIRECTION('ref_axis',(-0.707106781186547,0.,0.707106781186547));
#3381=DIRECTION('',(0.,1.,0.));
#3382=DIRECTION('center_axis',(0.,-1.,0.));
#3383=DIRECTION('ref_axis',(-0.707106781186547,0.,0.707106781186547));
#3384=DIRECTION('',(0.,1.,0.));
#3385=DIRECTION('center_axis',(0.,0.,-1.));
#3386=DIRECTION('ref_axis',(-1.,0.,0.));
#3387=DIRECTION('',(-1.,0.,0.));
#3388=DIRECTION('',(0.,1.,0.));
#3389=DIRECTION('',(-1.,0.,0.));
#3390=DIRECTION('',(0.,1.,0.));
#3391=DIRECTION('center_axis',(0.,1.,0.));
#3392=DIRECTION('ref_axis',(-0.707106781186548,0.,-0.707106781186548));
#3393=DIRECTION('center_axis',(0.,1.,0.));
#3394=DIRECTION('ref_axis',(-0.707106781186548,0.,-0.707106781186548));
#3395=DIRECTION('',(0.,-1.,0.));
#3396=DIRECTION('center_axis',(0.,-1.,0.));
#3397=DIRECTION('ref_axis',(-0.707106781186548,0.,-0.707106781186548));
#3398=DIRECTION('',(0.,1.,0.));
#3399=DIRECTION('center_axis',(1.,0.,-6.34413156928661E-16));
#3400=DIRECTION('ref_axis',(-6.34413156928661E-16,0.,-1.));
#3401=DIRECTION('',(-6.34413156928661E-16,0.,-1.));
#3402=DIRECTION('',(-6.34413156928661E-16,0.,-1.));
#3403=DIRECTION('',(0.,1.,0.));
#3404=DIRECTION('',(-6.34413156928661E-16,0.,-1.));
#3405=DIRECTION('',(0.,1.,0.));
#3406=DIRECTION('',(-6.34413156928661E-16,0.,-1.));
#3407=DIRECTION('center_axis',(0.,-1.,0.));
#3408=DIRECTION('ref_axis',(0.707106781186548,0.,-0.707106781186547));
#3409=DIRECTION('center_axis',(0.,1.,0.));
#3410=DIRECTION('ref_axis',(0.707106781186548,0.,-0.707106781186547));
#3411=DIRECTION('',(0.,1.,0.));
#3412=DIRECTION('center_axis',(0.,-1.,0.));
#3413=DIRECTION('ref_axis',(0.707106781186548,0.,-0.707106781186547));
#3414=DIRECTION('',(0.,1.,0.));
#3415=DIRECTION('center_axis',(0.,0.,1.));
#3416=DIRECTION('ref_axis',(1.,0.,0.));
#3417=DIRECTION('',(1.,0.,0.));
#3418=DIRECTION('',(0.,1.,0.));
#3419=DIRECTION('',(1.,0.,0.));
#3420=DIRECTION('',(0.,1.,0.));
#3421=DIRECTION('center_axis',(0.,1.,0.));
#3422=DIRECTION('ref_axis',(0.707106781186548,0.,0.707106781186547));
#3423=DIRECTION('center_axis',(0.,1.,0.));
#3424=DIRECTION('ref_axis',(0.707106781186548,0.,0.707106781186547));
#3425=DIRECTION('',(0.,-1.,0.));
#3426=DIRECTION('center_axis',(0.,-1.,0.));
#3427=DIRECTION('ref_axis',(0.707106781186548,0.,0.707106781186547));
#3428=DIRECTION('',(0.,1.,0.));
#3429=DIRECTION('center_axis',(-1.,0.,6.02692499082228E-16));
#3430=DIRECTION('ref_axis',(6.02692499082228E-16,0.,1.));
#3431=DIRECTION('',(6.02692499082228E-16,0.,1.));
#3432=DIRECTION('',(6.02692499082228E-16,0.,1.));
#3433=DIRECTION('',(0.,1.,0.));
#3434=DIRECTION('',(6.02692499082228E-16,0.,1.));
#3435=DIRECTION('',(0.,1.,0.));
#3436=DIRECTION('',(6.02692499082228E-16,0.,1.));
#3437=DIRECTION('center_axis',(1.,0.,0.));
#3438=DIRECTION('ref_axis',(0.,-0.707106781186548,-0.707106781186547));
#3439=DIRECTION('center_axis',(-1.,0.,6.34413156928661E-16));
#3440=DIRECTION('ref_axis',(0.,-0.707106781186548,-0.707106781186547));
#3441=DIRECTION('',(-1.,0.,0.));
#3442=DIRECTION('center_axis',(-1.,0.,0.));
#3443=DIRECTION('ref_axis',(0.,-0.707106781186548,-0.707106781186547));
#3444=DIRECTION('',(1.,0.,0.));
#3445=DIRECTION('center_axis',(1.,0.,0.));
#3446=DIRECTION('ref_axis',(0.,-0.707106781186548,-0.707106781186547));
#3447=DIRECTION('',(-1.,0.,0.));
#3448=DIRECTION('center_axis',(1.,0.,0.));
#3449=DIRECTION('ref_axis',(0.,-0.707106781186548,-0.707106781186547));
#3450=DIRECTION('center_axis',(1.,0.,-6.02692499082228E-16));
#3451=DIRECTION('ref_axis',(0.,-0.707106781186548,-0.707106781186547));
#3452=DIRECTION('',(-1.,0.,0.));
#3453=DIRECTION('center_axis',(-1.,0.,7.56970244062607E-17));
#3454=DIRECTION('ref_axis',(0.,-0.707106781186548,-0.707106781186547));
#3455=DIRECTION('',(1.,0.,-2.75893745640383E-15));
#3456=DIRECTION('center_axis',(0.,0.,1.));
#3457=DIRECTION('ref_axis',(1.,0.,0.));
#3458=DIRECTION('',(0.,1.,0.));
#3459=DIRECTION('',(1.,0.,0.));
#3460=DIRECTION('',(0.,1.,0.));
#3461=DIRECTION('center_axis',(-1.,0.,5.9211894646675E-16));
#3462=DIRECTION('ref_axis',(0.,-0.707106781186546,0.707106781186549));
#3463=DIRECTION('center_axis',(1.,0.,-6.02692499082228E-16));
#3464=DIRECTION('ref_axis',(0.,-0.707106781186546,0.707106781186549));
#3465=DIRECTION('',(1.,0.,-5.9211894646675E-16));
#3466=DIRECTION('center_axis',(1.,0.,-3.70074341541716E-15));
#3467=DIRECTION('ref_axis',(0.,-0.707106781186546,0.707106781186549));
#3468=DIRECTION('',(-1.,0.,1.07657990266681E-15));
#3469=DIRECTION('center_axis',(-1.,0.,0.));
#3470=DIRECTION('ref_axis',(0.,-0.707106781186546,0.707106781186549));
#3471=DIRECTION('',(1.,0.,-5.9211894646675E-16));
#3472=DIRECTION('center_axis',(-1.,0.,5.9211894646675E-16));
#3473=DIRECTION('ref_axis',(0.,-0.707106781186551,0.707106781186544));
#3474=DIRECTION('center_axis',(-1.,0.,6.34413156928661E-16));
#3475=DIRECTION('ref_axis',(0.,-0.707106781186551,0.707106781186544));
#3476=DIRECTION('',(1.,0.,-5.9211894646675E-16));
#3477=DIRECTION('center_axis',(1.,0.,0.));
#3478=DIRECTION('ref_axis',(0.,-0.707106781186551,0.707106781186544));
#3479=DIRECTION('',(-1.,0.,0.));
#3480=DIRECTION('center_axis',(-5.9211894646675E-16,0.,-1.));
#3481=DIRECTION('ref_axis',(-1.,0.,5.9211894646675E-16));
#3482=DIRECTION('',(0.,1.,0.));
#3483=DIRECTION('',(-1.,0.,3.94745964311167E-15));
#3484=DIRECTION('',(0.,1.,0.));
#3485=DIRECTION('center_axis',(0.,0.,1.));
#3486=DIRECTION('ref_axis',(-0.707106781186546,-0.707106781186549,0.));
#3487=DIRECTION('',(0.,0.,1.));
#3488=DIRECTION('center_axis',(-0.707106781186546,0.,0.707106781186549));
#3489=DIRECTION('ref_axis',(-0.707106781186549,0.,-0.707106781186546));
#3490=DIRECTION('',(0.,0.,-1.));
#3491=DIRECTION('center_axis',(-0.707106781186546,0.,-0.707106781186549));
#3492=DIRECTION('ref_axis',(0.707106781186549,0.,-0.707106781186546));
#3493=DIRECTION('center_axis',(-1.,0.,0.));
#3494=DIRECTION('ref_axis',(0.,-0.707106781186549,-0.707106781186546));
#3495=DIRECTION('',(1.,0.,0.));
#3496=DIRECTION('',(-1.,0.,0.));
#3497=DIRECTION('center_axis',(-0.707106781186546,0.,-0.707106781186549));
#3498=DIRECTION('ref_axis',(0.707106781186549,0.,-0.707106781186546));
#3499=DIRECTION('center_axis',(0.,0.,-1.));
#3500=DIRECTION('ref_axis',(0.707106781186546,-0.707106781186549,0.));
#3501=DIRECTION('',(0.,0.,1.));
#3502=DIRECTION('',(0.,0.,-1.));
#3503=DIRECTION('center_axis',(0.707106781186546,0.,-0.707106781186549));
#3504=DIRECTION('ref_axis',(0.707106781186549,0.,0.707106781186546));
#3505=DIRECTION('center_axis',(1.,0.,0.));
#3506=DIRECTION('ref_axis',(0.,-0.707106781186549,0.707106781186546));
#3507=DIRECTION('',(-1.,0.,0.));
#3508=DIRECTION('',(1.,0.,0.));
#3509=DIRECTION('center_axis',(0.,0.,1.));
#3510=DIRECTION('ref_axis',(1.,0.,0.));
#3511=DIRECTION('',(0.,1.,0.));
#3512=DIRECTION('',(1.,0.,0.));
#3513=DIRECTION('',(0.,1.,0.));
#3514=DIRECTION('center_axis',(1.,0.,0.));
#3515=DIRECTION('ref_axis',(0.,0.,-1.));
#3516=DIRECTION('',(0.,1.,0.));
#3517=DIRECTION('',(0.,0.,-1.));
#3518=DIRECTION('center_axis',(0.,1.,0.));
#3519=DIRECTION('ref_axis',(0.,0.,1.));
#3520=DIRECTION('',(1.,0.,0.));
#3521=DIRECTION('',(-6.34413156928661E-16,0.,-1.));
#3522=DIRECTION('',(-1.,0.,0.));
#3523=DIRECTION('',(0.,0.,-1.));
#3524=DIRECTION('',(1.,0.,-1.26882631385732E-15));
#3525=DIRECTION('',(1.,0.,0.));
#3526=DIRECTION('',(-6.34413156928661E-16,0.,-1.));
#3527=DIRECTION('',(-1.,0.,5.9211894646675E-16));
#3528=DIRECTION('',(4.67541522197615E-16,0.,1.));
#3529=DIRECTION('',(-1.,0.,0.));
#3530=DIRECTION('',(0.,0.,-1.));
#3531=DIRECTION('',(-1.,0.,5.9211894646675E-16));
#3532=DIRECTION('',(2.96059473233375E-16,0.,1.));
#3533=DIRECTION('',(-1.,0.,0.));
#3534=DIRECTION('',(-2.96059473233375E-16,0.,-1.));
#3535=DIRECTION('',(-1.,0.,5.9211894646675E-16));
#3536=DIRECTION('',(7.06505561125099E-16,0.,1.));
#3537=DIRECTION('',(-1.,0.,0.));
#3538=DIRECTION('',(-1.11022302462516E-15,0.,1.));
#3539=DIRECTION('',(-1.,0.,0.));
#3540=DIRECTION('',(6.02692499082228E-16,0.,1.));
#3541=DIRECTION('',(1.,0.,-6.12536841172499E-16));
#3542=DIRECTION('',(0.,0.,1.));
#3543=DIRECTION('',(-1.,0.,0.));
#3544=DIRECTION('',(-1.,0.,0.));
#3545=DIRECTION('',(6.02692499082228E-16,0.,1.));
#3546=DIRECTION('',(1.,0.,0.));
#3547=DIRECTION('',(0.,0.,-1.));
#3548=DIRECTION('',(1.,0.,-2.22044604925031E-15));
#3549=DIRECTION('',(5.12410626750082E-15,0.,1.));
#3550=DIRECTION('',(1.,0.,0.));
#3551=DIRECTION('',(0.,0.,-1.));
#3552=DIRECTION('',(1.,0.,0.));
#3553=DIRECTION('',(0.,0.,-1.));
#3554=DIRECTION('',(1.,0.,0.));
#3555=DIRECTION('',(0.,0.,1.));
#3556=DIRECTION('',(-1.,0.,0.));
#3557=DIRECTION('',(0.,0.,-1.));
#3558=DIRECTION('',(-1.,0.,0.));
#3559=DIRECTION('',(0.,0.,-1.));
#3560=DIRECTION('',(1.,0.,0.));
#3561=DIRECTION('',(4.93433768786614E-16,0.,1.));
#3562=DIRECTION('',(1.,0.,0.));
#3563=DIRECTION('',(0.,0.,1.));
#3564=DIRECTION('',(-1.,0.,0.));
#3565=DIRECTION('',(0.,0.,-1.));
#3566=DIRECTION('center_axis',(-1.,0.,0.));
#3567=DIRECTION('ref_axis',(0.,-0.707106781186549,-0.707106781186546));
#3568=DIRECTION('center_axis',(0.707106781186546,0.,-0.707106781186549));
#3569=DIRECTION('ref_axis',(0.707106781186549,0.,0.707106781186546));
#3570=DIRECTION('',(-1.,0.,0.));
#3571=DIRECTION('center_axis',(-0.707106781186546,0.,-0.707106781186549));
#3572=DIRECTION('ref_axis',(0.707106781186549,0.,-0.707106781186546));
#3573=DIRECTION('center_axis',(0.,0.,1.));
#3574=DIRECTION('ref_axis',(-0.707106781186547,-0.707106781186548,0.));
#3575=DIRECTION('',(0.,0.,1.));
#3576=DIRECTION('center_axis',(0.707106781186546,0.,0.707106781186549));
#3577=DIRECTION('ref_axis',(-0.707106781186549,0.,0.707106781186546));
#3578=DIRECTION('center_axis',(0.,0.,-1.));
#3579=DIRECTION('ref_axis',(0.707106781186548,-0.707106781186547,0.));
#3580=DIRECTION('',(0.,0.,-1.));
#3581=DIRECTION('center_axis',(0.707106781186546,0.,-0.707106781186549));
#3582=DIRECTION('ref_axis',(0.707106781186549,0.,0.707106781186546));
#3583=DIRECTION('center_axis',(1.,0.,0.));
#3584=DIRECTION('ref_axis',(0.,-0.707106781186549,0.707106781186546));
#3585=DIRECTION('',(1.,0.,0.));
#3586=DIRECTION('center_axis',(-1.,0.,0.));
#3587=DIRECTION('ref_axis',(0.,0.,1.));
#3588=DIRECTION('',(0.,1.,0.));
#3589=DIRECTION('',(0.,0.,1.));
#3590=DIRECTION('',(0.,1.,0.));
#3591=DIRECTION('center_axis',(0.,0.,1.));
#3592=DIRECTION('ref_axis',(1.,0.,0.));
#3593=DIRECTION('',(0.,1.,0.));
#3594=DIRECTION('',(1.,0.,0.));
#3595=DIRECTION('center_axis',(-1.,0.,0.));
#3596=DIRECTION('ref_axis',(0.,-0.707106781186546,-0.707106781186549));
#3597=DIRECTION('center_axis',(0.707106781186548,0.,-0.707106781186548));
#3598=DIRECTION('ref_axis',(0.707106781186547,0.,0.707106781186547));
#3599=DIRECTION('',(-1.,0.,0.));
#3600=DIRECTION('center_axis',(-0.707106781186548,0.,-0.707106781186548));
#3601=DIRECTION('ref_axis',(0.707106781186547,0.,-0.707106781186547));
#3602=DIRECTION('center_axis',(0.,0.,1.));
#3603=DIRECTION('ref_axis',(-0.707106781186546,-0.707106781186549,0.));
#3604=DIRECTION('',(0.,0.,1.));
#3605=DIRECTION('center_axis',(0.707106781186548,0.,0.707106781186548));
#3606=DIRECTION('ref_axis',(-0.707106781186547,0.,0.707106781186547));
#3607=DIRECTION('center_axis',(0.,0.,-1.));
#3608=DIRECTION('ref_axis',(0.707106781186546,-0.707106781186549,0.));
#3609=DIRECTION('',(0.,0.,-1.));
#3610=DIRECTION('center_axis',(0.707106781186548,0.,-0.707106781186548));
#3611=DIRECTION('ref_axis',(0.707106781186548,0.,0.707106781186548));
#3612=DIRECTION('center_axis',(1.,0.,0.));
#3613=DIRECTION('ref_axis',(0.,-0.707106781186546,0.707106781186549));
#3614=DIRECTION('',(1.,0.,0.));
#3615=DIRECTION('center_axis',(-1.,0.,0.));
#3616=DIRECTION('ref_axis',(0.,0.,1.));
#3617=DIRECTION('',(0.,1.,0.));
#3618=DIRECTION('',(0.,0.,1.));
#3619=DIRECTION('',(0.,1.,0.));
#3620=DIRECTION('center_axis',(0.,0.,1.));
#3621=DIRECTION('ref_axis',(1.,0.,0.));
#3622=DIRECTION('',(0.,1.,0.));
#3623=DIRECTION('',(1.,0.,0.));
#3624=DIRECTION('center_axis',(1.,0.,0.));
#3625=DIRECTION('ref_axis',(0.,-0.707106781186546,0.707106781186549));
#3626=DIRECTION('',(1.,0.,0.));
#3627=DIRECTION('center_axis',(0.707106781186548,0.,0.707106781186547));
#3628=DIRECTION('ref_axis',(-0.707106781186547,0.,0.707106781186548));
#3629=DIRECTION('center_axis',(-0.707106781186548,-3.92523114670944E-16,
0.707106781186548));
#3630=DIRECTION('ref_axis',(-0.707106781186547,3.92523114670944E-16,-0.707106781186547));
#3631=DIRECTION('center_axis',(0.,0.,1.));
#3632=DIRECTION('ref_axis',(-0.707106781186547,-0.707106781186548,0.));
#3633=DIRECTION('',(0.,0.,1.));
#3634=DIRECTION('center_axis',(-0.707106781186548,0.,0.707106781186547));
#3635=DIRECTION('ref_axis',(-0.707106781186547,0.,-0.707106781186548));
#3636=DIRECTION('center_axis',(-1.,0.,0.));
#3637=DIRECTION('ref_axis',(0.,-0.707106781186546,-0.707106781186549));
#3638=DIRECTION('',(-1.,0.,0.));
#3639=DIRECTION('center_axis',(-0.707106781186548,-3.92523114670944E-16,
-0.707106781186547));
#3640=DIRECTION('ref_axis',(0.707106781186547,-3.92523114670944E-16,-0.707106781186548));
#3641=DIRECTION('center_axis',(-4.93433768786614E-16,0.,-1.));
#3642=DIRECTION('ref_axis',(0.707106781186548,-0.707106781186548,0.));
#3643=DIRECTION('',(-4.93433768786614E-16,0.,-1.));
#3644=DIRECTION('center_axis',(1.,0.,0.));
#3645=DIRECTION('ref_axis',(0.,0.,-1.));
#3646=DIRECTION('',(0.,1.,0.));
#3647=DIRECTION('',(0.,0.,-1.));
#3648=DIRECTION('',(0.,1.,0.));
#3649=DIRECTION('center_axis',(0.,0.,-1.));
#3650=DIRECTION('ref_axis',(-1.,0.,0.));
#3651=DIRECTION('',(0.,1.,0.));
#3652=DIRECTION('',(-1.,0.,0.));
#3653=DIRECTION('center_axis',(-1.,0.,3.1720657846433E-17));
#3654=DIRECTION('ref_axis',(-3.1720657846433E-17,0.,-1.));
#3655=DIRECTION('',(3.1720657846433E-17,0.,1.));
#3656=DIRECTION('',(0.,-1.,0.));
#3657=DIRECTION('',(-3.1720657846433E-17,0.,-1.));
#3658=DIRECTION('',(0.,-1.,0.));
#3659=DIRECTION('center_axis',(1.,0.,0.));
#3660=DIRECTION('ref_axis',(0.,0.,1.));
#3661=DIRECTION('',(0.,0.,-1.));
#3662=DIRECTION('',(0.,-1.,0.));
#3663=DIRECTION('',(0.,0.,1.));
#3664=DIRECTION('',(0.,-1.,0.));
#3665=DIRECTION('center_axis',(0.,-1.,0.));
#3666=DIRECTION('ref_axis',(0.,0.,-1.));
#3667=DIRECTION('',(1.,0.,-5.9211894646675E-16));
#3668=DIRECTION('',(-1.,0.,0.));
#3669=DIRECTION('center_axis',(0.,1.,0.));
#3670=DIRECTION('ref_axis',(0.,0.,1.));
#3671=DIRECTION('',(1.,0.,0.));
#3672=DIRECTION('',(-5.12410626750082E-15,0.,-1.));
#3673=DIRECTION('',(1.,0.,-2.75893745640383E-15));
#3674=DIRECTION('',(7.56970244062607E-17,0.,1.));
#3675=DIRECTION('',(0.,0.,1.));
#3676=DIRECTION('',(-1.,0.,1.07657990266681E-15));
#3677=DIRECTION('',(-3.70074341541716E-15,0.,-1.));
#3678=DIRECTION('',(-1.,0.,3.94745964311167E-15));
#3679=DIRECTION('center_axis',(0.,1.,0.));
#3680=DIRECTION('ref_axis',(0.,0.,1.));
#3681=DIRECTION('',(-1.,0.,3.94745964311167E-15));
#3682=DIRECTION('',(0.,0.,1.));
#3683=DIRECTION('',(-1.,0.,0.));
#3684=DIRECTION('',(0.,0.,-1.));
#3685=DIRECTION('',(0.,0.,-1.));
#3686=DIRECTION('',(1.,0.,0.));
#3687=DIRECTION('',(0.,0.,1.));
#3688=DIRECTION('',(1.,0.,0.));
#3689=DIRECTION('center_axis',(0.,1.,0.));
#3690=DIRECTION('ref_axis',(-1.,0.,0.));
#3691=DIRECTION('center_axis',(0.,1.,0.));
#3692=DIRECTION('ref_axis',(-1.,0.,0.));
#3693=DIRECTION('',(0.,-1.,0.));
#3694=DIRECTION('center_axis',(0.,-1.,0.));
#3695=DIRECTION('ref_axis',(-1.,0.,0.));
#3696=DIRECTION('center_axis',(0.,1.,0.));
#3697=DIRECTION('ref_axis',(0.,0.,1.));
#3698=DIRECTION('center_axis',(0.,1.,0.));
#3699=DIRECTION('ref_axis',(-1.,0.,0.));
#3700=DIRECTION('center_axis',(0.,1.,0.));
#3701=DIRECTION('ref_axis',(-1.,0.,0.));
#3702=DIRECTION('',(0.,-1.,0.));
#3703=DIRECTION('center_axis',(0.,-1.,0.));
#3704=DIRECTION('ref_axis',(-1.,0.,0.));
#3705=DIRECTION('center_axis',(0.,1.,0.));
#3706=DIRECTION('ref_axis',(0.,0.,1.));
#3707=DIRECTION('center_axis',(0.,1.,0.));
#3708=DIRECTION('ref_axis',(-1.,0.,0.));
#3709=DIRECTION('center_axis',(0.,1.,0.));
#3710=DIRECTION('ref_axis',(-1.,0.,0.));
#3711=DIRECTION('',(0.,-1.,0.));
#3712=DIRECTION('center_axis',(0.,-1.,0.));
#3713=DIRECTION('ref_axis',(-1.,0.,0.));
#3714=DIRECTION('center_axis',(0.,1.,0.));
#3715=DIRECTION('ref_axis',(0.,0.,1.));
#3716=DIRECTION('center_axis',(0.,1.,0.));
#3717=DIRECTION('ref_axis',(-1.,0.,0.));
#3718=DIRECTION('center_axis',(0.,1.,0.));
#3719=DIRECTION('ref_axis',(-1.,0.,0.));
#3720=DIRECTION('',(0.,-1.,0.));
#3721=DIRECTION('center_axis',(0.,-1.,0.));
#3722=DIRECTION('ref_axis',(-1.,0.,0.));
#3723=DIRECTION('center_axis',(0.,1.,0.));
#3724=DIRECTION('ref_axis',(0.,0.,1.));
#3725=DIRECTION('center_axis',(0.,1.,0.));
#3726=DIRECTION('ref_axis',(0.,0.,1.));
#3727=DIRECTION('',(-1.,0.,0.));
#3728=DIRECTION('',(0.,0.,1.));
#3729=DIRECTION('center_axis',(0.,1.,0.));
#3730=DIRECTION('ref_axis',(0.,0.,1.));
#3731=DIRECTION('',(0.,0.,-1.));
#3732=DIRECTION('',(-1.,0.,0.));
#3733=DIRECTION('center_axis',(0.,1.,0.));
#3734=DIRECTION('ref_axis',(0.,0.,1.));
#3735=DIRECTION('',(0.,0.,-1.));
#3736=DIRECTION('',(-1.,0.,0.));
#3737=DIRECTION('center_axis',(0.,1.,0.));
#3738=DIRECTION('ref_axis',(0.,0.,1.));
#3739=DIRECTION('',(4.93433768786614E-16,0.,1.));
#3740=DIRECTION('',(1.,0.,0.));
#3741=DIRECTION('center_axis',(-1.,0.,0.));
#3742=DIRECTION('ref_axis',(0.,0.,1.));
#3743=DIRECTION('',(0.,1.,0.));
#3744=DIRECTION('center_axis',(0.,0.,-1.));
#3745=DIRECTION('ref_axis',(-1.,0.,0.));
#3746=DIRECTION('center_axis',(1.,0.,0.));
#3747=DIRECTION('ref_axis',(0.,0.,-1.));
#3748=DIRECTION('',(0.,0.,1.));
#3749=DIRECTION('',(0.,-1.,0.));
#3750=DIRECTION('',(0.,0.,1.));
#3751=DIRECTION('',(0.,1.,0.));
#3752=DIRECTION('',(0.,0.,1.));
#3753=DIRECTION('',(0.,1.,0.));
#3754=DIRECTION('',(0.,0.,-1.));
#3755=DIRECTION('',(0.,1.,0.));
#3756=DIRECTION('center_axis',(0.,0.,1.));
#3757=DIRECTION('ref_axis',(1.,0.,0.));
#3758=DIRECTION('',(-1.,0.,0.));
#3759=DIRECTION('',(0.,-1.,0.));
#3760=DIRECTION('',(1.,0.,0.));
#3761=DIRECTION('center_axis',(0.,0.,-1.));
#3762=DIRECTION('ref_axis',(-1.,0.,0.));
#3763=DIRECTION('',(0.,1.,0.));
#3764=DIRECTION('',(-1.,0.,0.));
#3765=DIRECTION('',(0.,1.,0.));
#3766=DIRECTION('center_axis',(0.,0.,-1.));
#3767=DIRECTION('ref_axis',(-1.,0.,0.));
#3768=DIRECTION('',(1.,0.,0.));
#3769=DIRECTION('',(1.,0.,0.));
#3770=DIRECTION('',(0.,1.,0.));
#3771=DIRECTION('',(0.,1.,0.));
#3772=DIRECTION('center_axis',(0.,1.,0.));
#3773=DIRECTION('ref_axis',(0.,0.,1.));
#3774=DIRECTION('',(6.34413156928661E-16,0.,1.));
#3775=DIRECTION('',(0.,0.,1.));
#3776=DIRECTION('center_axis',(-1.,0.,0.));
#3777=DIRECTION('ref_axis',(0.,0.,1.));
#3778=DIRECTION('',(0.,-1.,0.));
#3779=DIRECTION('',(0.,1.,0.));
#3780=DIRECTION('',(0.,0.,1.));
#3781=DIRECTION('',(0.,1.,0.));
#3782=DIRECTION('center_axis',(0.,0.,1.));
#3783=DIRECTION('ref_axis',(1.,0.,0.));
#3784=DIRECTION('',(0.,1.,0.));
#3785=DIRECTION('',(1.,0.,0.));
#3786=DIRECTION('center_axis',(1.,0.,-4.67541522197615E-16));
#3787=DIRECTION('ref_axis',(-4.67541522197615E-16,0.,-1.));
#3788=DIRECTION('',(0.,1.,0.));
#3789=DIRECTION('',(-4.67541522197615E-16,0.,-1.));
#3790=DIRECTION('center_axis',(0.,0.,-1.));
#3791=DIRECTION('ref_axis',(-1.,0.,0.));
#3792=DIRECTION('',(-1.,0.,0.));
#3793=DIRECTION('',(0.,1.,0.));
#3794=DIRECTION('center_axis',(5.9211894646675E-16,0.,1.));
#3795=DIRECTION('ref_axis',(1.,0.,-5.9211894646675E-16));
#3796=DIRECTION('',(0.,1.,0.));
#3797=DIRECTION('',(1.,0.,-5.9211894646675E-16));
#3798=DIRECTION('center_axis',(0.,1.,0.));
#3799=DIRECTION('ref_axis',(0.,0.,1.));
#3800=DIRECTION('',(-6.34413156928661E-16,0.,-1.));
#3801=DIRECTION('center_axis',(0.,0.,-1.));
#3802=DIRECTION('ref_axis',(-1.,0.,0.));
#3803=DIRECTION('',(0.,1.,0.));
#3804=DIRECTION('center_axis',(1.,0.,0.));
#3805=DIRECTION('ref_axis',(0.,0.,-1.));
#3806=DIRECTION('center_axis',(0.,0.,1.));
#3807=DIRECTION('ref_axis',(1.,0.,0.));
#3808=DIRECTION('',(1.,0.,0.));
#3809=DIRECTION('',(0.,1.,0.));
#3810=DIRECTION('center_axis',(-1.,0.,0.));
#3811=DIRECTION('ref_axis',(0.,0.,1.));
#3812=DIRECTION('',(0.,0.,1.));
#3813=DIRECTION('',(0.,1.,0.));
#3814=DIRECTION('center_axis',(-1.26882631385732E-15,0.,-1.));
#3815=DIRECTION('ref_axis',(-1.,0.,1.26882631385732E-15));
#3816=DIRECTION('',(-1.,0.,1.26882631385732E-15));
#3817=DIRECTION('center_axis',(0.,1.,0.));
#3818=DIRECTION('ref_axis',(0.,0.,1.));
#3819=DIRECTION('center_axis',(-6.12536841172499E-16,0.,-1.));
#3820=DIRECTION('ref_axis',(-1.,0.,6.12536841172499E-16));
#3821=DIRECTION('',(-1.,0.,6.12536841172499E-16));
#3822=DIRECTION('',(0.,1.,0.));
#3823=DIRECTION('center_axis',(1.,0.,0.));
#3824=DIRECTION('ref_axis',(0.,0.,-1.));
#3825=DIRECTION('',(0.,0.,-1.));
#3826=DIRECTION('',(0.,1.,0.));
#3827=DIRECTION('center_axis',(0.,0.,1.));
#3828=DIRECTION('ref_axis',(1.,0.,0.));
#3829=DIRECTION('',(1.,0.,0.));
#3830=DIRECTION('center_axis',(0.,1.,0.));
#3831=DIRECTION('ref_axis',(0.,0.,1.));
#3832=DIRECTION('center_axis',(0.,0.,-1.));
#3833=DIRECTION('ref_axis',(-1.,0.,0.));
#3834=DIRECTION('',(0.,1.,0.));
#3835=DIRECTION('center_axis',(1.,0.,0.));
#3836=DIRECTION('ref_axis',(0.,0.,-1.));
#3837=DIRECTION('center_axis',(-1.,0.,0.));
#3838=DIRECTION('ref_axis',(0.,0.,1.));
#3839=DIRECTION('',(0.,0.,-1.));
#3840=DIRECTION('',(0.,-1.,0.));
#3841=DIRECTION('',(0.,0.,-1.));
#3842=DIRECTION('',(0.,1.,0.));
#3843=DIRECTION('',(0.,0.,-1.));
#3844=DIRECTION('',(0.,1.,0.));
#3845=DIRECTION('',(0.,0.,1.));
#3846=DIRECTION('',(0.,1.,0.));
#3847=DIRECTION('center_axis',(0.,0.,-1.));
#3848=DIRECTION('ref_axis',(-1.,0.,0.));
#3849=DIRECTION('',(1.,0.,0.));
#3850=DIRECTION('',(0.,-1.,0.));
#3851=DIRECTION('',(-1.,0.,0.));
#3852=DIRECTION('center_axis',(0.,0.,1.));
#3853=DIRECTION('ref_axis',(1.,0.,0.));
#3854=DIRECTION('',(0.,1.,0.));
#3855=DIRECTION('',(1.,0.,0.));
#3856=DIRECTION('',(0.,1.,0.));
#3857=DIRECTION('center_axis',(1.07657990266681E-15,0.,1.));
#3858=DIRECTION('ref_axis',(1.,0.,-1.07657990266681E-15));
#3859=DIRECTION('',(-1.,0.,1.07657990266681E-15));
#3860=DIRECTION('',(-1.,0.,1.07657990266681E-15));
#3861=DIRECTION('',(0.,1.,0.));
#3862=DIRECTION('',(0.,1.,0.));
#3863=DIRECTION('center_axis',(0.,1.,0.));
#3864=DIRECTION('ref_axis',(0.,0.,1.));
#3865=DIRECTION('',(-6.02692499082228E-16,0.,-1.));
#3866=DIRECTION('',(1.11022302462516E-15,0.,-1.));
#3867=DIRECTION('center_axis',(1.,0.,-5.12410626750082E-15));
#3868=DIRECTION('ref_axis',(-5.12410626750082E-15,0.,-1.));
#3869=DIRECTION('',(0.,-1.,0.));
#3870=DIRECTION('',(0.,1.,0.));
#3871=DIRECTION('',(-5.12410626750082E-15,0.,-1.));
#3872=DIRECTION('',(0.,1.,0.));
#3873=DIRECTION('center_axis',(-2.22044604925031E-15,0.,-1.));
#3874=DIRECTION('ref_axis',(-1.,0.,2.22044604925031E-15));
#3875=DIRECTION('',(0.,1.,0.));
#3876=DIRECTION('',(-1.,0.,2.22044604925031E-15));
#3877=DIRECTION('center_axis',(-1.,0.,0.));
#3878=DIRECTION('ref_axis',(0.,0.,1.));
#3879=DIRECTION('',(0.,1.,0.));
#3880=DIRECTION('',(0.,0.,1.));
#3881=DIRECTION('center_axis',(2.75893745640383E-15,0.,1.));
#3882=DIRECTION('ref_axis',(1.,0.,-2.75893745640383E-15));
#3883=DIRECTION('',(1.,0.,-2.75893745640383E-15));
#3884=DIRECTION('',(0.,1.,0.));
#3885=DIRECTION('center_axis',(0.,0.,-1.));
#3886=DIRECTION('ref_axis',(-1.,0.,0.));
#3887=DIRECTION('',(0.,1.,0.));
#3888=DIRECTION('',(-1.,0.,0.));
#3889=DIRECTION('center_axis',(0.,1.,0.));
#3890=DIRECTION('ref_axis',(0.,0.,1.));
#3891=DIRECTION('',(6.02692499082228E-16,0.,1.));
#3892=DIRECTION('center_axis',(0.,0.,1.));
#3893=DIRECTION('ref_axis',(1.,0.,0.));
#3894=DIRECTION('',(0.,1.,0.));
#3895=DIRECTION('center_axis',(-1.,0.,4.93433768786614E-16));
#3896=DIRECTION('ref_axis',(4.93433768786614E-16,0.,1.));
#3897=DIRECTION('center_axis',(0.,1.,0.));
#3898=DIRECTION('ref_axis',(0.,0.,1.));
#3899=DIRECTION('',(-6.34413156928661E-16,0.,-1.));
#3900=DIRECTION('',(-1.,0.,0.));
#3901=DIRECTION('center_axis',(0.,1.,0.));
#3902=DIRECTION('ref_axis',(0.,0.,1.));
#3903=DIRECTION('',(0.,0.,-1.));
#3904=DIRECTION('',(-1.,0.,0.));
#3905=DIRECTION('',(0.,0.,1.));
#3906=DIRECTION('',(1.,0.,0.));
#3907=DIRECTION('center_axis',(0.,0.,-1.));
#3908=DIRECTION('ref_axis',(-1.,0.,0.));
#3909=DIRECTION('',(0.,-1.,0.));
#3910=DIRECTION('',(0.,1.,0.));
#3911=DIRECTION('center_axis',(0.,1.,0.));
#3912=DIRECTION('ref_axis',(0.,0.,1.));
#3913=DIRECTION('',(6.02692499082228E-16,0.,1.));
#3914=DIRECTION('',(1.,0.,-1.0449157878825E-15));
#3915=DIRECTION('center_axis',(-5.9211894646675E-16,0.,-1.));
#3916=DIRECTION('ref_axis',(-1.,0.,5.9211894646675E-16));
#3917=DIRECTION('',(0.,1.,0.));
#3918=DIRECTION('',(-1.,0.,1.0449157878825E-15));
#3919=DIRECTION('center_axis',(-5.9211894646675E-16,0.,-1.));
#3920=DIRECTION('ref_axis',(-1.,0.,5.9211894646675E-16));
#3921=DIRECTION('',(0.,1.,0.));
#3922=DIRECTION('',(-1.,0.,-3.94745964311167E-15));
#3923=DIRECTION('',(0.,1.,0.));
#3924=DIRECTION('center_axis',(0.,1.,0.));
#3925=DIRECTION('ref_axis',(0.,0.,1.));
#3926=DIRECTION('',(-1.11022302462516E-15,0.,1.));
#3927=DIRECTION('',(1.,0.,0.));
#3928=DIRECTION('',(-7.06505561125099E-16,0.,-1.));
#3929=DIRECTION('',(-1.,0.,1.0449157878825E-15));
#3930=DIRECTION('center_axis',(0.,0.,1.));
#3931=DIRECTION('ref_axis',(1.,0.,0.));
#3932=DIRECTION('',(0.,-1.,0.));
#3933=DIRECTION('',(0.,1.,0.));
#3934=DIRECTION('center_axis',(0.,0.,1.));
#3935=DIRECTION('ref_axis',(1.,0.,0.));
#3936=DIRECTION('',(0.,1.,0.));
#3937=DIRECTION('',(0.,1.,0.));
#3938=DIRECTION('center_axis',(0.,0.,1.));
#3939=DIRECTION('ref_axis',(1.,0.,0.));
#3940=DIRECTION('',(0.,1.,0.));
#3941=DIRECTION('',(1.,0.,0.));
#3942=DIRECTION('center_axis',(0.,0.,1.));
#3943=DIRECTION('ref_axis',(1.,0.,0.));
#3944=DIRECTION('',(0.,1.,0.));
#3945=DIRECTION('',(1.,0.,0.));
#3946=DIRECTION('',(0.,1.,0.));
#3947=DIRECTION('center_axis',(0.,1.,0.));
#3948=DIRECTION('ref_axis',(0.,0.,1.));
#3949=DIRECTION('',(-1.,0.,0.));
#3950=DIRECTION('',(6.02692499082228E-16,0.,1.));
#3951=DIRECTION('center_axis',(-1.,5.55111512312578E-16,7.40148683083438E-16));
#3952=DIRECTION('ref_axis',(-5.55111512312578E-16,-1.,3.28692043842088E-31));
#3953=DIRECTION('',(-5.55111512312578E-16,-1.,3.28692043842088E-31));
#3954=DIRECTION('',(7.40148683083438E-16,0.,1.));
#3955=DIRECTION('',(-5.55111512312578E-16,-1.,3.28692043842088E-31));
#3956=DIRECTION('',(7.40148683083438E-16,0.,1.));
#3957=DIRECTION('center_axis',(2.77555756156289E-16,1.,-2.05432527401305E-31));
#3958=DIRECTION('ref_axis',(-1.,2.77555756156289E-16,5.9211894646675E-16));
#3959=DIRECTION('',(-1.,2.77555756156289E-16,5.9211894646675E-16));
#3960=DIRECTION('',(7.40148683083438E-16,0.,1.));
#3961=DIRECTION('',(-1.,2.77555756156289E-16,5.9211894646675E-16));
#3962=DIRECTION('center_axis',(1.,0.,-7.40148683083438E-16));
#3963=DIRECTION('ref_axis',(0.,1.,0.));
#3964=DIRECTION('',(0.,1.,0.));
#3965=DIRECTION('',(7.40148683083438E-16,0.,1.));
#3966=DIRECTION('',(0.,1.,0.));
#3967=DIRECTION('center_axis',(0.,-1.,0.));
#3968=DIRECTION('ref_axis',(1.,0.,-5.9211894646675E-16));
#3969=DIRECTION('',(1.,0.,-5.9211894646675E-16));
#3970=DIRECTION('',(1.,0.,-5.9211894646675E-16));
#3971=DIRECTION('center_axis',(7.40148683083438E-16,0.,1.));
#3972=DIRECTION('ref_axis',(1.,0.,-7.40148683083438E-16));
#3973=DIRECTION('center_axis',(1.,0.,-2.96059473233375E-16));
#3974=DIRECTION('ref_axis',(-2.96059473233375E-16,0.,-1.));
#3975=DIRECTION('',(0.,1.,0.));
#3976=DIRECTION('',(-2.96059473233375E-16,0.,-1.));
#3977=DIRECTION('',(0.,1.,0.));
#3978=DIRECTION('center_axis',(0.,0.,1.));
#3979=DIRECTION('ref_axis',(1.,0.,0.));
#3980=DIRECTION('',(1.,0.,0.));
#3981=DIRECTION('',(0.,1.,0.));
#3982=DIRECTION('center_axis',(-1.,0.,2.96059473233375E-16));
#3983=DIRECTION('ref_axis',(2.96059473233375E-16,0.,1.));
#3984=DIRECTION('',(2.96059473233375E-16,0.,1.));
#3985=DIRECTION('',(0.,1.,0.));
#3986=DIRECTION('center_axis',(0.,1.,0.));
#3987=DIRECTION('ref_axis',(0.,0.,1.));
#3988=DIRECTION('',(-1.,0.,0.));
#3989=DIRECTION('center_axis',(0.,0.,1.));
#3990=DIRECTION('ref_axis',(1.,0.,0.));
#3991=DIRECTION('',(1.,0.,0.));
#3992=DIRECTION('',(0.,1.,0.));
#3993=DIRECTION('center_axis',(1.,0.,-7.06505561125099E-16));
#3994=DIRECTION('ref_axis',(-7.06505561125099E-16,0.,-1.));
#3995=DIRECTION('',(0.,1.,0.));
#3996=DIRECTION('center_axis',(0.,1.,0.));
#3997=DIRECTION('ref_axis',(0.,0.,1.));
#3998=DIRECTION('',(-6.02692499082228E-16,0.,-1.));
#3999=DIRECTION('center_axis',(0.,0.,-1.));
#4000=DIRECTION('ref_axis',(-1.,0.,0.));
#4001=DIRECTION('',(-1.,0.,0.));
#4002=DIRECTION('',(0.,1.,0.));
#4003=DIRECTION('',(1.,0.,0.));
#4004=DIRECTION('center_axis',(-1.,0.,0.));
#4005=DIRECTION('ref_axis',(0.,0.,1.));
#4006=DIRECTION('center_axis',(0.,1.,0.));
#4007=DIRECTION('ref_axis',(0.,0.,1.));
#4008=DIRECTION('',(6.34413156928661E-16,0.,1.));
#4009=DIRECTION('center_axis',(1.,0.,-6.02692499082228E-16));
#4010=DIRECTION('ref_axis',(-6.02692499082228E-16,0.,-1.));
#4011=DIRECTION('',(-6.02692499082228E-16,0.,-1.));
#4012=DIRECTION('center_axis',(-1.,0.,6.02692499082228E-16));
#4013=DIRECTION('ref_axis',(0.,0.,-1.));
#4014=DIRECTION('',(-6.02692499082228E-16,0.,-1.));
#4015=DIRECTION('center_axis',(-1.,0.,6.02692499082228E-16));
#4016=DIRECTION('ref_axis',(0.,0.,-1.));
#4017=DIRECTION('center_axis',(-1.,0.,6.02692499082228E-16));
#4018=DIRECTION('ref_axis',(0.,0.,-1.));
#4019=DIRECTION('center_axis',(0.,1.,0.));
#4020=DIRECTION('ref_axis',(0.,0.,1.));
#4021=DIRECTION('',(-6.34413156928661E-16,0.,-1.));
#4022=DIRECTION('center_axis',(-1.,0.,6.34413156928661E-16));
#4023=DIRECTION('ref_axis',(6.34413156928661E-16,0.,1.));
#4024=DIRECTION('',(6.34413156928661E-16,0.,1.));
#4025=DIRECTION('center_axis',(1.,0.,-6.34413156928661E-16));
#4026=DIRECTION('ref_axis',(0.,0.,-1.));
#4027=DIRECTION('',(6.34413156928661E-16,0.,1.));
#4028=DIRECTION('center_axis',(1.,0.,-6.34413156928661E-16));
#4029=DIRECTION('ref_axis',(0.,0.,-1.));
#4030=DIRECTION('center_axis',(1.,0.,-6.34413156928661E-16));
#4031=DIRECTION('ref_axis',(0.,0.,-1.));
#4032=DIRECTION('center_axis',(-1.,0.,0.));
#4033=DIRECTION('ref_axis',(0.,-1.,-6.12323399573677E-17));
#4034=DIRECTION('',(1.,0.,0.));
#4035=DIRECTION('center_axis',(1.,0.,0.));
#4036=DIRECTION('ref_axis',(0.,0.,-1.));
#4037=DIRECTION('',(-1.,0.,0.));
#4038=DIRECTION('center_axis',(-1.,0.,0.));
#4039=DIRECTION('ref_axis',(0.,-1.,-6.12323399573677E-17));
#4040=DIRECTION('',(1.,0.,0.));
#4041=DIRECTION('center_axis',(1.,0.,-6.34413156928661E-16));
#4042=DIRECTION('ref_axis',(0.,0.,-1.));
#4043=DIRECTION('',(-1.,0.,0.));
#4044=DIRECTION('center_axis',(-1.,0.,0.));
#4045=DIRECTION('ref_axis',(0.,0.,-1.));
#4046=DIRECTION('center_axis',(-1.,0.,0.));
#4047=DIRECTION('ref_axis',(0.,0.,-1.));
#4048=DIRECTION('center_axis',(-1.,0.,0.));
#4049=DIRECTION('ref_axis',(0.,0.,-1.));
#4050=DIRECTION('',(-1.,0.,0.));
#4051=DIRECTION('center_axis',(-1.,0.,0.));
#4052=DIRECTION('ref_axis',(0.,0.,-1.));
#4053=DIRECTION('center_axis',(-1.,0.,6.02692499082228E-16));
#4054=DIRECTION('ref_axis',(0.,0.,-1.));
#4055=DIRECTION('',(-1.,0.,0.));
#4056=DIRECTION('center_axis',(1.,0.,-7.56970244062607E-17));
#4057=DIRECTION('ref_axis',(0.,0.,-1.));
#4058=DIRECTION('center_axis',(-1.,0.,0.));
#4059=DIRECTION('ref_axis',(0.,0.,-1.));
#4060=DIRECTION('center_axis',(-1.,0.,0.));
#4061=DIRECTION('ref_axis',(0.,0.,-1.));
#4062=DIRECTION('',(-1.,0.,0.));
#4063=DIRECTION('center_axis',(1.,0.,-6.34413156928661E-16));
#4064=DIRECTION('ref_axis',(0.,0.,-1.));
#4065=DIRECTION('center_axis',(-1.,0.,0.));
#4066=DIRECTION('ref_axis',(0.,0.,-1.));
#4067=DIRECTION('',(-1.,0.,0.));
#4068=DIRECTION('center_axis',(1.,0.,0.));
#4069=DIRECTION('ref_axis',(0.,0.,-1.));
#4070=DIRECTION('center_axis',(-1.,0.,0.));
#4071=DIRECTION('ref_axis',(0.,0.,-1.));
#4072=DIRECTION('center_axis',(-1.,0.,0.));
#4073=DIRECTION('ref_axis',(0.,0.,-1.));
#4074=DIRECTION('',(-1.,0.,0.));
#4075=DIRECTION('center_axis',(-1.,0.,0.));
#4076=DIRECTION('ref_axis',(0.,0.,-1.));
#4077=DIRECTION('center_axis',(-1.,0.,6.02692499082228E-16));
#4078=DIRECTION('ref_axis',(0.,0.,-1.));
#4079=DIRECTION('',(-1.,0.,0.));
#4080=DIRECTION('center_axis',(1.,0.,-7.56970244062607E-17));
#4081=DIRECTION('ref_axis',(0.,0.,-1.));
#4082=DIRECTION('center_axis',(-1.,0.,0.));
#4083=DIRECTION('ref_axis',(0.,-1.,1.83697019872103E-16));
#4084=DIRECTION('',(-1.,0.,0.));
#4085=DIRECTION('center_axis',(-1.,0.,0.));
#4086=DIRECTION('ref_axis',(0.,0.,-1.));
#4087=DIRECTION('',(1.,0.,0.));
#4088=DIRECTION('center_axis',(-1.,0.,0.));
#4089=DIRECTION('ref_axis',(0.,-1.,1.83697019872103E-16));
#4090=DIRECTION('',(-1.,0.,0.));
#4091=DIRECTION('center_axis',(-1.,0.,6.02692499082228E-16));
#4092=DIRECTION('ref_axis',(0.,0.,-1.));
#4093=DIRECTION('',(1.,0.,0.));
#4094=DIRECTION('center_axis',(1.,0.,-7.56970244062607E-17));
#4095=DIRECTION('ref_axis',(0.,0.,-1.));
#4096=DIRECTION('center_axis',(-1.,0.,0.));
#4097=DIRECTION('ref_axis',(0.,0.,-1.));
#4098=DIRECTION('center_axis',(-1.,0.,0.));
#4099=DIRECTION('ref_axis',(0.,0.,-1.));
#4100=DIRECTION('',(-1.,0.,0.));
#4101=DIRECTION('center_axis',(1.,0.,-6.34413156928661E-16));
#4102=DIRECTION('ref_axis',(0.,0.,-1.));
#4103=DIRECTION('center_axis',(-1.,0.,0.));
#4104=DIRECTION('ref_axis',(0.,0.,-1.));
#4105=DIRECTION('',(-1.,0.,0.));
#4106=DIRECTION('center_axis',(1.,0.,0.));
#4107=DIRECTION('ref_axis',(0.,0.,-1.));
#4108=DIRECTION('center_axis',(0.,1.,0.));
#4109=DIRECTION('ref_axis',(0.,0.,1.));
#4110=DIRECTION('',(0.,0.,1.));
#4111=DIRECTION('center_axis',(0.,1.,0.));
#4112=DIRECTION('ref_axis',(0.,0.,1.));
#4113=DIRECTION('',(6.34413156928661E-16,0.,1.));
#4114=DIRECTION('',(1.,0.,0.));
#4115=DIRECTION('',(0.,0.,-1.));
#4116=DIRECTION('center_axis',(0.,1.,0.));
#4117=DIRECTION('ref_axis',(0.,0.,1.));
#4118=DIRECTION('',(-6.02692499082228E-16,0.,-1.));
#4119=DIRECTION('',(-1.,0.,0.));
#4120=DIRECTION('',(7.56970244062607E-17,0.,1.));
#4121=DIRECTION('center_axis',(0.,1.,0.));
#4122=DIRECTION('ref_axis',(0.,0.,1.));
#4123=DIRECTION('',(0.,0.,-1.));
#4124=DIRECTION('center_axis',(-1.,0.,7.56970244062607E-17));
#4125=DIRECTION('ref_axis',(7.56970244062607E-17,0.,1.));
#4126=DIRECTION('',(0.,1.,0.));
#4127=DIRECTION('',(7.56970244062607E-17,0.,1.));
#4128=DIRECTION('center_axis',(1.,0.,0.));
#4129=DIRECTION('ref_axis',(0.,0.,-1.));
#4130=DIRECTION('',(0.,1.,0.));
#4131=DIRECTION('',(0.,0.,-1.));
#4132=DIRECTION('center_axis',(-1.,0.,0.));
#4133=DIRECTION('ref_axis',(0.,0.,1.));
#4134=DIRECTION('',(0.,0.,1.));
#4135=DIRECTION('',(0.,1.,0.));
#4136=DIRECTION('center_axis',(0.,1.,0.));
#4137=DIRECTION('ref_axis',(0.,0.,1.));
#4138=DIRECTION('center_axis',(0.,0.,-1.));
#4139=DIRECTION('ref_axis',(-1.,0.,0.));
#4140=DIRECTION('',(0.,1.,0.));
#4141=DIRECTION('center_axis',(1.,0.,-6.02692499082228E-16));
#4142=DIRECTION('ref_axis',(-6.02692499082228E-16,0.,-1.));
#4143=DIRECTION('',(-6.02692499082228E-16,0.,-1.));
#4144=DIRECTION('center_axis',(0.,1.,0.));
#4145=DIRECTION('ref_axis',(0.,0.,1.));
#4146=DIRECTION('center_axis',(0.,0.,1.));
#4147=DIRECTION('ref_axis',(1.,0.,0.));
#4148=DIRECTION('',(0.,1.,0.));
#4149=DIRECTION('center_axis',(-1.,0.,6.34413156928661E-16));
#4150=DIRECTION('ref_axis',(6.34413156928661E-16,0.,1.));
#4151=DIRECTION('',(6.34413156928661E-16,0.,1.));
#4152=DIRECTION('center_axis',(0.,1.,0.));
#4153=DIRECTION('ref_axis',(0.,0.,1.));
#4154=DIRECTION('center_axis',(1.,0.,0.));
#4155=DIRECTION('ref_axis',(0.,0.,-1.));
#4156=DIRECTION('',(0.,0.,-1.));
#4157=DIRECTION('',(0.,1.,0.));
#4158=DIRECTION('center_axis',(0.,1.,0.));
#4159=DIRECTION('ref_axis',(0.,0.,1.));
#4160=DIRECTION('center_axis',(0.,0.,1.));
#4161=DIRECTION('ref_axis',(1.,0.,0.));
#4162=DIRECTION('',(0.,1.,0.));
#4163=DIRECTION('center_axis',(-1.,0.,0.));
#4164=DIRECTION('ref_axis',(0.,0.,1.));
#4165=DIRECTION('center_axis',(-1.07657990266681E-15,0.,-1.));
#4166=DIRECTION('ref_axis',(-1.,0.,1.07657990266681E-15));
#4167=DIRECTION('',(0.,1.,0.));
#4168=DIRECTION('center_axis',(1.,0.,-3.70074341541716E-15));
#4169=DIRECTION('ref_axis',(-3.70074341541716E-15,0.,-1.));
#4170=DIRECTION('',(0.,1.,0.));
#4171=DIRECTION('center_axis',(-5.9211894646675E-16,0.,-1.));
#4172=DIRECTION('ref_axis',(-1.,0.,5.9211894646675E-16));
#4173=CARTESIAN_POINT('',(0.,0.,0.));
#4174=CARTESIAN_POINT('Origin',(53.3,0.,-60.7));
#4175=CARTESIAN_POINT('',(53.95,7.,-60.7));
#4176=CARTESIAN_POINT('Origin',(53.3,7.,-60.7));
#4177=CARTESIAN_POINT('',(53.95,5.,-60.7));
#4178=CARTESIAN_POINT('',(53.95,0.,-60.7));
#4179=CARTESIAN_POINT('Origin',(53.3,5.,-60.7));
#4180=CARTESIAN_POINT('Origin',(53.3,7.,-60.7));
#4181=CARTESIAN_POINT('Origin',(7.,0.,-61.));
#4182=CARTESIAN_POINT('',(8.,7.,-61.));
#4183=CARTESIAN_POINT('Origin',(7.,7.,-61.));
#4184=CARTESIAN_POINT('',(8.,5.,-61.));
#4185=CARTESIAN_POINT('',(8.,0.,-61.));
#4186=CARTESIAN_POINT('Origin',(7.,5.,-61.));
#4187=CARTESIAN_POINT('Origin',(7.,7.,-61.));
#4188=CARTESIAN_POINT('Origin',(53.3,0.,-79.3));
#4189=CARTESIAN_POINT('',(53.95,7.,-79.3));
#4190=CARTESIAN_POINT('Origin',(53.3,7.,-79.3));
#4191=CARTESIAN_POINT('',(53.95,5.,-79.3));
#4192=CARTESIAN_POINT('',(53.95,0.,-79.3));
#4193=CARTESIAN_POINT('Origin',(53.3,5.,-79.3));
#4194=CARTESIAN_POINT('Origin',(53.3,7.,-79.3));
#4195=CARTESIAN_POINT('Origin',(7.,0.,-79.));
#4196=CARTESIAN_POINT('',(8.,7.,-79.));
#4197=CARTESIAN_POINT('Origin',(7.,7.,-79.));
#4198=CARTESIAN_POINT('',(8.,5.,-79.));
#4199=CARTESIAN_POINT('',(8.,0.,-79.));
#4200=CARTESIAN_POINT('Origin',(7.,5.,-79.));
#4201=CARTESIAN_POINT('Origin',(7.,7.,-79.));
#4202=CARTESIAN_POINT('Origin',(64.5,0.,-29.5));
#4203=CARTESIAN_POINT('',(64.5,5.,-25.));
#4204=CARTESIAN_POINT('',(60.,5.,-29.5));
#4205=CARTESIAN_POINT('Origin',(64.5,5.,-29.5));
#4206=CARTESIAN_POINT('',(64.5,0.,-25.));
#4207=CARTESIAN_POINT('',(64.5,0.,-25.));
#4208=CARTESIAN_POINT('',(60.,0.,-29.5));
#4209=CARTESIAN_POINT('Origin',(64.5,0.,-29.5));
#4210=CARTESIAN_POINT('',(60.,0.,-29.5));
#4211=CARTESIAN_POINT('Origin',(64.5,0.,-25.));
#4212=CARTESIAN_POINT('',(60.,5.,-25.));
#4213=CARTESIAN_POINT('',(47.25,5.,-25.));
#4214=CARTESIAN_POINT('',(60.,28.,-25.));
#4215=CARTESIAN_POINT('',(60.,0.,-25.));
#4216=CARTESIAN_POINT('',(64.5,28.,-25.));
#4217=CARTESIAN_POINT('',(64.5,28.,-25.));
#4218=CARTESIAN_POINT('',(64.5,0.,-25.));
#4219=CARTESIAN_POINT('Origin',(64.4999999999999,0.,-110.5));
#4220=CARTESIAN_POINT('',(64.4999999999999,5.,-115.));
#4221=CARTESIAN_POINT('',(59.9999999999999,5.,-110.5));
#4222=CARTESIAN_POINT('Origin',(64.4999999999999,5.,-110.5));
#4223=CARTESIAN_POINT('',(59.9999999999999,0.,-110.5));
#4224=CARTESIAN_POINT('',(59.9999999999999,0.,-110.5));
#4225=CARTESIAN_POINT('',(64.4999999999999,0.,-115.));
#4226=CARTESIAN_POINT('Origin',(64.4999999999999,0.,-110.5));
#4227=CARTESIAN_POINT('',(64.4999999999999,0.,-115.));
#4228=CARTESIAN_POINT('Origin',(60.,0.,2.59999999999999));
#4229=CARTESIAN_POINT('',(60.,0.,0.));
#4230=CARTESIAN_POINT('',(60.,5.,-97.8));
#4231=CARTESIAN_POINT('',(60.,5.,0.));
#4232=CARTESIAN_POINT('',(60.,10.,-97.8));
#4233=CARTESIAN_POINT('',(60.,0.,-97.8));
#4234=CARTESIAN_POINT('',(60.,10.,-95.8));
#4235=CARTESIAN_POINT('',(60.,10.,0.));
#4236=CARTESIAN_POINT('',(60.,5.,-95.8));
#4237=CARTESIAN_POINT('',(60.,0.,-95.8));
#4238=CARTESIAN_POINT('',(60.,5.,0.));
#4239=CARTESIAN_POINT('Origin',(-4.50000000000007,0.,-110.5));
#4240=CARTESIAN_POINT('',(-4.50000000000007,5.,-115.));
#4241=CARTESIAN_POINT('',(-6.65975211485862E-14,5.,-110.5));
#4242=CARTESIAN_POINT('Origin',(-4.50000000000007,5.,-110.5));
#4243=CARTESIAN_POINT('',(-4.50000000000007,0.,-115.));
#4244=CARTESIAN_POINT('',(-4.50000000000007,0.,-115.));
#4245=CARTESIAN_POINT('',(-6.65975211485862E-14,0.,-110.5));
#4246=CARTESIAN_POINT('Origin',(-4.50000000000007,0.,-110.5));
#4247=CARTESIAN_POINT('',(-6.66133814775094E-14,0.,-110.5));
#4248=CARTESIAN_POINT('Origin',(-4.50000000000007,0.,-115.));
#4249=CARTESIAN_POINT('',(-6.93096373944562E-14,5.,-115.));
#4250=CARTESIAN_POINT('',(12.7499999999999,5.,-115.));
#4251=CARTESIAN_POINT('',(-6.93096373944562E-14,28.,-115.));
#4252=CARTESIAN_POINT('',(-6.93096373944562E-14,0.,-115.));
#4253=CARTESIAN_POINT('',(-4.50000000000007,28.,-115.));
#4254=CARTESIAN_POINT('',(-4.50000000000007,28.,-115.));
#4255=CARTESIAN_POINT('',(-4.50000000000007,0.,-115.));
#4256=CARTESIAN_POINT('Origin',(-4.50000000000002,0.,-29.5));
#4257=CARTESIAN_POINT('',(-4.50000000000002,5.,-25.));
#4258=CARTESIAN_POINT('',(-1.77794287229257E-14,5.,-29.5));
#4259=CARTESIAN_POINT('Origin',(-4.50000000000002,5.,-29.5));
#4260=CARTESIAN_POINT('',(-1.77794287229257E-14,0.,-29.5));
#4261=CARTESIAN_POINT('',(-1.77635683940025E-14,0.,-29.5));
#4262=CARTESIAN_POINT('',(-4.5,0.,-25.));
#4263=CARTESIAN_POINT('Origin',(-4.50000000000002,0.,-29.5));
#4264=CARTESIAN_POINT('',(-4.5,0.,-25.));
#4265=CARTESIAN_POINT('Origin',(-8.59439503691257E-14,0.,-142.6));
#4266=CARTESIAN_POINT('',(-8.43769498715119E-14,0.,-140.));
#4267=CARTESIAN_POINT('',(0.,5.,-42.2));
#4268=CARTESIAN_POINT('',(-8.43769498715119E-14,5.,-140.));
#4269=CARTESIAN_POINT('',(0.,10.,-42.2));
#4270=CARTESIAN_POINT('',(0.,0.,-42.2));
#4271=CARTESIAN_POINT('',(-2.66453525910038E-14,10.,-44.2));
#4272=CARTESIAN_POINT('',(-8.43769498715119E-14,10.,-140.));
#4273=CARTESIAN_POINT('',(-2.66390084594345E-14,5.,-44.2));
#4274=CARTESIAN_POINT('',(-2.66390084594345E-14,0.,-44.2));
#4275=CARTESIAN_POINT('',(-8.43769498715119E-14,5.,-140.));
#4276=CARTESIAN_POINT('Origin',(25.875,12.6,2.6));
#4277=CARTESIAN_POINT('',(60.,10.9386752274164,0.599999999999989));
#4278=CARTESIAN_POINT('',(60.,12.6,0.));
#4279=CARTESIAN_POINT('Origin',(60.,12.6,2.6));
#4280=CARTESIAN_POINT('',(43.4999999999999,10.9386752274164,0.599999999999989));
#4281=CARTESIAN_POINT('',(25.875,10.9386752274164,0.599999999999989));
#4282=CARTESIAN_POINT('',(43.4999999999999,10.,2.59999999999999));
#4283=CARTESIAN_POINT('Origin',(43.4999999999999,12.6,2.6));
#4284=CARTESIAN_POINT('',(64.5,10.,2.59999999999999));
#4285=CARTESIAN_POINT('',(43.4999999999999,10.,2.59999999999999));
#4286=CARTESIAN_POINT('',(64.5,12.6,0.));
#4287=CARTESIAN_POINT('Origin',(64.5,12.6,2.6));
#4288=CARTESIAN_POINT('',(25.875,12.6,0.));
#4289=CARTESIAN_POINT('Origin',(4.175,12.6,2.6));
#4290=CARTESIAN_POINT('',(1.66533453693773E-15,10.,2.6));
#4291=CARTESIAN_POINT('',(0.,12.6,0.));
#4292=CARTESIAN_POINT('Origin',(0.,12.6,2.6));
#4293=CARTESIAN_POINT('',(-4.5,12.6,0.));
#4294=CARTESIAN_POINT('',(4.175,12.6,0.));
#4295=CARTESIAN_POINT('',(-4.5,10.,2.59999999999999));
#4296=CARTESIAN_POINT('Origin',(-4.5,12.6,2.6));
#4297=CARTESIAN_POINT('',(0.,10.,2.59999999999999));
#4298=CARTESIAN_POINT('Origin',(0.,0.,0.));
#4299=CARTESIAN_POINT('',(0.,28.,0.));
#4300=CARTESIAN_POINT('',(0.,0.,0.));
#4301=CARTESIAN_POINT('',(-4.5,28.,0.));
#4302=CARTESIAN_POINT('',(-4.5,28.,0.));
#4303=CARTESIAN_POINT('',(-4.5,0.,0.));
#4304=CARTESIAN_POINT('Origin',(34.1249999999999,12.6,-142.6));
#4305=CARTESIAN_POINT('',(-8.76124569718481E-14,10.9386752274164,-140.6));
#4306=CARTESIAN_POINT('',(-8.43769498715119E-14,12.6,-140.));
#4307=CARTESIAN_POINT('Origin',(-8.88178419700125E-14,12.6,-142.6));
#4308=CARTESIAN_POINT('',(16.5,10.9386752274163,-140.6));
#4309=CARTESIAN_POINT('',(34.1249999999999,10.9386752274163,-140.6));
#4310=CARTESIAN_POINT('',(16.5,10.,-142.6));
#4311=CARTESIAN_POINT('Origin',(16.5,12.6,-142.6));
#4312=CARTESIAN_POINT('',(-4.50000000000009,10.,-142.6));
#4313=CARTESIAN_POINT('',(16.5,10.,-142.6));
#4314=CARTESIAN_POINT('',(-4.50000000000009,12.6,-140.));
#4315=CARTESIAN_POINT('Origin',(-4.50000000000007,12.6,-142.6));
#4316=CARTESIAN_POINT('',(34.1249999999999,12.6,-140.));
#4317=CARTESIAN_POINT('Origin',(55.7875757622153,12.6,-142.6));
#4318=CARTESIAN_POINT('',(59.9999999999999,10.,-142.6));
#4319=CARTESIAN_POINT('',(59.9999999999999,12.6,-140.));
#4320=CARTESIAN_POINT('Origin',(59.9999999999999,12.6,-142.6));
#4321=CARTESIAN_POINT('',(64.4999999999999,12.6,-140.));
#4322=CARTESIAN_POINT('',(55.7875757622153,12.6,-140.));
#4323=CARTESIAN_POINT('',(64.4999999999999,10.,-142.6));
#4324=CARTESIAN_POINT('Origin',(64.4999999999999,12.6,-142.6));
#4325=CARTESIAN_POINT('',(60.,10.,-142.6));
#4326=CARTESIAN_POINT('Origin',(59.9999999999999,0.,-140.));
#4327=CARTESIAN_POINT('',(59.9999999999999,28.,-140.));
#4328=CARTESIAN_POINT('',(59.9999999999999,0.,-140.));
#4329=CARTESIAN_POINT('',(64.4999999999999,28.,-140.));
#4330=CARTESIAN_POINT('',(64.4999999999999,28.,-140.));
#4331=CARTESIAN_POINT('',(64.4999999999999,0.,-140.));
#4332=CARTESIAN_POINT('Origin',(53.,7.,-78.25));
#4333=CARTESIAN_POINT('',(51.,7.,-91.));
#4334=CARTESIAN_POINT('',(51.,7.,-86.5));
#4335=CARTESIAN_POINT('',(51.,7.,-78.25));
#4336=CARTESIAN_POINT('',(53.,5.,-84.5));
#4337=CARTESIAN_POINT('Origin',(53.,7.,-84.5));
#4338=CARTESIAN_POINT('',(53.,5.,-93.));
#4339=CARTESIAN_POINT('',(53.,5.,-78.25));
#4340=CARTESIAN_POINT('Origin',(53.,7.,-93.));
#4341=CARTESIAN_POINT('Origin',(38.25,7.,-84.5));
#4342=CARTESIAN_POINT('',(44.5,5.,-84.5));
#4343=CARTESIAN_POINT('',(38.25,5.,-84.5));
#4344=CARTESIAN_POINT('',(46.5,7.,-86.5));
#4345=CARTESIAN_POINT('',(38.25,7.,-86.5));
#4346=CARTESIAN_POINT('Origin',(44.5,7.,-84.5));
#4347=CARTESIAN_POINT('Origin',(44.5,7.,-80.5));
#4348=CARTESIAN_POINT('',(44.5,5.,-93.));
#4349=CARTESIAN_POINT('',(44.5,5.,-80.5));
#4350=CARTESIAN_POINT('',(46.5,7.,-91.));
#4351=CARTESIAN_POINT('',(46.5,7.,-80.5));
#4352=CARTESIAN_POINT('Origin',(44.5,7.,-93.));
#4353=CARTESIAN_POINT('Origin',(40.5,7.,-93.));
#4354=CARTESIAN_POINT('',(40.5,5.,-93.));
#4355=CARTESIAN_POINT('',(40.5,7.,-91.));
#4356=CARTESIAN_POINT('Origin',(46.5,0.,-86.5));
#4357=CARTESIAN_POINT('',(51.,25.,-86.5));
#4358=CARTESIAN_POINT('',(51.,0.,-86.5));
#4359=CARTESIAN_POINT('',(46.5,25.,-86.5));
#4360=CARTESIAN_POINT('',(46.5,25.,-86.5));
#4361=CARTESIAN_POINT('',(46.5,0.,-86.5));
#4362=CARTESIAN_POINT('Origin',(51.,0.,-86.5));
#4363=CARTESIAN_POINT('',(51.,25.,-91.));
#4364=CARTESIAN_POINT('',(51.,0.,-91.));
#4365=CARTESIAN_POINT('',(51.,25.,-86.5));
#4366=CARTESIAN_POINT('Origin',(30.,5.,-70.));
#4367=CARTESIAN_POINT('',(43.4999999999999,5.,-24.75));
#4368=CARTESIAN_POINT('',(60.,5.,-24.75));
#4369=CARTESIAN_POINT('',(45.,5.,-24.75));
#4370=CARTESIAN_POINT('',(60.,5.,0.));
#4371=CARTESIAN_POINT('',(46.,5.,-95.8));
#4372=CARTESIAN_POINT('',(38.,5.,-95.8));
#4373=CARTESIAN_POINT('',(46.,5.,-97.8));
#4374=CARTESIAN_POINT('',(46.,5.,-83.9));
#4375=CARTESIAN_POINT('',(45.,5.,-97.8));
#4376=CARTESIAN_POINT('',(59.9999999999999,5.,-115.));
#4377=CARTESIAN_POINT('',(44.9999999999999,5.,-115.));
#4378=CARTESIAN_POINT('',(59.9999999999999,5.,-140.));
#4379=CARTESIAN_POINT('',(60.,5.,0.));
#4380=CARTESIAN_POINT('',(45.1503030488612,5.,-140.));
#4381=CARTESIAN_POINT('',(59.9999999999999,5.,-140.));
#4382=CARTESIAN_POINT('',(45.1503030488612,5.,-121.003218376726));
#4383=CARTESIAN_POINT('',(45.1503030488613,5.,-95.501609188363));
#4384=CARTESIAN_POINT('',(43.1503030488612,5.,-121.003218376726));
#4385=CARTESIAN_POINT('',(36.5751515244306,5.,-121.003218376726));
#4386=CARTESIAN_POINT('',(43.1503030488612,5.,-140.));
#4387=CARTESIAN_POINT('',(43.1503030488612,5.,-106.3));
#4388=CARTESIAN_POINT('',(37.5,5.,-140.));
#4389=CARTESIAN_POINT('',(59.9999999999999,5.,-140.));
#4390=CARTESIAN_POINT('',(37.5,5.,-125.));
#4391=CARTESIAN_POINT('',(37.5,5.,-97.5));
#4392=CARTESIAN_POINT('',(22.5,5.,-125.));
#4393=CARTESIAN_POINT('',(26.25,5.,-125.));
#4394=CARTESIAN_POINT('',(22.5,5.,-140.));
#4395=CARTESIAN_POINT('',(22.5,5.,-105.));
#4396=CARTESIAN_POINT('',(16.9999999999999,5.,-140.));
#4397=CARTESIAN_POINT('',(59.9999999999999,5.,-140.));
#4398=CARTESIAN_POINT('',(16.9999999999999,5.,-118.));
#4399=CARTESIAN_POINT('',(17.,5.,-94.));
#4400=CARTESIAN_POINT('',(16.5,5.,-118.));
#4401=CARTESIAN_POINT('',(14.9999999999999,5.,-118.));
#4402=CARTESIAN_POINT('',(16.5,5.,-115.25));
#4403=CARTESIAN_POINT('',(16.5,5.,-92.625));
#4404=CARTESIAN_POINT('',(-6.94603105192268E-14,5.,-115.25));
#4405=CARTESIAN_POINT('',(14.9999999999999,5.,-115.25));
#4406=CARTESIAN_POINT('',(-8.43769498715119E-14,5.,-140.));
#4407=CARTESIAN_POINT('',(14.5,5.,-44.2));
#4408=CARTESIAN_POINT('',(22.25,5.,-44.2));
#4409=CARTESIAN_POINT('',(14.5,5.,-42.2));
#4410=CARTESIAN_POINT('',(14.5,5.,-56.1));
#4411=CARTESIAN_POINT('',(15.,5.,-42.2));
#4412=CARTESIAN_POINT('',(-1.50673124770557E-14,5.,-25.));
#4413=CARTESIAN_POINT('',(15.,5.,-25.));
#4414=CARTESIAN_POINT('',(0.,5.,0.));
#4415=CARTESIAN_POINT('',(-8.43769498715119E-14,5.,-140.));
#4416=CARTESIAN_POINT('',(14.7,5.,-1.11022302462516E-14));
#4417=CARTESIAN_POINT('',(0.,5.,0.));
#4418=CARTESIAN_POINT('',(14.7,5.,-19.));
#4419=CARTESIAN_POINT('',(14.7,5.,-44.5));
#4420=CARTESIAN_POINT('',(16.7,5.,-19.));
#4421=CARTESIAN_POINT('',(23.35,5.,-19.));
#4422=CARTESIAN_POINT('',(16.7,5.,0.));
#4423=CARTESIAN_POINT('',(16.6999999999998,5.,-33.7));
#4424=CARTESIAN_POINT('',(43.,5.,0.));
#4425=CARTESIAN_POINT('',(0.,5.,0.));
#4426=CARTESIAN_POINT('',(43.,5.,-22.));
#4427=CARTESIAN_POINT('',(43.,5.,-46.));
#4428=CARTESIAN_POINT('',(43.4999999999999,5.,-22.));
#4429=CARTESIAN_POINT('',(45.,5.,-22.));
#4430=CARTESIAN_POINT('',(43.4999999999999,5.,-47.375));
#4431=CARTESIAN_POINT('',(7.,5.,-84.5));
#4432=CARTESIAN_POINT('',(15.5,5.,-84.5));
#4433=CARTESIAN_POINT('',(19.5,5.,-84.5));
#4434=CARTESIAN_POINT('',(7.,5.,-93.));
#4435=CARTESIAN_POINT('',(7.,5.,-80.5));
#4436=CARTESIAN_POINT('',(15.5,5.,-93.));
#4437=CARTESIAN_POINT('',(21.75,5.,-93.));
#4438=CARTESIAN_POINT('',(15.5,5.,-78.25));
#4439=CARTESIAN_POINT('',(15.499994011061,5.,-55.499994011061));
#4440=CARTESIAN_POINT('',(7.00000598893896,5.,-55.499994011061));
#4441=CARTESIAN_POINT('',(21.7499970055305,5.,-55.499994011061));
#4442=CARTESIAN_POINT('',(15.499994011061,5.,-47.000005988939));
#4443=CARTESIAN_POINT('',(15.499994011061,5.,-59.5000029944695));
#4444=CARTESIAN_POINT('',(7.00000598893897,5.,-47.000005988939));
#4445=CARTESIAN_POINT('',(19.5000029944695,5.,-47.000005988939));
#4446=CARTESIAN_POINT('',(7.00000598893896,5.,-61.7499970055305));
#4447=CARTESIAN_POINT('',(44.5,5.,-47.));
#4448=CARTESIAN_POINT('',(53.,5.,-47.));
#4449=CARTESIAN_POINT('',(38.25,5.,-47.));
#4450=CARTESIAN_POINT('',(44.5,5.,-55.5));
#4451=CARTESIAN_POINT('',(44.5,5.,-61.75));
#4452=CARTESIAN_POINT('',(53.,5.,-55.5));
#4453=CARTESIAN_POINT('',(40.5,5.,-55.5));
#4454=CARTESIAN_POINT('',(53.,5.,-59.5));
#4455=CARTESIAN_POINT('Origin',(19.5,7.,-84.5));
#4456=CARTESIAN_POINT('',(13.5,7.,-86.5));
#4457=CARTESIAN_POINT('Origin',(15.5,7.,-84.5));
#4458=CARTESIAN_POINT('',(9.,7.,-86.5));
#4459=CARTESIAN_POINT('',(19.5,7.,-86.5));
#4460=CARTESIAN_POINT('Origin',(7.,7.,-84.5));
#4461=CARTESIAN_POINT('Origin',(15.5,7.,-78.25));
#4462=CARTESIAN_POINT('',(13.5,7.,-91.));
#4463=CARTESIAN_POINT('',(13.5,7.,-78.25));
#4464=CARTESIAN_POINT('Origin',(15.5,7.,-93.));
#4465=CARTESIAN_POINT('Origin',(7.,7.,-80.5));
#4466=CARTESIAN_POINT('',(9.,7.,-91.));
#4467=CARTESIAN_POINT('',(9.,7.,-80.5));
#4468=CARTESIAN_POINT('Origin',(7.,7.,-93.));
#4469=CARTESIAN_POINT('Origin',(21.75,7.,-93.));
#4470=CARTESIAN_POINT('',(21.75,7.,-91.));
#4471=CARTESIAN_POINT('Origin',(9.,0.,-91.));
#4472=CARTESIAN_POINT('',(9.,25.,-86.5));
#4473=CARTESIAN_POINT('',(9.,0.,-86.5));
#4474=CARTESIAN_POINT('',(9.,25.,-91.));
#4475=CARTESIAN_POINT('',(9.,25.,-91.));
#4476=CARTESIAN_POINT('',(9.,0.,-91.));
#4477=CARTESIAN_POINT('Origin',(9.,0.,-86.5));
#4478=CARTESIAN_POINT('',(13.5,25.,-86.5));
#4479=CARTESIAN_POINT('',(13.5,0.,-86.5));
#4480=CARTESIAN_POINT('',(9.,25.,-86.5));
#4481=CARTESIAN_POINT('Origin',(38.25,7.,-47.));
#4482=CARTESIAN_POINT('',(51.,7.,-49.));
#4483=CARTESIAN_POINT('Origin',(53.,7.,-47.));
#4484=CARTESIAN_POINT('',(46.5,7.,-49.));
#4485=CARTESIAN_POINT('',(38.25,7.,-49.));
#4486=CARTESIAN_POINT('Origin',(44.5,7.,-47.));
#4487=CARTESIAN_POINT('Origin',(53.,7.,-59.5));
#4488=CARTESIAN_POINT('',(51.,7.,-53.5));
#4489=CARTESIAN_POINT('',(51.,7.,-59.5));
#4490=CARTESIAN_POINT('Origin',(53.,7.,-55.5));
#4491=CARTESIAN_POINT('Origin',(44.5,7.,-61.75));
#4492=CARTESIAN_POINT('',(46.5,7.,-53.5));
#4493=CARTESIAN_POINT('',(46.5,7.,-61.75));
#4494=CARTESIAN_POINT('Origin',(44.5,7.,-55.5));
#4495=CARTESIAN_POINT('Origin',(40.5,7.,-55.5));
#4496=CARTESIAN_POINT('',(40.5,7.,-53.5));
#4497=CARTESIAN_POINT('Origin',(46.5,0.,-53.5));
#4498=CARTESIAN_POINT('',(46.5,25.,-49.));
#4499=CARTESIAN_POINT('',(46.5,0.,-49.));
#4500=CARTESIAN_POINT('',(46.5,25.,-53.5));
#4501=CARTESIAN_POINT('',(46.5,25.,-53.5));
#4502=CARTESIAN_POINT('',(46.5,0.,-53.5));
#4503=CARTESIAN_POINT('Origin',(46.5,0.,-49.));
#4504=CARTESIAN_POINT('',(51.,25.,-49.));
#4505=CARTESIAN_POINT('',(51.,0.,-49.));
#4506=CARTESIAN_POINT('',(46.5,25.,-49.));
#4507=CARTESIAN_POINT('Origin',(21.7499970055305,7.,-55.499994011061));
#4508=CARTESIAN_POINT('',(9.00000598893896,7.,-53.499994011061));
#4509=CARTESIAN_POINT('',(13.499994011061,7.,-53.499994011061));
#4510=CARTESIAN_POINT('',(21.7499970055305,7.,-53.499994011061));
#4511=CARTESIAN_POINT('Origin',(15.499994011061,7.,-55.499994011061));
#4512=CARTESIAN_POINT('Origin',(7.00000598893896,7.,-55.499994011061));
#4513=CARTESIAN_POINT('Origin',(15.499994011061,7.,-59.5000029944695));
#4514=CARTESIAN_POINT('',(13.499994011061,7.,-49.000005988939));
#4515=CARTESIAN_POINT('',(13.499994011061,7.,-59.5000029944695));
#4516=CARTESIAN_POINT('Origin',(15.499994011061,7.,-47.000005988939));
#4517=CARTESIAN_POINT('Origin',(19.5000029944695,7.,-47.000005988939));
#4518=CARTESIAN_POINT('',(9.00000598893897,7.,-49.000005988939));
#4519=CARTESIAN_POINT('',(19.5000029944695,7.,-49.000005988939));
#4520=CARTESIAN_POINT('Origin',(7.00000598893897,7.,-47.000005988939));
#4521=CARTESIAN_POINT('Origin',(7.00000598893896,7.,-61.7499970055305));
#4522=CARTESIAN_POINT('',(9.00000598893896,7.,-61.7499970055305));
#4523=CARTESIAN_POINT('Origin',(13.499994011061,0.,-49.000005988939));
#4524=CARTESIAN_POINT('',(13.499994011061,25.,-53.499994011061));
#4525=CARTESIAN_POINT('',(13.499994011061,0.,-53.499994011061));
#4526=CARTESIAN_POINT('',(13.499994011061,25.,-49.000005988939));
#4527=CARTESIAN_POINT('',(13.499994011061,25.,-49.000005988939));
#4528=CARTESIAN_POINT('',(13.499994011061,0.,-49.000005988939));
#4529=CARTESIAN_POINT('Origin',(13.499994011061,0.,-53.499994011061));
#4530=CARTESIAN_POINT('',(9.00000598893896,25.,-53.499994011061));
#4531=CARTESIAN_POINT('',(9.00000598893896,0.,-53.499994011061));
#4532=CARTESIAN_POINT('',(13.499994011061,25.,-53.499994011061));
#4533=CARTESIAN_POINT('Origin',(25.,0.,0.));
#4534=CARTESIAN_POINT('',(25.,0.,-140.));
#4535=CARTESIAN_POINT('',(25.,0.,0.));
#4536=CARTESIAN_POINT('',(25.,0.,-35.));
#4537=CARTESIAN_POINT('',(25.,-5.,-140.));
#4538=CARTESIAN_POINT('',(25.,0.,-140.));
#4539=CARTESIAN_POINT('',(25.,-5.,0.));
#4540=CARTESIAN_POINT('',(25.,-5.,-140.));
#4541=CARTESIAN_POINT('',(25.,0.,0.));
#4542=CARTESIAN_POINT('Origin',(35.,0.,-140.));
#4543=CARTESIAN_POINT('',(35.,0.,0.));
#4544=CARTESIAN_POINT('',(35.,0.,-140.));
#4545=CARTESIAN_POINT('',(35.,0.,-105.));
#4546=CARTESIAN_POINT('',(35.,-5.,0.));
#4547=CARTESIAN_POINT('',(35.,0.,0.));
#4548=CARTESIAN_POINT('',(35.,-5.,-140.));
#4549=CARTESIAN_POINT('',(35.,-5.,0.));
#4550=CARTESIAN_POINT('',(35.,0.,-140.));
#4551=CARTESIAN_POINT('Origin',(30.,-5.,-70.));
#4552=CARTESIAN_POINT('',(59.9999999999999,-5.,-140.));
#4553=CARTESIAN_POINT('',(0.,-5.,0.));
#4554=CARTESIAN_POINT('Origin',(30.,0.,-70.));
#4555=CARTESIAN_POINT('',(16.7,0.,0.));
#4556=CARTESIAN_POINT('',(-4.5,0.,0.));
#4557=CARTESIAN_POINT('',(16.7,0.,2.59999999999994));
#4558=CARTESIAN_POINT('',(16.7,0.,2.59999999999994));
#4559=CARTESIAN_POINT('',(-4.5,0.,2.59999999999999));
#4560=CARTESIAN_POINT('',(0.,0.,2.59999999999999));
#4561=CARTESIAN_POINT('',(-4.5,0.,-22.));
#4562=CARTESIAN_POINT('',(-4.50000000000009,0.,-142.6));
#4563=CARTESIAN_POINT('',(-4.50000000000009,0.,-142.6));
#4564=CARTESIAN_POINT('',(16.5,0.,-142.6));
#4565=CARTESIAN_POINT('',(16.5,0.,-142.6));
#4566=CARTESIAN_POINT('',(16.5,0.,-140.));
#4567=CARTESIAN_POINT('',(16.5,0.,-140.));
#4568=CARTESIAN_POINT('',(64.4999999999999,0.,-140.));
#4569=CARTESIAN_POINT('Origin',(30.,0.,-70.));
#4570=CARTESIAN_POINT('',(43.1503030488612,0.,-140.));
#4571=CARTESIAN_POINT('',(64.4999999999999,0.,-140.));
#4572=CARTESIAN_POINT('',(43.1503030488612,0.,-142.6));
#4573=CARTESIAN_POINT('',(43.1503030488612,0.,-142.6));
#4574=CARTESIAN_POINT('',(64.4999999999999,0.,-142.6));
#4575=CARTESIAN_POINT('',(60.,0.,-142.6));
#4576=CARTESIAN_POINT('',(64.4999999999999,0.,-118.));
#4577=CARTESIAN_POINT('',(64.5,0.,2.59999999999999));
#4578=CARTESIAN_POINT('',(64.5,0.,2.59999999999999));
#4579=CARTESIAN_POINT('',(43.4999999999999,0.,2.59999999999999));
#4580=CARTESIAN_POINT('',(43.4999999999999,0.,2.59999999999999));
#4581=CARTESIAN_POINT('',(43.4999999999999,0.,0.));
#4582=CARTESIAN_POINT('',(43.4999999999999,0.,0.));
#4583=CARTESIAN_POINT('',(-4.5,0.,0.));
#4584=CARTESIAN_POINT('Origin',(48.75,0.,-88.75));
#4585=CARTESIAN_POINT('',(50.25,28.,-88.75));
#4586=CARTESIAN_POINT('Origin',(48.75,28.,-88.75));
#4587=CARTESIAN_POINT('',(50.25,25.,-88.75));
#4588=CARTESIAN_POINT('',(50.25,0.,-88.75));
#4589=CARTESIAN_POINT('Origin',(48.75,25.,-88.75));
#4590=CARTESIAN_POINT('Origin',(48.75,28.,-88.75));
#4591=CARTESIAN_POINT('Origin',(11.25,0.,-88.75));
#4592=CARTESIAN_POINT('',(12.75,28.,-88.75));
#4593=CARTESIAN_POINT('Origin',(11.25,28.,-88.75));
#4594=CARTESIAN_POINT('',(12.75,25.,-88.75));
#4595=CARTESIAN_POINT('',(12.75,0.,-88.75));
#4596=CARTESIAN_POINT('Origin',(11.25,25.,-88.75));
#4597=CARTESIAN_POINT('Origin',(11.25,28.,-88.75));
#4598=CARTESIAN_POINT('Origin',(48.75,0.,-51.25));
#4599=CARTESIAN_POINT('',(50.25,28.,-51.25));
#4600=CARTESIAN_POINT('Origin',(48.75,28.,-51.25));
#4601=CARTESIAN_POINT('',(50.25,25.,-51.25));
#4602=CARTESIAN_POINT('',(50.25,0.,-51.25));
#4603=CARTESIAN_POINT('Origin',(48.75,25.,-51.25));
#4604=CARTESIAN_POINT('Origin',(48.75,28.,-51.25));
#4605=CARTESIAN_POINT('Origin',(11.25,0.,-51.25));
#4606=CARTESIAN_POINT('',(12.75,28.,-51.25));
#4607=CARTESIAN_POINT('Origin',(11.25,28.,-51.25));
#4608=CARTESIAN_POINT('',(12.75,25.,-51.25));
#4609=CARTESIAN_POINT('',(12.75,0.,-51.25));
#4610=CARTESIAN_POINT('Origin',(11.25,25.,-51.25));
#4611=CARTESIAN_POINT('Origin',(11.25,28.,-51.25));
#4612=CARTESIAN_POINT('Origin',(48.75,25.,-88.75));
#4613=CARTESIAN_POINT('',(46.5,25.,-91.));
#4614=CARTESIAN_POINT('',(51.,25.,-91.));
#4615=CARTESIAN_POINT('',(46.5,25.,-91.));
#4616=CARTESIAN_POINT('Origin',(11.25,25.,-88.75));
#4617=CARTESIAN_POINT('',(13.5,25.,-91.));
#4618=CARTESIAN_POINT('',(13.5,25.,-86.5));
#4619=CARTESIAN_POINT('',(13.5,25.,-91.));
#4620=CARTESIAN_POINT('Origin',(48.75,25.,-51.25));
#4621=CARTESIAN_POINT('',(51.,25.,-53.5));
#4622=CARTESIAN_POINT('',(51.,25.,-49.));
#4623=CARTESIAN_POINT('',(51.,25.,-53.5));
#4624=CARTESIAN_POINT('Origin',(11.25,25.,-51.25));
#4625=CARTESIAN_POINT('',(9.00000598893897,25.,-49.000005988939));
#4626=CARTESIAN_POINT('',(9.00000598893896,25.,-53.499994011061));
#4627=CARTESIAN_POINT('',(9.00000598893897,25.,-49.000005988939));
#4628=CARTESIAN_POINT('Origin',(46.5,0.,-91.));
#4629=CARTESIAN_POINT('',(46.5,0.,-91.));
#4630=CARTESIAN_POINT('Origin',(51.,0.,-91.));
#4631=CARTESIAN_POINT('Origin',(45.4999999999999,0.,0.599999999999989));
#4632=CARTESIAN_POINT('',(45.4999999999999,5.,0.));
#4633=CARTESIAN_POINT('',(45.4999999999999,5.,0.599999999999989));
#4634=CARTESIAN_POINT('',(45.4999999999999,5.,-34.7));
#4635=CARTESIAN_POINT('',(45.4999999999999,5.5,0.));
#4636=CARTESIAN_POINT('',(45.4999999999999,0.,0.));
#4637=CARTESIAN_POINT('',(45.4999999999999,5.5,-22.));
#4638=CARTESIAN_POINT('',(45.4999999999999,5.5,-5.20000000000001));
#4639=CARTESIAN_POINT('',(45.4999999999999,5.,-22.));
#4640=CARTESIAN_POINT('',(45.4999999999999,2.5,-22.));
#4641=CARTESIAN_POINT('',(45.4999999999999,5.,-22.75));
#4642=CARTESIAN_POINT('',(45.4999999999999,5.,-34.7));
#4643=CARTESIAN_POINT('',(45.4999999999999,10.,-22.75));
#4644=CARTESIAN_POINT('',(45.4999999999999,0.,-22.75));
#4645=CARTESIAN_POINT('',(45.4999999999999,10.,0.599999999999987));
#4646=CARTESIAN_POINT('',(45.4999999999999,10.,0.599999999999989));
#4647=CARTESIAN_POINT('',(45.4999999999999,0.,0.599999999999989));
#4648=CARTESIAN_POINT('Origin',(45.4999999999999,0.,-22.75));
#4649=CARTESIAN_POINT('',(60.,5.,-22.75));
#4650=CARTESIAN_POINT('',(37.7499999999999,5.,-22.75));
#4651=CARTESIAN_POINT('',(60.,10.,-22.75));
#4652=CARTESIAN_POINT('',(60.,0.,-22.75));
#4653=CARTESIAN_POINT('',(45.4999999999999,10.,-22.75));
#4654=CARTESIAN_POINT('Origin',(60.,0.,-24.75));
#4655=CARTESIAN_POINT('',(43.4999999999999,10.,-24.75));
#4656=CARTESIAN_POINT('',(43.4999999999999,0.,-24.75));
#4657=CARTESIAN_POINT('',(60.,10.,-24.75));
#4658=CARTESIAN_POINT('',(60.,10.,-24.75));
#4659=CARTESIAN_POINT('',(60.,0.,-24.75));
#4660=CARTESIAN_POINT('Origin',(60.,0.,0.599999999999989));
#4661=CARTESIAN_POINT('',(60.,5.,0.599999999999989));
#4662=CARTESIAN_POINT('',(45.,5.,0.599999999999987));
#4663=CARTESIAN_POINT('',(43.4999999999999,10.,0.599999999999987));
#4664=CARTESIAN_POINT('',(55.875,10.,0.599999999999989));
#4665=CARTESIAN_POINT('',(43.4999999999999,0.,0.599999999999989));
#4666=CARTESIAN_POINT('',(60.,0.,0.599999999999989));
#4667=CARTESIAN_POINT('Origin',(51.75,10.,-11.075));
#4668=CARTESIAN_POINT('',(60.,10.,-18.0375));
#4669=CARTESIAN_POINT('',(43.4999999999999,10.,-24.75));
#4670=CARTESIAN_POINT('Origin',(43.1503030488612,0.,-142.6));
#4671=CARTESIAN_POINT('',(43.1503030488612,0.,-140.));
#4672=CARTESIAN_POINT('',(43.1503030488612,10.,-121.003218376726));
#4673=CARTESIAN_POINT('',(43.1503030488612,0.,-121.003218376726));
#4674=CARTESIAN_POINT('',(43.1503030488612,10.,-142.6));
#4675=CARTESIAN_POINT('',(43.1503030488612,10.,-142.6));
#4676=CARTESIAN_POINT('',(43.1503030488612,0.,-142.6));
#4677=CARTESIAN_POINT('Origin',(43.1503030488612,0.,-121.003218376726));
#4678=CARTESIAN_POINT('',(45.1503030488612,10.,-121.003218376726));
#4679=CARTESIAN_POINT('',(45.1503030488612,0.,-121.003218376726));
#4680=CARTESIAN_POINT('',(43.1503030488612,10.,-121.003218376726));
#4681=CARTESIAN_POINT('Origin',(45.1503030488612,0.,-121.003218376726));
#4682=CARTESIAN_POINT('',(45.1503030488612,10.,-140.));
#4683=CARTESIAN_POINT('',(45.1503030488612,0.,-140.));
#4684=CARTESIAN_POINT('',(45.1503030488612,10.,-121.003218376726));
#4685=CARTESIAN_POINT('Origin',(64.4999999999999,0.,-142.6));
#4686=CARTESIAN_POINT('',(60.,10.,-142.6));
#4687=CARTESIAN_POINT('',(64.4999999999999,0.,-142.6));
#4688=CARTESIAN_POINT('Origin',(45.1503030488612,0.,-140.));
#4689=CARTESIAN_POINT('',(59.9999999999999,10.,-140.));
#4690=CARTESIAN_POINT('',(59.9999999999999,0.,-140.));
#4691=CARTESIAN_POINT('',(-8.88178419700125E-14,10.,-140.));
#4692=CARTESIAN_POINT('Origin',(51.5751515244306,10.,-141.3));
#4693=CARTESIAN_POINT('',(59.9999999999999,10.,-140.65));
#4694=CARTESIAN_POINT('Origin',(51.,0.,-53.5));
#4695=CARTESIAN_POINT('',(51.,0.,-53.5));
#4696=CARTESIAN_POINT('Origin',(51.,0.,-49.));
#4697=CARTESIAN_POINT('Origin',(46.,0.,-95.8));
#4698=CARTESIAN_POINT('',(46.,10.,-95.8));
#4699=CARTESIAN_POINT('',(46.,10.,-95.8));
#4700=CARTESIAN_POINT('',(46.,0.,-95.8));
#4701=CARTESIAN_POINT('Origin',(46.,0.,-97.8));
#4702=CARTESIAN_POINT('',(46.,10.,-97.8));
#4703=CARTESIAN_POINT('',(46.,10.,-97.8));
#4704=CARTESIAN_POINT('',(46.,0.,-97.8));
#4705=CARTESIAN_POINT('Origin',(60.,0.,-97.8));
#4706=CARTESIAN_POINT('',(60.,10.,-97.8));
#4707=CARTESIAN_POINT('Origin',(53.,10.,-96.8));
#4708=CARTESIAN_POINT('Origin',(14.5,0.,-44.2));
#4709=CARTESIAN_POINT('',(14.5,10.,-44.2));
#4710=CARTESIAN_POINT('',(14.5,10.,-44.2));
#4711=CARTESIAN_POINT('',(14.5,0.,-44.2));
#4712=CARTESIAN_POINT('Origin',(14.5,0.,-42.2));
#4713=CARTESIAN_POINT('',(14.5,10.,-42.2));
#4714=CARTESIAN_POINT('',(14.5,10.,-42.2));
#4715=CARTESIAN_POINT('',(14.5,0.,-42.2));
#4716=CARTESIAN_POINT('Origin',(0.,0.,-42.2));
#4717=CARTESIAN_POINT('',(0.,10.,-42.2));
#4718=CARTESIAN_POINT('Origin',(7.24999999999999,10.,-43.2));
#4719=CARTESIAN_POINT('Origin',(13.5,0.,-91.));
#4720=CARTESIAN_POINT('',(13.5,0.,-91.));
#4721=CARTESIAN_POINT('Origin',(13.5,0.,-86.5));
#4722=CARTESIAN_POINT('Origin',(14.5,0.,-140.6));
#4723=CARTESIAN_POINT('',(14.5,5.,-140.));
#4724=CARTESIAN_POINT('',(14.5,5.,-140.6));
#4725=CARTESIAN_POINT('',(14.5,5.,-105.3));
#4726=CARTESIAN_POINT('',(14.5,5.5,-140.));
#4727=CARTESIAN_POINT('',(14.5,0.,-140.));
#4728=CARTESIAN_POINT('',(14.5,5.5,-118.));
#4729=CARTESIAN_POINT('',(14.5,5.5,-134.8));
#4730=CARTESIAN_POINT('',(14.5,5.,-118.));
#4731=CARTESIAN_POINT('',(14.5,2.5,-118.));
#4732=CARTESIAN_POINT('',(14.5,5.,-117.25));
#4733=CARTESIAN_POINT('',(14.5,5.,-105.3));
#4734=CARTESIAN_POINT('',(14.5,10.,-117.25));
#4735=CARTESIAN_POINT('',(14.5,0.,-117.25));
#4736=CARTESIAN_POINT('',(14.5,10.,-140.6));
#4737=CARTESIAN_POINT('',(14.5,10.,-140.6));
#4738=CARTESIAN_POINT('',(14.5,0.,-140.6));
#4739=CARTESIAN_POINT('Origin',(14.5,0.,-117.25));
#4740=CARTESIAN_POINT('',(-6.66133814775094E-14,5.,-117.25));
#4741=CARTESIAN_POINT('',(22.25,5.,-117.25));
#4742=CARTESIAN_POINT('',(-6.66133814775094E-14,10.,-117.25));
#4743=CARTESIAN_POINT('',(-6.99440505513849E-14,0.,-117.25));
#4744=CARTESIAN_POINT('',(14.5,10.,-117.25));
#4745=CARTESIAN_POINT('Origin',(-6.55031584528842E-14,0.,-115.25));
#4746=CARTESIAN_POINT('',(16.5,10.,-115.25));
#4747=CARTESIAN_POINT('',(16.5,0.,-115.25));
#4748=CARTESIAN_POINT('',(-6.66133814775094E-14,10.,-115.25));
#4749=CARTESIAN_POINT('',(-6.66133814775094E-14,10.,-115.25));
#4750=CARTESIAN_POINT('',(-6.94603105192268E-14,0.,-115.25));
#4751=CARTESIAN_POINT('Origin',(-8.62567827082031E-14,0.,-140.6));
#4752=CARTESIAN_POINT('',(-8.62567827082031E-14,5.,-140.6));
#4753=CARTESIAN_POINT('',(14.9999999999999,5.,-140.6));
#4754=CARTESIAN_POINT('',(16.5,10.,-140.6));
#4755=CARTESIAN_POINT('',(4.12499999999993,10.,-140.6));
#4756=CARTESIAN_POINT('',(16.5,0.,-140.6));
#4757=CARTESIAN_POINT('',(-8.62567827082031E-14,0.,-140.6));
#4758=CARTESIAN_POINT('Origin',(8.24999999999996,10.,-128.925));
#4759=CARTESIAN_POINT('',(-7.38298311375729E-14,10.,-121.9625));
#4760=CARTESIAN_POINT('',(16.5,10.,-115.25));
#4761=CARTESIAN_POINT('Origin',(16.7,0.,2.59999999999994));
#4762=CARTESIAN_POINT('',(16.7,0.,0.));
#4763=CARTESIAN_POINT('',(16.7,10.,-19.));
#4764=CARTESIAN_POINT('',(16.7,0.,-19.));
#4765=CARTESIAN_POINT('',(16.7,10.,2.59999999999994));
#4766=CARTESIAN_POINT('',(16.7,10.,2.59999999999994));
#4767=CARTESIAN_POINT('',(16.7,0.,2.59999999999994));
#4768=CARTESIAN_POINT('Origin',(16.7,0.,-19.));
#4769=CARTESIAN_POINT('',(14.7,10.,-19.));
#4770=CARTESIAN_POINT('',(14.7,0.,-19.));
#4771=CARTESIAN_POINT('',(16.7,10.,-19.));
#4772=CARTESIAN_POINT('Origin',(14.7,0.,-19.));
#4773=CARTESIAN_POINT('',(14.7,10.,-1.11022302462516E-14));
#4774=CARTESIAN_POINT('',(14.7,0.,-1.11022302462516E-14));
#4775=CARTESIAN_POINT('',(14.7,10.,-19.));
#4776=CARTESIAN_POINT('Origin',(-4.5,0.,2.6));
#4777=CARTESIAN_POINT('',(0.,10.,2.59999999999999));
#4778=CARTESIAN_POINT('',(-4.5,0.,2.59999999999999));
#4779=CARTESIAN_POINT('Origin',(14.7,0.,0.));
#4780=CARTESIAN_POINT('',(0.,10.,0.));
#4781=CARTESIAN_POINT('',(0.,0.,0.));
#4782=CARTESIAN_POINT('',(60.,10.,0.));
#4783=CARTESIAN_POINT('Origin',(8.35,10.,1.29999999999999));
#4784=CARTESIAN_POINT('',(5.55111512312578E-16,10.,0.649999999999998));
#4785=CARTESIAN_POINT('Origin',(9.00000598893897,0.,-49.000005988939));
#4786=CARTESIAN_POINT('',(9.00000598893897,0.,-49.000005988939));
#4787=CARTESIAN_POINT('Origin',(9.00000598893896,0.,-53.499994011061));
#4788=CARTESIAN_POINT('Origin',(30.,5.,-70.));
#4789=CARTESIAN_POINT('',(60.,5.,0.));
#4790=CARTESIAN_POINT('',(60.,5.,0.));
#4791=CARTESIAN_POINT('',(36.5,5.,0.));
#4792=CARTESIAN_POINT('Origin',(51.5,5.5,-11.));
#4793=CARTESIAN_POINT('',(43.4999999999999,5.5,0.));
#4794=CARTESIAN_POINT('',(43.4999999999999,5.5,-22.));
#4795=CARTESIAN_POINT('',(43.4999999999999,5.5,-17.875));
#4796=CARTESIAN_POINT('',(43.,5.5,-22.));
#4797=CARTESIAN_POINT('',(60.,5.5,-22.));
#4798=CARTESIAN_POINT('',(43.,5.5,0.));
#4799=CARTESIAN_POINT('',(43.,5.5,-22.));
#4800=CARTESIAN_POINT('',(43.,5.5,0.));
#4801=CARTESIAN_POINT('Origin',(60.,5.,-22.));
#4802=CARTESIAN_POINT('',(43.4999999999999,2.5,-22.));
#4803=CARTESIAN_POINT('',(43.,5.,-22.));
#4804=CARTESIAN_POINT('Origin',(30.,5.,-70.));
#4805=CARTESIAN_POINT('',(-8.43769498715119E-14,5.,-140.));
#4806=CARTESIAN_POINT('',(-8.43769498715119E-14,5.,-140.));
#4807=CARTESIAN_POINT('',(23.4999999999999,5.,-140.));
#4808=CARTESIAN_POINT('Origin',(59.9999999999999,0.,-140.));
#4809=CARTESIAN_POINT('',(-7.7715611723761E-14,5.5,-140.));
#4810=CARTESIAN_POINT('',(-8.88178419700128E-14,0.,-140.));
#4811=CARTESIAN_POINT('',(16.9999999999999,5.5,-140.));
#4812=CARTESIAN_POINT('Origin',(59.9999999999999,0.,-140.));
#4813=CARTESIAN_POINT('',(-4.50000000000009,28.,-140.));
#4814=CARTESIAN_POINT('',(-4.50000000000009,0.,-140.));
#4815=CARTESIAN_POINT('',(-8.43769498715119E-14,28.,-140.));
#4816=CARTESIAN_POINT('',(-8.43769498715119E-14,28.,-140.));
#4817=CARTESIAN_POINT('',(-8.43769498715119E-14,0.,-140.));
#4818=CARTESIAN_POINT('Origin',(8.49999999999992,5.5,-129.));
#4819=CARTESIAN_POINT('',(16.5,5.5,-140.));
#4820=CARTESIAN_POINT('',(16.5,5.5,-118.));
#4821=CARTESIAN_POINT('',(16.5,5.5,-122.125));
#4822=CARTESIAN_POINT('',(16.9999999999999,5.5,-118.));
#4823=CARTESIAN_POINT('',(-9.32587340685131E-14,5.5,-118.));
#4824=CARTESIAN_POINT('',(16.9999999999999,5.5,-140.));
#4825=CARTESIAN_POINT('',(16.9999999999999,5.5,-118.));
#4826=CARTESIAN_POINT('',(16.9999999999999,5.5,-140.));
#4827=CARTESIAN_POINT('Origin',(-9.32587340685131E-14,5.,-118.));
#4828=CARTESIAN_POINT('',(16.5,2.5,-118.));
#4829=CARTESIAN_POINT('',(16.9999999999999,5.,-118.));
#4830=CARTESIAN_POINT('Origin',(0.,0.,0.));
#4831=CARTESIAN_POINT('',(43.4999999999999,0.,0.));
#4832=CARTESIAN_POINT('',(43.,5.,0.));
#4833=CARTESIAN_POINT('Origin',(0.,0.,0.));
#4834=CARTESIAN_POINT('',(60.,5.5,0.));
#4835=CARTESIAN_POINT('',(60.,0.,0.));
#4836=CARTESIAN_POINT('',(43.,5.5,0.));
#4837=CARTESIAN_POINT('Origin',(0.,0.,0.));
#4838=CARTESIAN_POINT('',(64.5,28.,0.));
#4839=CARTESIAN_POINT('',(64.5,0.,0.));
#4840=CARTESIAN_POINT('',(60.,28.,0.));
#4841=CARTESIAN_POINT('',(60.,28.,0.));
#4842=CARTESIAN_POINT('',(60.,0.,0.));
#4843=CARTESIAN_POINT('Origin',(30.,5.,-70.));
#4844=CARTESIAN_POINT('',(-9.32587340685131E-14,5.,-118.));
#4845=CARTESIAN_POINT('',(14.9999999999999,5.,-118.));
#4846=CARTESIAN_POINT('',(-8.43769498715119E-14,5.,-140.));
#4847=CARTESIAN_POINT('Origin',(26.,13.,-140.));
#4848=CARTESIAN_POINT('',(26.,13.,-140.));
#4849=CARTESIAN_POINT('',(26.,5.,-140.));
#4850=CARTESIAN_POINT('',(26.,6.50000000000001,-140.));
#4851=CARTESIAN_POINT('',(26.,13.,-134.));
#4852=CARTESIAN_POINT('',(26.,13.,-140.));
#4853=CARTESIAN_POINT('',(26.,5.,-134.));
#4854=CARTESIAN_POINT('',(26.,5.,-134.));
#4855=CARTESIAN_POINT('',(26.,5.,-140.));
#4856=CARTESIAN_POINT('Origin',(34.,13.,-140.));
#4857=CARTESIAN_POINT('',(34.,13.,-140.));
#4858=CARTESIAN_POINT('',(47.,13.,-140.));
#4859=CARTESIAN_POINT('',(34.,13.,-134.));
#4860=CARTESIAN_POINT('',(34.,13.,-140.));
#4861=CARTESIAN_POINT('',(26.,13.,-134.));
#4862=CARTESIAN_POINT('Origin',(34.,5.,-140.));
#4863=CARTESIAN_POINT('',(34.,5.,-140.));
#4864=CARTESIAN_POINT('',(34.,2.5,-140.));
#4865=CARTESIAN_POINT('',(34.,5.,-134.));
#4866=CARTESIAN_POINT('',(34.,5.,-140.));
#4867=CARTESIAN_POINT('',(34.,13.,-134.));
#4868=CARTESIAN_POINT('Origin',(26.,5.,-140.));
#4869=CARTESIAN_POINT('',(43.,5.,-140.));
#4870=CARTESIAN_POINT('',(37.5,5.,-134.));
#4871=CARTESIAN_POINT('Origin',(30.,9.,-134.));
#4872=CARTESIAN_POINT('Origin',(37.5,5.,-125.));
#4873=CARTESIAN_POINT('',(37.5,20.,-140.));
#4874=CARTESIAN_POINT('',(37.5,5.,-140.));
#4875=CARTESIAN_POINT('',(37.5,20.,-125.));
#4876=CARTESIAN_POINT('',(37.5,20.,-125.));
#4877=CARTESIAN_POINT('',(37.5,5.,-125.));
#4878=CARTESIAN_POINT('Origin',(22.5,5.,-125.));
#4879=CARTESIAN_POINT('',(22.5,20.,-125.));
#4880=CARTESIAN_POINT('',(22.5,20.,-125.));
#4881=CARTESIAN_POINT('',(22.5,5.,-125.));
#4882=CARTESIAN_POINT('Origin',(22.5,5.,-140.));
#4883=CARTESIAN_POINT('',(22.5,20.,-140.));
#4884=CARTESIAN_POINT('',(22.5,20.,-140.));
#4885=CARTESIAN_POINT('',(22.5,5.,-140.));
#4886=CARTESIAN_POINT('Origin',(30.,20.,-132.5));
#4887=CARTESIAN_POINT('',(37.5,20.,-140.));
#4888=CARTESIAN_POINT('Origin',(-9.32587340685131E-14,5.,-118.));
#4889=CARTESIAN_POINT('',(-9.32587340685131E-14,5.5,-118.));
#4890=CARTESIAN_POINT('',(-9.32587340685131E-14,5.5,-118.));
#4891=CARTESIAN_POINT('',(-7.11177148917029E-14,2.5,-118.));
#4892=CARTESIAN_POINT('Origin',(16.9999999999999,5.,-118.));
#4893=CARTESIAN_POINT('',(16.9999999999999,5.,-140.));
#4894=CARTESIAN_POINT('Origin',(8.49999999999992,5.5,-129.));
#4895=CARTESIAN_POINT('',(-7.38298311375729E-14,5.5,-122.));
#4896=CARTESIAN_POINT('Origin',(60.,5.,-22.));
#4897=CARTESIAN_POINT('',(60.,5.5,-22.));
#4898=CARTESIAN_POINT('',(60.,5.5,-22.));
#4899=CARTESIAN_POINT('',(60.,5.,-22.));
#4900=CARTESIAN_POINT('',(60.,2.5,-22.));
#4901=CARTESIAN_POINT('',(45.,5.,-22.));
#4902=CARTESIAN_POINT('Origin',(43.,5.,-22.));
#4903=CARTESIAN_POINT('Origin',(51.5,5.5,-11.));
#4904=CARTESIAN_POINT('',(60.,5.5,-18.));
#4905=CARTESIAN_POINT('Origin',(-6.93096373944562E-14,0.,-115.));
#4906=CARTESIAN_POINT('',(-7.99360577730113E-14,28.,-131.2360679775));
#4907=CARTESIAN_POINT('',(0.,28.,0.));
#4908=CARTESIAN_POINT('',(-7.99360577730113E-14,28.,-126.7639320225));
#4909=CARTESIAN_POINT('Origin',(-7.105427357601E-14,27.75,-129.));
#4910=CARTESIAN_POINT('',(0.,28.,0.));
#4911=CARTESIAN_POINT('',(-7.105427357601E-14,16.5,-115.5));
#4912=CARTESIAN_POINT('Origin',(-7.105427357601E-14,16.5,-118.));
#4913=CARTESIAN_POINT('',(-7.105427357601E-14,16.5,-124.));
#4914=CARTESIAN_POINT('Origin',(-7.105427357601E-14,16.5,-129.));
#4915=CARTESIAN_POINT('Origin',(30.,5.,-70.));
#4916=CARTESIAN_POINT('',(60.,5.,0.));
#4917=CARTESIAN_POINT('Origin',(60.,0.,-25.));
#4918=CARTESIAN_POINT('',(60.,28.,-8.76393202250021));
#4919=CARTESIAN_POINT('',(59.9999999999999,28.,-140.));
#4920=CARTESIAN_POINT('',(60.,28.,-13.2360679774998));
#4921=CARTESIAN_POINT('Origin',(60.,27.75,-11.));
#4922=CARTESIAN_POINT('',(59.9999999999999,28.,-140.));
#4923=CARTESIAN_POINT('',(60.,16.5,-19.5));
#4924=CARTESIAN_POINT('Origin',(60.,16.5,-22.));
#4925=CARTESIAN_POINT('',(60.,16.5,-6.));
#4926=CARTESIAN_POINT('Origin',(60.,16.5,-11.));
#4927=CARTESIAN_POINT('Origin',(64.5,27.75,-129.));
#4928=CARTESIAN_POINT('',(-4.50000000000007,28.,-131.2360679775));
#4929=CARTESIAN_POINT('',(64.5,28.,-131.2360679775));
#4930=CARTESIAN_POINT('',(-4.50000000000007,28.,-126.7639320225));
#4931=CARTESIAN_POINT('Origin',(-4.50000000000007,27.75,-129.));
#4932=CARTESIAN_POINT('',(64.5,28.,-126.7639320225));
#4933=CARTESIAN_POINT('Origin',(64.5,27.75,-129.));
#4934=CARTESIAN_POINT('',(59.9999999999999,28.,-131.2360679775));
#4935=CARTESIAN_POINT('',(64.4999999999999,28.,-131.2360679775));
#4936=CARTESIAN_POINT('',(64.5,28.,-131.2360679775));
#4937=CARTESIAN_POINT('',(59.9999999999999,28.,-126.7639320225));
#4938=CARTESIAN_POINT('Origin',(59.9999999999999,27.75,-129.));
#4939=CARTESIAN_POINT('',(64.4999999999999,28.,-126.7639320225));
#4940=CARTESIAN_POINT('',(64.5,28.,-126.7639320225));
#4941=CARTESIAN_POINT('Origin',(64.4999999999999,27.75,-129.));
#4942=CARTESIAN_POINT('Origin',(64.5,16.5,-22.));
#4943=CARTESIAN_POINT('',(64.5,16.5,-19.5));
#4944=CARTESIAN_POINT('Origin',(64.5,16.5,-22.));
#4945=CARTESIAN_POINT('',(64.5,16.5,-19.5));
#4946=CARTESIAN_POINT('Origin',(64.5,16.5,-22.));
#4947=CARTESIAN_POINT('',(0.,16.5,-19.5));
#4948=CARTESIAN_POINT('Origin',(0.,16.5,-22.));
#4949=CARTESIAN_POINT('',(-4.50000000000007,16.5,-19.5));
#4950=CARTESIAN_POINT('',(64.5,16.5,-19.5));
#4951=CARTESIAN_POINT('Origin',(-4.5,16.5,-22.));
#4952=CARTESIAN_POINT('Origin',(64.5,16.5,-118.));
#4953=CARTESIAN_POINT('',(64.4999999999999,16.5,-115.5));
#4954=CARTESIAN_POINT('Origin',(64.4999999999999,16.5,-118.));
#4955=CARTESIAN_POINT('',(59.9999999999999,16.5,-115.5));
#4956=CARTESIAN_POINT('',(64.5,16.5,-115.5));
#4957=CARTESIAN_POINT('Origin',(59.9999999999999,16.5,-118.));
#4958=CARTESIAN_POINT('Origin',(64.5,16.5,-118.));
#4959=CARTESIAN_POINT('',(-4.50000000000007,16.5,-115.5));
#4960=CARTESIAN_POINT('',(64.5,16.5,-115.5));
#4961=CARTESIAN_POINT('Origin',(-4.50000000000007,16.5,-118.));
#4962=CARTESIAN_POINT('Origin',(64.5,16.5,-11.));
#4963=CARTESIAN_POINT('',(64.5,16.5,-6.));
#4964=CARTESIAN_POINT('Origin',(64.5,16.5,-11.));
#4965=CARTESIAN_POINT('',(64.5,16.5,-6.));
#4966=CARTESIAN_POINT('Origin',(64.5,16.5,-11.));
#4967=CARTESIAN_POINT('',(0.,16.5,-6.));
#4968=CARTESIAN_POINT('Origin',(0.,16.5,-11.));
#4969=CARTESIAN_POINT('',(-4.50000000000007,16.5,-6.));
#4970=CARTESIAN_POINT('',(64.5,16.5,-6.));
#4971=CARTESIAN_POINT('Origin',(-4.5,16.5,-11.));
#4972=CARTESIAN_POINT('Origin',(64.5,27.75,-11.));
#4973=CARTESIAN_POINT('',(64.5,28.,-8.76393202250021));
#4974=CARTESIAN_POINT('',(64.5,28.,-8.76393202250021));
#4975=CARTESIAN_POINT('',(64.5,28.,-13.2360679774998));
#4976=CARTESIAN_POINT('Origin',(64.5,27.75,-11.));
#4977=CARTESIAN_POINT('',(64.5,28.,-13.2360679774998));
#4978=CARTESIAN_POINT('Origin',(64.5,27.75,-11.));
#4979=CARTESIAN_POINT('',(-8.88178419700125E-15,28.,-8.76393202250021));
#4980=CARTESIAN_POINT('',(-4.5,28.,-8.76393202250021));
#4981=CARTESIAN_POINT('',(64.5,28.,-8.76393202250021));
#4982=CARTESIAN_POINT('',(-8.88178419700125E-15,28.,-13.2360679774998));
#4983=CARTESIAN_POINT('Origin',(0.,27.75,-11.));
#4984=CARTESIAN_POINT('',(-4.5,28.,-13.2360679774998));
#4985=CARTESIAN_POINT('',(64.5,28.,-13.2360679774998));
#4986=CARTESIAN_POINT('Origin',(-4.5,27.75,-11.));
#4987=CARTESIAN_POINT('Origin',(64.5,16.5,-129.));
#4988=CARTESIAN_POINT('',(64.4999999999999,16.5,-124.));
#4989=CARTESIAN_POINT('Origin',(64.4999999999999,16.5,-129.));
#4990=CARTESIAN_POINT('',(59.9999999999999,16.5,-124.));
#4991=CARTESIAN_POINT('',(64.5,16.5,-124.));
#4992=CARTESIAN_POINT('Origin',(59.9999999999999,16.5,-129.));
#4993=CARTESIAN_POINT('Origin',(64.5,16.5,-129.));
#4994=CARTESIAN_POINT('',(-4.50000000000007,16.5,-124.));
#4995=CARTESIAN_POINT('',(64.5,16.5,-124.));
#4996=CARTESIAN_POINT('Origin',(-4.50000000000007,16.5,-129.));
#4997=CARTESIAN_POINT('Origin',(-2.25000000000008,28.,-129.));
#4998=CARTESIAN_POINT('',(-4.50000000000007,28.,-118.));
#4999=CARTESIAN_POINT('Origin',(62.2499999999999,28.,-129.));
#5000=CARTESIAN_POINT('',(59.9999999999999,28.,-115.));
#5001=CARTESIAN_POINT('',(59.9999999999999,28.,-140.));
#5002=CARTESIAN_POINT('',(64.4999999999999,28.,-115.));
#5003=CARTESIAN_POINT('',(59.9999999999999,28.,-115.));
#5004=CARTESIAN_POINT('',(64.4999999999999,28.,-118.));
#5005=CARTESIAN_POINT('Origin',(-2.25,28.,-11.));
#5006=CARTESIAN_POINT('',(-1.49880108324396E-14,28.,-25.));
#5007=CARTESIAN_POINT('',(0.,28.,0.));
#5008=CARTESIAN_POINT('',(-4.5,28.,-25.));
#5009=CARTESIAN_POINT('',(-1.50673124770557E-14,28.,-25.));
#5010=CARTESIAN_POINT('',(-4.5,28.,-22.));
#5011=CARTESIAN_POINT('Origin',(62.25,28.,-11.));
#5012=CARTESIAN_POINT('',(64.5,28.,-22.));
#5013=CARTESIAN_POINT('Origin',(-4.5,0.,-25.));
#5014=CARTESIAN_POINT('',(-4.5,0.,-25.));
#5015=CARTESIAN_POINT('',(-4.5,28.,-22.));
#5016=CARTESIAN_POINT('Origin',(64.4999999999999,0.,-115.));
#5017=CARTESIAN_POINT('',(64.4999999999999,0.,-115.));
#5018=CARTESIAN_POINT('',(64.4999999999999,28.,-118.));
#5019=CARTESIAN_POINT('Origin',(-4.50000000000007,0.,-140.));
#5020=CARTESIAN_POINT('',(-4.50000000000007,28.,-118.));
#5021=CARTESIAN_POINT('',(-4.50000000000009,0.,-142.6));
#5022=CARTESIAN_POINT('Origin',(-2.25000000000008,28.,-129.));
#5023=CARTESIAN_POINT('Origin',(-1.50673124770557E-14,0.,-25.));
#5024=CARTESIAN_POINT('',(-1.50673124770557E-14,0.,-25.));
#5025=CARTESIAN_POINT('Origin',(0.,0.,0.));
#5026=CARTESIAN_POINT('',(0.,28.,0.));
#5027=CARTESIAN_POINT('Origin',(-2.25,28.,-11.));
#5028=CARTESIAN_POINT('Origin',(59.9999999999999,0.,-115.));
#5029=CARTESIAN_POINT('',(59.9999999999999,0.,-115.));
#5030=CARTESIAN_POINT('Origin',(59.9999999999999,0.,-140.));
#5031=CARTESIAN_POINT('',(59.9999999999999,28.,-140.));
#5032=CARTESIAN_POINT('Origin',(62.2499999999999,28.,-129.));
#5033=CARTESIAN_POINT('Origin',(64.5,0.,0.));
#5034=CARTESIAN_POINT('',(64.5,28.,-22.));
#5035=CARTESIAN_POINT('',(64.5,0.,2.59999999999999));
#5036=CARTESIAN_POINT('Origin',(62.25,28.,-11.));
#5037=CARTESIAN_POINT('Origin',(43.4999999999999,0.,2.59999999999999));
#5038=CARTESIAN_POINT('',(43.4999999999999,0.,2.59999999999999));
#5039=CARTESIAN_POINT('Origin',(43.4999999999999,0.,0.));
#5040=CARTESIAN_POINT('Origin',(16.5,0.,-142.6));
#5041=CARTESIAN_POINT('',(16.5,0.,-142.6));
#5042=CARTESIAN_POINT('Origin',(16.5,0.,-140.));
#5043=CARTESIAN_POINT('',(16.5,0.,-140.));
#5044=CARTESIAN_POINT('Origin',(59.9999999999999,0.,-140.));
#5045=UNCERTAINTY_MEASURE_WITH_UNIT(LENGTH_MEASURE(0.01),#5049,
'DISTANCE_ACCURACY_VALUE',
'Maximum model space distance between geometric entities at asserted c
onnectivities');
#5046=UNCERTAINTY_MEASURE_WITH_UNIT(LENGTH_MEASURE(0.01),#5049,
'DISTANCE_ACCURACY_VALUE',
'Maximum model space distance between geometric entities at asserted c
onnectivities');
#5047=(
GEOMETRIC_REPRESENTATION_CONTEXT(3)
GLOBAL_UNCERTAINTY_ASSIGNED_CONTEXT((#5045))
GLOBAL_UNIT_ASSIGNED_CONTEXT((#5049,#5051,#5052))
REPRESENTATION_CONTEXT('','3D')
);
#5048=(
GEOMETRIC_REPRESENTATION_CONTEXT(3)
GLOBAL_UNCERTAINTY_ASSIGNED_CONTEXT((#5046))
GLOBAL_UNIT_ASSIGNED_CONTEXT((#5049,#5051,#5052))
REPRESENTATION_CONTEXT('','3D')
);
#5049=(
LENGTH_UNIT()
NAMED_UNIT(*)
SI_UNIT(.MILLI.,.METRE.)
);
#5050=(
LENGTH_UNIT()
NAMED_UNIT(*)
SI_UNIT(.CENTI.,.METRE.)
);
#5051=(
NAMED_UNIT(*)
PLANE_ANGLE_UNIT()
SI_UNIT($,.RADIAN.)
);
#5052=(
NAMED_UNIT(*)
SI_UNIT($,.STERADIAN.)
SOLID_ANGLE_UNIT()
);
#5053=SHAPE_DEFINITION_REPRESENTATION(#5054,#5055);
#5054=PRODUCT_DEFINITION_SHAPE('',$,#5057);
#5055=SHAPE_REPRESENTATION('',(#3099),#5047);
#5056=PRODUCT_DEFINITION_CONTEXT('part definition',#5061,'design');
#5057=PRODUCT_DEFINITION('MainBody','MainBody',#5058,#5056);
#5058=PRODUCT_DEFINITION_FORMATION('',$,#5063);
#5059=PRODUCT_RELATED_PRODUCT_CATEGORY('MainBody','MainBody',(#5063));
#5060=APPLICATION_PROTOCOL_DEFINITION('international standard',
'automotive_design',2009,#5061);
#5061=APPLICATION_CONTEXT(
'Core Data for Automotive Mechanical Design Process');
#5062=PRODUCT_CONTEXT('part definition',#5061,'mechanical');
#5063=PRODUCT('MainBody','MainBody',$,(#5062));
#5064=PRESENTATION_STYLE_ASSIGNMENT((#5065));
#5065=SURFACE_STYLE_USAGE(.BOTH.,#5068);
#5066=SURFACE_STYLE_RENDERING_WITH_PROPERTIES($,#5072,(#5067));
#5067=SURFACE_STYLE_TRANSPARENT(0.);
#5068=SURFACE_SIDE_STYLE('',(#5069,#5066));
#5069=SURFACE_STYLE_FILL_AREA(#5070);
#5070=FILL_AREA_STYLE('',(#5071));
#5071=FILL_AREA_STYLE_COLOUR('',#5072);
#5072=COLOUR_RGB('',0.749019607843137,0.749019607843137,0.749019607843137);
ENDSEC;
END-ISO-10303-21;
